#,book_id,language,title,title_short,category,main_category,sub_category,subject,monthly_days,annual_dates,weekly_days,dailyAlways,seasonal_table,seasonal_bcm,all_dates_summary,verified_status,notes,needs_manual_check
1,AM-BEE-001,AM,በእንተ ቅድሳት በአማርኛ,በእንተ ቅድሳት በአማርኛ,TSE,MC-09,SC-09-04,TSADQAN,,,,YES,,,DailyAlways,,Divine Liturgy Intercessions,NOT_IN_135 - verify
2,AM-DIR-001,AM,የሰባቱ ሊቃነ መላእክት ድርሳን በአማርኛ,የሰባቱ ሊቃነ መላእክት ድርሳን በአማርኛ,TSE,MC-04,SC-04-01,MALAKT,,3/13,,,,,Annual:3/13,,Hidar 13 Gathering of Archangels,NOT_IN_135 - verify
3,AM-DRS-001,AM,የቅዱስ ኢያቄምና- የቅድስት ሐና ድርሳን በአማርኛ,የቅዱስ ኢያቄምና- የቅድስት ሐና ድርሳን በአማርኛ,DRS,MC-04,SC-04-03,TSADQAN,,"1/7,12/7",,,,,"Annual:1/7,12/7",verified,የቅዱስ ኢያቄምና የቅድስት ሐና ድርሳን በአማርኛ - ነሐሴ 7 & መስከረም 7; የቅዱስ ኢያቄምና የቅድስት ሐና ድርሳን በአማርኛ - ነሐሴ 7 & መስከረም 7,VERIFIED_135 - A
4,AM-DRS-002,AM,ድርሳነ ሰንበት በአማርኛ,ድርሳነ ሰንበት በአማርኛ,DRS,MC-04,SC-04-02,TESATU,,,"6,7",,,,"Weekly:6,7",,Qadamit Senbet (Saturday); Senbete Kirstiyan (Sunday),NOT_IN_135 - verify
5,AM-DRS-003,AM,ድርሳነ ገብርኤል በአማርኛ,ድርሳነ ገብርኤል በአማርኛ,DRS,MC-04,SC-04-01,MALAKT,19,"11/19,4/19",,,,,"Monthly:19 | Annual:11/19,4/19",,Monthly Archangel Gabriel; Tahsas 19 Deliverance of Three Children; Hamle 19 Deliverance of Qirqos,NOT_IN_135 - verify
6,AM-DRS-004,AM,ድርሳነ መድኃኔ ዓለም በአማርኛ,ድርሳነ መድኃኔ ዓለም በአማርኛ,DRS,MC-04,SC-04-02,AMLAK,27,"3/27,7/27",,,,,"Monthly:27 | Annual:3/27,7/27",,Monthly Medhane Alem; Hidar 27; Megabit 27 Tsinte Siqlet,NOT_IN_135 - verify
7,AM-DRS-005,AM,ድርሳነ ኤልያስ ነቢይ በአማርኛ,ድርሳነ ኤልያስ ነቢይ በአማርኛ,DRS,MC-04,SC-04-03,NEBIYAT,,"4/1,5/6",,,,,"Annual:4/1,5/6",verified,ድርሳነ ኤልያስ ነቢይ በአማርኛ - ታኅሣሥ 1 & ጥር 6; ድርሳነ ኤልያስ ነቢይ በአማርኛ - ታኅሣሥ 1 & ጥር 6,VERIFIED_135 - B
8,AM-DRS-006,AM,ድርሳነ ዑራኤል በአማርኛ,ድርሳነ ዑራኤል በአማርኛ,DRS,MC-04,SC-04-01,MALAKT,22,"11/22,5/22",,,,,"Monthly:22 | Annual:11/22,5/22",,Monthly Archangel Uriel; Ter 22 Great Uriel Feast; Hamle 22 Uriel Feast,NOT_IN_135 - verify
9,AM-DRS-007,AM,ድርሳነ ማኅየዊ በአማርኛ,ድርሳነ ማኅየዊ በአማርኛ,DRS,MC-04,SC-04-02,AMLAK,,,,,,,LIBRARY_ONLY,verified,,VERIFIED_135 - A
10,AM-DRS-008,AM,ድርሳነ መስቀል በአማርኛ,ድርሳነ መስቀል በአማርኛ,DRS,MC-04,SC-04-02,AMLAK,,"1/17,7/10",,,,,"Annual:1/17,7/10",verified,ድርሳነ መስቀል በአማርኛ - መስከረም 17 & መጋቢት 10; ድርሳነ መስቀል በአማርኛ - መስከረም 17 & መጋቢት 10,VERIFIED_135 - A
11,AM-DRS-009,AM,ድርሳነ ሚካኤል በአማርኛ,ድርሳነ ሚካኤል በአማርኛ,DRS,MC-04,SC-04-01,MALAKT,12,"10/12,3/12",,,,,"Monthly:12 | Annual:10/12,3/12",,Monthly Archangel Michael; Hidar 12 Coronation of Michael; Sene 12 Deliverance of Afomiya,NOT_IN_135 - verify
12,AM-DRS-010,AM,ድርሳነ ቅዱስ ራጉኤል በአማርኛ,ድርሳነ ቅዱስ ራጉኤል በአማርኛ,DRS,MC-04,SC-04-01,MALAKT,1,"1/1,13/6",,,,,"Monthly:1 | Annual:1/1,13/6",,Monthly Archangel Raguel; Meskerem 1 Enkutatash Raguel; Pagumen 6,NOT_IN_135 - verify
13,AM-ENZ-001,AM,እንዚራ ስብሐት በአማርኛ,እንዚራ ስብሐት በአማርኛ,ENZ,MC-03,SC-03-04,AMLAK,21,,"1,2,3,4,5,6,7",YES,,,"Monthly:21 | Weekly:1,2,3,4,5,6,7 | DailyAlways",verified,Monthly Day 21 - Daily / Monthly Day 21; DailyAlways - Daily / Monthly Day 21; Daily - Daily / Monthly Day 21,VERIFIED_135 - A
14,AM-ETA-001,AM,በሰማይ ወበምድር በአማርኛ,በሰማይ ወበምድር በአማርኛ,TSE,MC-09,SC-09-04,MARIAM,21,,"1,2,3,4,5,6,7",YES,,,"Monthly:21 | Weekly:1,2,3,4,5,6,7 | DailyAlways",verified,Monthly Day 21 - Daily / Monthly Day 21; DailyAlways - Daily / Monthly Day 21; Daily - Daily / Monthly Day 21,VERIFIED_135 - C
15,AM-GDL-001,AM,ገድለ ቅዱስ አባ ጊዮርጊስ ዘጋሥጫ በአማርኛ,ገድለ ቅዱስ አባ ጊዮርጊስ ዘጋሥጫ በአማርኛ,GDL,MC-05,SC-05-03,TSADQAN,23,11/7,,,,,Monthly:23 | Annual:11/7,,Monthly Day 23; Hamle 7 Rest of Abba Giyorgis of Gascha,NOT_IN_135 - verify
16,AM-GDL-002,AM,ገድለ ማርያም እንተ ዕፍረት በአማርኛ,ገድለ ማርያም እንተ ዕፍረት በአማርኛ,GDL,MC-05,SC-05-05,MARIAM,,,,,,,LIBRARY_ONLY,,General Devotional,CHECK - No date mapping
17,AM-GDL-003,AM,ገድለ ማርያም መግደላዊት በአማርኛ,ገድለ ማርያም መግደላዊት በአማርኛ,GDL,MC-05,SC-05-05,MARIAM,,,,,,,LIBRARY_ONLY,,General Devotional,CHECK - No date mapping
18,AM-GDL-004,AM,ገድለ ተክለ ሃይማኖት በአማርኛ,ገድለ ተክለ ሃይማኖት በአማርኛ,GDL,MC-05,SC-05-03,TSADQAN,24,"12/24,4/24,9/12",,,,,"Monthly:24 | Annual:12/24,4/24,9/12",,Monthly Tekle Haymanot; Tahsas 24 Nativity of Tekle Haymanot; Ginbot 12 Translation of Relics,NOT_IN_135 - verify
19,AM-GDL-005,AM,ገድለ ቅድስት ክርስቶስ ሠምራ በአማርኛ,ገድለ ቅድስት ክርስቶስ ሠምራ በአማርኛ,GDL,MC-05,SC-05-05,TSADQAN,24,"12/24,9/12",,,,,"Monthly:24 | Annual:12/24,9/12",,Monthly Kirstos Semra; Ginbot 12 Covenant of Kirstos Semra; Nehasse 24 Rest of Kirstos Semra,NOT_IN_135 - verify
20,AM-GDL-006,AM,የአባ በግዑ ገድል በአማርኛ,የአባ በግዑ ገድል በአማርኛ,GDL,MC-05,SC-05-04,TSADQAN,,4/27,,,,,Annual:4/27,verified,የአባ በግዑ ገድል በአማርኛ - ታኅሣሥ 27,VERIFIED_135 - B
21,AM-GDL-007,AM,ገድለ አቡነ ገብረ መንፈስ ቅዱስ በአማርኛ,ገድለ አቡነ ገብረ መንፈስ ቅዱስ በአማርኛ,GDL,MC-05,SC-05-03,TSADQAN,5,"2/5,7/5",,,,,"Monthly:5 | Annual:2/5,7/5",,Monthly Gebre Menfes Kidus; Tikimt 5 Translation of Relics; Megabit 5 Rest of Gebre Menfes Kidus,NOT_IN_135 - verify
22,AM-GDL-008,AM,ገድለ ሰማዕት ቅድስት አርሴማ በአማርኛ,ገድለ ሰማዕት ቅድስት አርሴማ በአማርኛ,GDL,MC-05,SC-05-02,SAMAET,6,"1/15,2/29",,,,,"Monthly:6 | Annual:1/15,2/29",,Monthly St. Arsema; Meskerem 15 Feast of St. Arsema; Tikimt 29 Martyrdom of Arsema,NOT_IN_135 - verify
23,AM-GDL-009,AM,ገድለ ቅዱስ እስጢፋኖስ አማርኛ,ገድለ ቅዱስ እስጢፋኖስ አማርኛ,GDL,MC-05,SC-05-02,SAMAET,17,"2/17,5/1",,,,,"Monthly:17 | Annual:2/17,5/1",,Monthly St. Stephen; Tikimt 17 Finding of Relics; Ter 1 Martyrdom of Stephen,NOT_IN_135 - verify
24,AM-GDL-010,AM,ገድለ ሰማዕታት በአማርኛ,ገድለ ሰማዕታት በአማርኛ,GDL,MC-05,SC-05-02,SAMAET,,6/12,,,,,Annual:6/12,,Yekatit 12 Commemoration of All Martyrs,NOT_IN_135 - verify
25,AM-GDL-011,AM,ገድለ አቡነ በጸሎተ ሚካኤል በአማርኛ,ገድለ አቡነ በጸሎተ ሚካኤል በአማርኛ,GDL,MC-05,SC-05-04,MALAKT,12,10/12,,,,,Monthly:12 | Annual:10/12,,Monthly Day 12; Sene 12 Rest of Betselote Mikael,NOT_IN_135 - verify
26,AM-GDL-012,AM,ገድለ አቡነ ዘርዐ ቡሩከ በአማርኛ,ገድለ አቡነ ዘርዐ ቡሩከ በአማርኛ,GDL,MC-05,SC-05-04,TSADQAN,13,"1/13,2/13,5/13",,,,,"Monthly:13 | Annual:1/13,2/13,5/13",,Monthly Zera Buruk; Meskerem 13; Tikimt 13,NOT_IN_135 - verify
27,AM-GDL-013,AM,የቅዱስ ዮሐንስ ገድል በአማርኛ,የቅዱስ ዮሐንስ ገድል በአማርኛ,GDL,MC-05,SC-05-04,TSADQAN,4,"5/4,9/4",,,,,"Monthly:4 | Annual:5/4,9/4",,Monthly John the Apostle; Ter 4 Passing of John Evangelist; Ginbot 4 St. John,NOT_IN_135 - verify
28,AM-GDL-014,AM,የአቡነ እስትንፋሰ ክርስቶስ ገድል በአማርኛ,የአቡነ እስትንፋሰ ክርስቶስ ገድል በአማርኛ,GDL,MC-05,SC-05-04,TSADQAN,9,"5/9,7/2",,,,,"Monthly:9 | Annual:5/9,7/2",,Monthly Day 9; Ter 9 Rest of Estinfase Kirstos; Megabit 2 Birth of Estinfase Kirstos,NOT_IN_135 - verify
29,AM-GDL-015,AM,ገድለ ሰማዕት ቅዱስ መርቆሬዎስ በአማርኛ,ገድለ ሰማዕት ቅዱስ መርቆሬዎስ በአማርኛ,GDL,MC-05,SC-05-02,SAMAET,25,3/25,,,,,Monthly:25 | Annual:3/25,,Monthly St. Mercurius; Hidar 25 Martyrdom of Mercurius,NOT_IN_135 - verify
30,AM-GDL-016,AM,ገድለ አቡነ አረጋዊ በአማርኛ,ገድለ አቡነ አረጋዊ በአማርኛ,GDL,MC-05,SC-05-03,TSADQAN,14,2/14,,,,,Monthly:14 | Annual:2/14,,Monthly Abune Aregawi; Tikimt 14 Disappearance of Aregawi,NOT_IN_135 - verify
31,AM-GDL-017,AM,ገድለ አቡነ ገሪማ በአማርኛ,ገድለ አቡነ ገሪማ በአማርኛ,GDL,MC-05,SC-05-03,TSADQAN,17,"10/17,2/17",,,,,"Monthly:17 | Annual:10/17,2/17",,Monthly Day 17; Tikimt 17 Rest of Abba Gerima; Sene 17,NOT_IN_135 - verify
32,AM-GDL-018,AM,ገድለ ቅዱስ ጊዮርጊስ ሰማዕት በአማርኛ,ገድለ ቅዱስ ጊዮርጊስ ሰማዕት በአማርኛ,GDL,MC-05,SC-05-02,SAMAET,23,"3/23,6/23,8/23",,,,,"Monthly:23 | Annual:3/23,6/23,8/23",,Monthly St. George; Hidar 23 Consecration of Church; Yekatit 23 Adwa Victory,NOT_IN_135 - verify
33,AM-GDL-019,AM,ገድለ አዳም በአማርኛ,ገድለ አዳም በአማርኛ,GDL,MC-05,SC-05-01,TSADQAN,,8/6,,,,,Annual:8/6,,Miyazya 6 Rest of Adam and Eve,NOT_IN_135 - verify
34,AM-GDL-020,AM,ገድለ እምነ ወለተ ጴጥሮስ በአማርኛ,ገድለ እምነ ወለተ ጴጥሮስ በአማርኛ,GDL,MC-05,SC-05-05,TSADQAN,17,2/17,,,,,Monthly:17 | Annual:2/17,,Monthly Day 17; Tikimt 17 Rest of Welete Petros,NOT_IN_135 - verify
35,AM-GDL-021,AM,ገድለ አቡነ ኪሮስ በአማርኛ,ገድለ አቡነ ኪሮስ በአማርኛ,GDL,MC-05,SC-05-04,TSADQAN,8,11/8,,,,,Monthly:8 | Annual:11/8,,Monthly Abba Kiros; Hamle 8 Rest of Abba Kiros,NOT_IN_135 - verify
36,AM-GDL-022,AM,የመባዓ ጽዮን ገድል በአማርኛ,የመባዓ ጽዮን ገድል በአማርኛ,GDL,MC-05,SC-05-04,TSADQAN,,2/27,,,,,Annual:2/27,verified,የመባዓ ጽዮን ገድል በአማርኛ - ጥቅምት 27,VERIFIED_135 - C
37,AM-GDL-023,AM,የቅዱስ ቂርቆስና የቅድስት ኢየሉጣ ገድል በአማርኛ,የቅዱስ ቂርቆስና የቅድስት ኢየሉጣ ገድል በአማርኛ,GDL,MC-05,SC-05-02,TSADQAN,15,"11/19,5/15",,,,,"Monthly:15 | Annual:11/19,5/15",,Monthly St. Cyricus; Ter 15; Hamle 19 Martyrdom of Qirqos and Iyeluta,NOT_IN_135 - verify
38,AM-GDL-024,AM,ገድለ ቅዱስ አቡነ አቢብ በአማርኛ,ገድለ ቅዱስ አቡነ አቢብ በአማርኛ,GDL,MC-05,SC-05-04,TSADQAN,,"2/25,8/15",,,,,"Annual:2/25,8/15",verified,ገድለ ቅዱስ አቡነ አቢብ በአማርኛ - ጥቅምት 25 & ሚያዝያ 15; ገድለ ቅዱስ አቡነ አቢብ በአማርኛ - ጥቅምት 25 & ሚያዝያ 15,VERIFIED_135 - B
39,AM-GDL-025,AM,ገድለ ቅዱስ ዞሲማስ በአማርኛ,ገድለ ቅዱስ ዞሲማስ በአማርኛ,GDL,MC-05,SC-05-04,TSADQAN,,8/9,,,,,Annual:8/9,,ቅዱስ ዞሲማስ ገዳማዊ (ብሔረ ብጹዐንን ያየ እና ዜናቸውን የጻፈ አባት) (100% pure Sinksar 8-9),NOT_IN_135 - verify
40,AM-GDL-026,AM,ገድለ አቡነ ኢየሱስ ሞዐ በአማርኛ,ገድለ አቡነ ኢየሱስ ሞዐ በአማርኛ,GDL,MC-05,SC-05-04,AMLAK,,3/26,,,,,Annual:3/26,verified,ገድለ አቡነ ኢየሱስ ሞዐ በአማርኛ - ኅዳር 26,VERIFIED_135 - B
41,AM-GDL-027,AM,ገድለ አቡነ እጨጌ ዮሐንስ ዘጸገሮ በአማርኛ,ገድለ አቡነ እጨጌ ዮሐንስ ዘጸገሮ በአማርኛ,GDL,MC-05,SC-05-04,TSADQAN,,11/29,,,,,Annual:11/29,,እጨጌ አባ ዮሐንስ (ዘጐንድ) (100% pure Sinksar 11-29),NOT_IN_135 - verify
42,AM-GDL-028,AM,ገድለ አቡነ አሮን መንክራዊ በአማርኛ,ገድለ አቡነ አሮን መንክራዊ በአማርኛ,GDL,MC-05,SC-05-04,TSADQAN,21,9/19,,,,,Monthly:21 | Annual:9/19,,Monthly Day 21; Ginbot 19 Rest of Aron Menkirawi,NOT_IN_135 - verify
43,AM-GDL-029,AM,ገድለ ቅዱስ ፊቅጦር በአማርኛ,ገድለ ቅዱስ ፊቅጦር በአማርኛ,GDL,MC-05,SC-05-02,TSADQAN,,"4/5,8/27",,,,,"Annual:4/5,8/27",verified,ገድለ ቅዱስ ፊቅጦር በአማርኛ - ሚያዝያ 27 & ታኅሣሥ 5; ገድለ ቅዱስ ፊቅጦር በአማርኛ - ሚያዝያ 27 & ታኅሣሥ 5,VERIFIED_135 - B
44,AM-GDL-030,AM,ገድለ ሰማዕት ቅዱስ ቴዎድሮስ በአማርኛ,ገድለ ሰማዕት ቅዱስ ቴዎድሮስ በአማርኛ,GDL,MC-05,SC-05-02,SAMAET,,"12/14,3/20",,,,,"Annual:12/14,3/20",,Hidar 20 Martyrdom of Theodore Banadlewos; Nehasse 14 Theodore the General,NOT_IN_135 - verify
45,AM-GOL-001,AM,የሰኔ ጎልጎታ በአማርኛ,የሰኔ ጎልጎታ በአማርኛ,TSE,MC-08,SC-08-02,MARIAM,21,10/21,,,,,Monthly:21 | Annual:10/21,verified,Monthly Day 21 - ሰኔ 21 / Monthly Day 21; የሰኔ ጎልጎታ በአማርኛ - ሰኔ 21 / Monthly Day 21,VERIFIED_135 - C
46,AM-KID-001,AM,መዓዛ ቅዳሴ በአማርኛ,መዓዛ ቅዳሴ በአማርኛ,TSE,MC-09,SC-09-04,AMLAK,,,,,,,LIBRARY_ONLY,,Liturgy Preparation and Meditation,CHECK - No date mapping
47,AM-KOH-001,AM,ኆኅተ ብርሃን በአማርኛ,ኆኅተ ብርሃን በአማርኛ,KOH,MC-03,SC-03-04,AMLAK,21,,"1,2,3,4,5,6,7",YES,,,"Monthly:21 | Weekly:1,2,3,4,5,6,7 | DailyAlways",verified,Monthly Day 21 - Daily / Monthly Day 21; DailyAlways - Daily / Monthly Day 21; Daily - Daily / Monthly Day 21,VERIFIED_135 - A
48,AM-LAH-001,AM,ላሐ ማርያም በአማርኛ,ላሐ ማርያም በአማርኛ,LAH,MC-08,SC-08-02,MARIAM,21,"12/16,3/21,5/21,9/1",,,,,"Monthly:21 | Annual:12/16,3/21,5/21,9/1",,Day 21 Monthly Mary (Tsiyon); Hidar 21 Mary of Tsiyon; Ter 21 Astereyo Maryam,NOT_IN_135 - verify
49,AM-LIT-001,AM,የሰባቱ ዕለታት የነግህ ሊጦን በአማርኛ,የሰባቱ ዕለታት የነግህ ሊጦን በአማርኛ,TSE,MC-01,SC-01-02,AMLAK,,,,YES,,,DailyAlways,,Daily Liton Supplications; Daily Liton Supplications; Daily Liton Supplications,NOT_IN_135 - verify
50,AM-MEL-001,AM,መልክአ ኖላዊ በአማርኛ,መልክአ ኖላዊ በአማርኛ,MEL,MC-06,SC-06-01,AMLAK,21,,"1,2,3,4,5,6,7",YES,,,"Monthly:21 | Weekly:1,2,3,4,5,6,7 | DailyAlways",verified,Monthly Day 21 - Daily / Monthly Day 21; DailyAlways - Daily / Monthly Day 21; Daily - Daily / Monthly Day 21,VERIFIED_135 - C
51,AM-MEL-002,AM,መልክአ ኢየሱስ በአማርኛ,መልክአ ኢየሱስ በአማርኛ,MEL,MC-06,SC-06-01,AMLAK,29,"4/29,7/29",,,,,"Monthly:29 | Annual:4/29,7/29",,Monthly Baale Wold; Tahsas 29 Lidet (Nativity); Megabit 29 Bisrate Gabriel,NOT_IN_135 - verify
52,AM-MEL-003,AM,መልክዐ ለአቡነ አቢብ ጻድቅ በአማርኛ,መልክዐ ለአቡነ አቢብ ጻድቅ በአማርኛ,MEL,MC-06,SC-06-03,TSADQAN,,"2/25,8/15",,,,,"Annual:2/25,8/15",verified,መልክዐ ለአቡነ አቢብ ጻድቅ በአማርኛ - ጥቅምት 25 & ሚያዝያ 15; መልክዐ ለአቡነ አቢብ ጻድቅ በአማርኛ - ጥቅምት 25 & ሚያዝያ 15,VERIFIED_135 - B
53,AM-MEL-004,AM,መልክዐ ሕማማተ መስቀል በአማርኛ,መልክዐ ሕማማተ መስቀል በአማርኛ,MEL,MC-06,SC-06-01,AMLAK,,,,,SEMUNE_HIMAMAT,,Seasonal:SEMUNE_HIMAMAT,verified,,VERIFIED_135 - A
54,AM-MEL-005,AM,መልክዐ መቃርዮስ በአማርኛ,መልክዐ መቃርዮስ አማርኛ,MEL,MC-06,SC-06-03,TSADQAN,4,"2/19,7/27",,,,,"Monthly:4 | Annual:2/19,7/27",,Monthly Day 4; Tikimt 19; Megabit 27 Rest of Macarius,NOT_IN_135 - verify
55,AM-MEL-006,AM,መልክዐ ሚካኤል በአማርኛ,መልክዐ ሚካኤል በአማርኛ,MEL,MC-06,SC-06-01,MALAKT,12,"10/12,3/12",,,,,"Monthly:12 | Annual:10/12,3/12",,Monthly Archangel Michael; Hidar 12 Coronation of Michael; Sene 12 Deliverance of Afomiya,NOT_IN_135 - verify
56,AM-MEL-007,AM,መልክዐ ማሕየዊ በአማርኛ,መልክዐ ማሕየዊ በአማርኛ,MEL,MC-06,SC-06-01,AMLAK,,,"3,5",,WED_FRI_HIMAMAT,,"Weekly:3,5 | Seasonal:WED_FRI_HIMAMAT",verified,Weekly 3 - ረቡዕ አርብ ሕማማት ሳምንት; Weekly 5 - ረቡዕ አርብ ሕማማት ሳምንት,VERIFIED_135 - A
57,AM-MEL-008,AM,መልክዐ ማርያም ሣልሲት በአማርኛ,መልክዐ ማርያም ሣልሲት በአማርኛ,MEL,MC-06,SC-06-02,MARIAM,21,"12/16,3/21,5/21,9/1",,,,,"Monthly:21 | Annual:12/16,3/21,5/21,9/1",,Day 21 Monthly Mary (Tsiyon); Hidar 21 Mary of Tsiyon; Ter 21 Astereyo Maryam,NOT_IN_135 - verify
58,AM-MEL-009,AM,መልክዐ ማርያም በአማርኛ,መልክዐ ማርያም በአማርኛ,MEL,MC-06,SC-06-02,MARIAM,21,"12/16,3/21,5/21,9/1",,,,,"Monthly:21 | Annual:12/16,3/21,5/21,9/1",,Day 21 Monthly Mary (Tsiyon); Hidar 21 Mary of Tsiyon; Ter 21 Astereyo Maryam,NOT_IN_135 - verify
59,AM-MEL-010,AM,መልክዐ ሥላሴ በአማርኛ,መልክዐ ሥላሴ በአማርኛ,MEL,MC-06,SC-06-01,AMLAK,7,,"1,2,3,4,5,6,7",YES,,,"Monthly:7 | Weekly:1,2,3,4,5,6,7 | DailyAlways",verified,Monthly Day 7 - Daily / Monthly Day 7; DailyAlways - Daily / Monthly Day 7; Daily - Daily / Monthly Day 7,VERIFIED_135 - A
60,AM-MEL-011,AM,መልክዐ ቅንዋት በአማርኛ,መልክዐ ቅንዋት በአማርኛ,MEL,MC-06,SC-06-01,AMLAK,,,,,GREAT_LENT,,Seasonal:GREAT_LENT,verified,,VERIFIED_135 - A
61,AM-MEL-012,AM,መልክዐ ቅዱስ መስቀል በአማርኛ,መልክዐ ቅዱስ መስቀል በአማርኛ,MEL,MC-06,SC-06-01,AMLAK,,"1/17,7/10",,,,,"Annual:1/17,7/10",verified,መልክዐ ቅዱስ መስቀል በአማርኛ - መስከረም 17 & መጋቢት 10; መልክዐ ቅዱስ መስቀል በአማርኛ - መስከረም 17 & መጋቢት 10,VERIFIED_135 - A
62,AM-MEL-013,AM,መልክዐ ቅዱስ ሚናስ በአማርኛ,መልክዐ ቅዱስ ሚናስ በአማርኛ,MEL,MC-06,SC-06-03,SAMAET,15,3/15,,,,,Monthly:15 | Annual:3/15,,Monthly Day 15; Hidar 15 Martyrdom of St. Menas,NOT_IN_135 - verify
63,AM-MEL-014,AM,መልክዐ ቅዱስ ራጉኤል በአማርኛ,መልክዐ ቅዱስ ራጉኤል በአማርኛ,MEL,MC-06,SC-06-01,MALAKT,1,"1/1,13/6",,,,,"Monthly:1 | Annual:1/1,13/6",,Monthly Archangel Raguel; Meskerem 1 Enkutatash Raguel; Pagumen 6,NOT_IN_135 - verify
64,AM-MEL-015,AM,መልክዐ ቅዱስ ቂርቆስ በአማርኛ,መልክዐ ቅዱስ ቂርቆስ በአማርኛ,MEL,MC-06,SC-06-03,SAMAET,15,"11/19,5/15",,,,,"Monthly:15 | Annual:11/19,5/15",,Monthly St. Cyricus; Ter 15; Hamle 19 Martyrdom of Qirqos and Iyeluta,NOT_IN_135 - verify
65,AM-MEL-016,AM,መልክዐ ቅዱስ ዮሐንስ ወንጌላዊ በአማርኛ,መልክዐ ቅዱስ ዮሐንስ ወንጌላዊ በአማርኛ,MEL,MC-06,SC-06-03,HAWARYAT,4,"5/4,9/4",,,,,"Monthly:4 | Annual:5/4,9/4",,Monthly John the Apostle; Ter 4 Passing of John Evangelist; Ginbot 4 St. John,NOT_IN_135 - verify
66,AM-MEL-017,AM,መልክዐ ቅድስት ጸበለ ማርያም በአማርኛ,መልክዐ ቅድስት ጸበለ ማርያም በአማርኛ,MEL,MC-06,SC-06-02,TSADQAN,21,"12/16,3/21,5/21,9/1",,,,,"Monthly:21 | Annual:12/16,3/21,5/21,9/1",,Day 21 Monthly Mary (Tsiyon); Hidar 21 Mary of Tsiyon; Ter 21 Astereyo Maryam,NOT_IN_135 - verify
67,AM-MEL-018,AM,መልክዐ ቅድስት ፍቅርተ ክርስቶስ በአማርኛ,መልክዐ ቅድስት ፍቅርተ ክርስቶስ በአማርኛ,MEL,MC-06,SC-06-03,TSADQAN,14,11/14,,,,,Monthly:14 | Annual:11/14,,Monthly Day 14; Hamle 14 Rest of Fikirte Kirstos,NOT_IN_135 - verify
68,AM-MEL-019,AM,መልክዐ አቡነ ሐራ ድንግል በአማርኛ,መልክዐ አቡነ ሐራ ድንግል በአማርኛ,MEL,MC-06,SC-06-03,TSADQAN,,9/11,,,,,Annual:9/11,verified,መልክዐ አቡነ ሐራ ድንግል በአማርኛ - ግንቦት 11,VERIFIED_135 - A
69,AM-MEL-020,AM,መልክዐ አቡነ ዕጨጌ ዮሐንስ በአማርኛ,መልክዐ አቡነ ዕጨጌ ዮሐንስ በአማርኛ,MEL,MC-06,SC-06-03,TSADQAN,,11/29,,,,,Annual:11/29,verified,መልክዐ አቡነ ዕጨጌ ዮሐንስ በአማርኛ - ሐምሌ 29,VERIFIED_135 - A
70,AM-MEL-021,AM,መልክዐ አቡነ ዮሐንስ ጻድቅ በአማርኛ,መልክዐ አቡነ ዮሐንስ ጻድቅ በአማርኛ,MEL,MC-06,SC-06-03,TSADQAN,4,7/4,,,,,Monthly:4 | Annual:7/4,,Monthly Day 4; Megabit 4,NOT_IN_135 - verify
71,AM-MEL-022,AM,መልክዐ አብርሃም ይሥሐቅ ያዕቆብ በአማርኛ,መልክዐ አብርሃም ይሥሐቅ ያዕቆብ በአማርኛ,MEL,MC-06,SC-06-03,NEBIYAT,,12/24,,,,,Annual:12/24,,አበው አብርሃም ይስሐቅና ያዕቆብ (100% pure Sinksar 12-24),NOT_IN_135 - verify
72,AM-MEL-023,AM,መልክዐ አዳም ወሔዋን በአማርኛ,መልክዐ አዳም ወሔዋን አማርኛ,MEL,MC-06,SC-06-03,NEBIYAT,,8/6,,,,,Annual:8/6,,Miyazya 6 Rest of Adam and Eve,NOT_IN_135 - verify
73,AM-MEL-024,AM,መልክዐ አፍጼ በአማርኛ,መልክዐ አፍጼ በአማርኛ,MEL,MC-06,SC-06-03,TESATU,,9/29,,,,,Annual:9/29,verified,መልክዐ አፍጼ በአማርኛ - ግንቦት 29,VERIFIED_135 - A
74,AM-MEL-025,AM,መልክዐ ኢትዮጵያ በአማርኛ,መልክዐ ኢትዮጵያ በአማርኛ,MEL,MC-06,SC-06-01,AMLAK,,1/1,,,,,Annual:1/1,,Enkutatash / New Year Prayer for Peace; National Intercessions,NOT_IN_135 - verify
75,AM-MEL-026,AM,መልክዐ ኤዶም በአማርኛ,መልክዐ ኤዶም በአማርኛ,MEL,MC-06,SC-06-01,AMLAK,21,,"1,2,3,4,5,6,7",YES,,,"Monthly:21 | Weekly:1,2,3,4,5,6,7 | DailyAlways",verified,Monthly Day 21 - Daily / Monthly Day 21; DailyAlways - Daily / Monthly Day 21; Daily - Daily / Monthly Day 21,VERIFIED_135 - C
76,AM-MEL-027,AM,መልክዐ ኪዳነ ምሕረት በአማርኛ,መልክዐ ኪዳነ ምሕረት በአማርኛ,MEL,MC-06,SC-06-02,MARIAM,16,6/16,,,,,Monthly:16 | Annual:6/16,,Monthly Kidane Mehret Day 16; Yekatit 16 Covenant of Mercy,NOT_IN_135 - verify
77,AM-MEL-028,AM,መልክዐ ጠቢበ ጠቢባን በአማርኛ,መልክዐ ጠቢበ ጠቢባን በአማርኛ,MEL,MC-06,SC-06-01,AMLAK,,,"1,2,3,4,5,6,7",YES,,,"Weekly:1,2,3,4,5,6,7 | DailyAlways",verified,DailyAlways - daily; Daily - daily; Daily - daily,VERIFIED_135 - A
78,AM-MEL-029,AM,መልክዐ ጰራቅሊጦስ በአማርኛ,መልክዐ ጰራቅሊጦስ በአማርኛ,MEL,MC-06,SC-06-01,AMLAK,,,,,,PENTECOST,Seasonal:PENTECOST,,Movable Feast of Pentecost,NOT_IN_135 - verify
79,AM-MEL-030,AM,መልክዐ ፍልሰታ በአማርኛ,መልክዐ ፍልሰታ በአማርኛ,MEL,MC-06,SC-06-02,MARIAM,,"12/1,12/16",,,FILSETA_1_16,,"Annual:12/1,12/16 | Seasonal:FILSETA_1_16",verified,መልክዐ ፍልሰታ በአማርኛ - ከነሐሴ 1 ቀን እስከ ነሐሴ 16 ቀን; መልክዐ ፍልሰታ በአማርኛ - ከነሐሴ 1 ቀን እስከ ነሐሴ 16 ቀን,VERIFIED_135 - A
80,AM-MEL-032,AM,ኹለተኛ መልክዐ ሥዕል በአማርኛ,ኹለተኛ መልክዐ ሥዕል በአማርኛ,MEL,MC-06,SC-06-01,AMLAK,,"1/26,3/5",,,MESKEREM_26_HIDAR_5,,"Annual:1/26,3/5 | Seasonal:MESKEREM_26_HIDAR_5",verified,ኹለተኛ መልክዐ ሥዕል በአማርኛ - ከመስከረም 26 እስከ ኅዳር 5 ቀን; ኹለተኛ መልክዐ ሥዕል በአማርኛ - ከመስከረም 26 እስከ ኅዳር 5 ቀን,VERIFIED_135 - A
81,AM-MEL-033,AM,የሐዋርያው የቅዱስ ታዴዎስ መልክዕ በአማርኛ,የሐዋርያው የቅዱስ ታዴዎስ መልክዕ በአማርኛ,MEL,MC-06,SC-06-03,HAWARYAT,,11/2,,,,,Annual:11/2,,Hamle 2 Rest of St. Thaddaeus,NOT_IN_135 - verify
82,AM-MEL-034,AM,የመድኀኔ ዓለም 3ኛ መልክዕ በአማርኛ,የመድኀኔ ዓለም 3ኛ መልክዕ በአማርኛ,MEL,MC-06,SC-06-01,AMLAK,27,"3/27,7/27",,,,,"Monthly:27 | Annual:3/27,7/27",,Monthly Medhane Alem; Hidar 27; Megabit 27 Tsinte Siqlet,NOT_IN_135 - verify
83,AM-MEL-035,AM,የመድኀኔ ዓለም መልክዕ በአማርኛ,የመድኀኔ ዓለም መልክዕ በአማርኛ,MEL,MC-06,SC-06-01,AMLAK,27,"3/27,7/27",,,,,"Monthly:27 | Annual:3/27,7/27",,Monthly Medhane Alem; Hidar 27; Megabit 27 Tsinte Siqlet,NOT_IN_135 - verify
84,AM-MEL-036,AM,የሰማዕቱ ቅዱስ ጊጋር መልክዕ በአማርኛ,የሰማዕቱ ቅዱስ ጊጋር መልክዕ በአማርኛ,MEL,MC-06,SC-06-03,SAMAET,,12/16,,,,,Annual:12/16,,Nehasse 16 Martyrdom of St. Gigar,NOT_IN_135 - verify
85,AM-MEL-037,AM,የቅዱሳን ሠለስቱ ደቂቅ መልክዕ በአማርኛ,የቅዱሳን ሠለስቱ ደቂቅ መልክዕ በአማርኛ,MEL,MC-06,SC-06-03,SAMAET,,4/19,,,,,Annual:4/19,,Tahsas 19 Deliverance from the Furnace,NOT_IN_135 - verify
86,AM-MEL-038,AM,የቅዱሳን አእላፍ መላእክት 2ኛ መልክዕ በአማርኛ,የቅዱሳን አእላፍ መላእክት 2ኛ መልክዕ በአማርኛ,MEL,MC-06,SC-06-01,MALAKT,,3/13,,,,,Annual:3/13,,Hidar 13 Gathering of Angels,NOT_IN_135 - verify
87,AM-MEL-039,AM,የቅዱስ መርምሕናም መልክዕ በአማርኛ,የቅዱስ መርምሕናም መልክዕ በአማርኛ,MEL,MC-06,SC-06-03,SAMAET,,5/20,,,,,Annual:5/20,verified,የቅዱስ መርምሕናም መልክዕ በአማርኛ - ታሕሳስ 14 ጥር 20,VERIFIED_135 - A
88,AM-MEL-040,AM,የቅዱስ መስቀል 3ኛ መልክዕ በአማርኛ,የቅዱስ መስቀል 3ኛ መልክዕ በአማርኛ,MEL,MC-06,SC-06-01,AMLAK,,"1/17,7/10",,,,,"Annual:1/17,7/10",verified,የቅዱስ መስቀል 3ኛ መልክዕ በአማርኛ - መስከረም 17 & መጋቢት 10; የቅዱስ መስቀል 3ኛ መልክዕ በአማርኛ - መስከረም 17 & መጋቢት 10,VERIFIED_135 - A
89,AM-MEL-041,AM,የቅዱስ ሚካኤል 3ኛ መልክዕ በአማርኛ,የቅዱስ ሚካኤል 3ኛ መልክዕ በአማርኛ,MEL,MC-06,SC-06-01,MALAKT,12,"10/12,3/12",,,,,"Monthly:12 | Annual:10/12,3/12",,Monthly Archangel Michael; Hidar 12 Coronation of Michael; Sene 12 Deliverance of Afomiya,NOT_IN_135 - verify
90,AM-MEL-042,AM,የቅዱስ ማርቆስ 2ኛ መልክዕ በአማርኛ,የቅዱስ ማርቆስ 2ኛ መልክዕ በአማርኛ,MEL,MC-06,SC-06-03,HAWARYAT,30,8/30,,,,,Monthly:30 | Annual:8/30,,Monthly St. Mark; Miyazya 30 Martyrdom of St. Mark,NOT_IN_135 - verify
91,AM-MEL-043,AM,የቅዱስ ሩፋኤል መልክዕ በአማርኛ,የቅዱስ ሩፋኤል መልክዕ በአማርኛ,MEL,MC-06,SC-06-01,MALAKT,13,13/3,,,,,Monthly:13 | Annual:13/3,,Monthly Archangel Raphael; Pagumen 3 Great Raphael Feast,NOT_IN_135 - verify
92,AM-MEL-044,AM,የቅዱስ አቦሊ መልክዕ በአማርኛ,የቅዱስ አቦሊ መልክዕ በአማርኛ,MEL,MC-06,SC-06-03,SAMAET,,12/1,,,,,Annual:12/1,,Nehasse 1 Martyrdom of St. Aboli,NOT_IN_135 - verify
93,AM-MEL-045,AM,የቅዱስ እስጢፋኖስ 2ኛ መልክዕ በአማርኛ,የቅዱስ እስጢፋኖስ 2ኛ መልክዕ በአማርኛ,MEL,MC-06,SC-06-03,SAMAET,17,"2/17,5/1",,,,,"Monthly:17 | Annual:2/17,5/1",,Monthly St. Stephen; Tikimt 17 Finding of Relics; Ter 1 Martyrdom of Stephen,NOT_IN_135 - verify
94,AM-MEL-046,AM,የቅዱስ እንድርያስ ሐዋርያ መልክዕ በአማርኛ,የቅዱስ እንድርያስ ሐዋርያ መልክዕ በአማርኛ,MEL,MC-06,SC-06-03,HAWARYAT,,4/7,,,,,Annual:4/7,,Tahsas 7 Martyrdom of St. Andrew,NOT_IN_135 - verify
95,AM-MEL-047,AM,የቅዱስ ዮሐንስ 2ኛ መልክዕ በአማርኛ,የቅዱስ ዮሐንስ 2ኛ መልክዕ በአማርኛ,MEL,MC-06,SC-06-03,HAWARYAT,4,"5/4,9/4",,,,,"Monthly:4 | Annual:5/4,9/4",,Monthly John the Apostle; Ter 4 Passing of John Evangelist; Ginbot 4 St. John,NOT_IN_135 - verify
96,AM-MEL-048,AM,የቅዱስ ዮሐንስ መጥምቅ መልክዕ በአማርኛ,የቅዱስ ዮሐንስ መጥምቅ መልክዕ በአማርኛ,MEL,MC-06,SC-06-03,NEBIYAT,,"1/1,1/2,10/30,5/11,6/30,8/15",,,,,"Annual:1/1,1/2,10/30,5/11,6/30,8/15",verified,የቅዱስ ዮሐንስ መጥምቅ መልክዕ በአማርኛ - መስከረም 1 መስከረም 2 ሰኔ 30 የካቲት 30 ጥር 11 ሚያዝያ 15; የቅዱስ ዮሐንስ መጥምቅ መልክዕ በአማርኛ - መስከረም 1 መስከረም 2 ሰኔ 30 የካቲት 30 ጥር 11 ሚያዝያ 15; የቅዱስ ዮሐንስ መጥምቅ መልክዕ በአማርኛ - መስከረም 1 መስከረም 2 ሰኔ 30 የካቲት 30 ጥር 11 ሚያዝያ 15,VERIFIED_135 - B
97,AM-MEL-049,AM,የቅዱስ ዳዊት መልክዕ በአማርኛ,የቅዱስ ዳዊት መልክዕ በአማርኛ,MEL,MC-06,SC-06-03,NEBIYAT,,"4/23,8/6",,,,,"Annual:4/23,8/6",,Tahsas 23 Rest of King David; Miyazya 6 Birth of King David,NOT_IN_135 - verify
98,AM-MEL-050,AM,የቅዱስ ገብርኤል መልክዕ በአማርኛ,የቅዱስ ገብርኤል መልክዕ በአማርኛ,MEL,MC-06,SC-06-01,MALAKT,19,"11/19,4/19",,,,,"Monthly:19 | Annual:11/19,4/19",,Monthly Archangel Gabriel; Tahsas 19 Deliverance of Three Children; Hamle 19 Deliverance of Qirqos,NOT_IN_135 - verify
99,AM-MEL-051,AM,የቅዱስ ጊዮርጊስ መልክዕ በአማርኛ,የቅዱስ ጊዮርጊስ መልክዕ በአማርኛ,MEL,MC-06,SC-06-03,SAMAET,23,"3/23,6/23,8/23",,,,,"Monthly:23 | Annual:3/23,6/23,8/23",,Monthly St. George; Hidar 23 Consecration of Church; Yekatit 23 Adwa Victory,NOT_IN_135 - verify
100,AM-MEL-052,AM,የነቢዩ የቅዱስ ኤልያስ 3ኛ መልክዕ በአማርኛ,የነቢዩ የቅዱስ ኤልያስ 3ኛ መልክዕ በአማርኛ,MEL,MC-06,SC-06-03,NEBIYAT,,"4/1,5/6",,,,,"Annual:4/1,5/6",verified,የነቢዩ የቅዱስ ኤልያስ 3ኛ መልክዕ በአማርኛ - ታኅሣሥ 1 & ጥር 6; የነቢዩ የቅዱስ ኤልያስ 3ኛ መልክዕ በአማርኛ - ታኅሣሥ 1 & ጥር 6,VERIFIED_135 - B
101,AM-MEL-053,AM,የአቡነ ሊባኖስ 2ኛ መልክዕ በአማርኛ,የአቡነ ሊባኖስ 2ኛ መልክዕ በአማርኛ,MEL,MC-06,SC-06-03,TSADQAN,,5/3,,,,,Annual:5/3,verified,የአቡነ ሊባኖስ 2ኛ መልክዕ በአማርኛ - ጥር 3,VERIFIED_135 - B
102,AM-MEL-054,AM,የአቡነ ሳሙኤል ዘዋልድባ መልክዕ በአማርኛ,የአቡነ ሳሙኤል ዘዋልድባ መልክዕ በአማርኛ,MEL,MC-06,SC-06-03,TSADQAN,,"4/12,4/9",,,,,"Annual:4/12,4/9",,Tahsas 9 Birth of Samuel of Waldebba; አቡነ ሳሙኤል ዘዋልድባ (100% pure Sinksar 4-12),NOT_IN_135 - verify
103,AM-MEL-055,AM,የአቡነ ሳሙኤል ዘዋልድባ ኹለተኛ መልክዕ በአማርኛ,የአቡነ ሳሙኤል ዘዋልድባ ኹለተኛ መልክዕ በአማርኛ,MEL,MC-06,SC-06-03,TSADQAN,,"4/12,4/9",,,,,"Annual:4/12,4/9",,Tahsas 9 Birth of Samuel of Waldebba; አቡነ ሳሙኤል ዘዋልድባ (100% pure Sinksar 4-12),NOT_IN_135 - verify
104,AM-MEL-056,AM,የአቡነ ተከስተ ብርሃን መልክዕ በአማርኛ,የአቡነ ተከስተ ብርሃን መልክዕ በአማርኛ,MEL,MC-06,SC-06-03,TSADQAN,,7/10,,,,,Annual:7/10,verified,የአቡነ ተከስተ ብርሃን መልክዕ በአማርኛ - መጋቢት 10,VERIFIED_135 - B
105,AM-MEL-057,AM,የአቡነ ተክለ ሃይማኖት 2ኛ መልክዕ በአማርኛ,የአቡነ ተክለ ሃይማኖት 2ኛ መልክዕ በአማርኛ,MEL,MC-06,SC-06-03,TSADQAN,24,"12/24,4/24,9/12",,,,,"Monthly:24 | Annual:12/24,4/24,9/12",,Monthly Tekle Haymanot; Tahsas 24 Nativity of Tekle Haymanot; Ginbot 12 Translation of Relics,NOT_IN_135 - verify
106,AM-MEL-058,AM,የአቡነ ተክለ ሃይማኖት መልክዕ በአማርኛ,የአቡነ ተክለ ሃይማኖት መልክዕ በአማርኛ,MEL,MC-06,SC-06-03,TSADQAN,24,"12/24,4/24,9/12",,,,,"Monthly:24 | Annual:12/24,4/24,9/12",,Monthly Tekle Haymanot; Tahsas 24 Nativity of Tekle Haymanot; Ginbot 12 Translation of Relics,NOT_IN_135 - verify
107,AM-MEL-059,AM,የአቡነ አቢብ መልክዕ በአማርኛ,የአቡነ አቢብ መልክዕ በአማርኛ,MEL,MC-06,SC-06-03,TSADQAN,,"2/25,8/15",,,,,"Annual:2/25,8/15",verified,የአቡነ አቢብ መልክዕ በአማርኛ - ጥቅምት 25 & ሚያዝያ 15; የአቡነ አቢብ መልክዕ በአማርኛ - ጥቅምት 25 & ሚያዝያ 15,VERIFIED_135 - B
108,AM-MEL-060,AM,የአቡነ አባለ ክርስቶስ ጻድቅ መልክዕ በአማርኛ,የአቡነ አባለ ክርስቶስ ጻድቅ መልክዕ በአማርኛ,MEL,MC-06,SC-06-03,TSADQAN,,"4/19,6/19",,,,,"Annual:4/19,6/19",verified,የአቡነ አባለ ክርስቶስ ጻድቅ መልክዕ በአማርኛ - ታኅሣሥ 19 የካቲት 19; የአቡነ አባለ ክርስቶስ ጻድቅ መልክዕ በአማርኛ - ታኅሣሥ 19 የካቲት 19,VERIFIED_135 - B
109,AM-MEL-061,AM,የአቡነ ዘርዐ ቡሩክ መልክዕ በአማርኛ,የአቡነ ዘርዐ ቡሩክ መልክዕ በአማርኛ,MEL,MC-06,SC-06-03,TSADQAN,13,"1/13,2/13,5/13",,,,,"Monthly:13 | Annual:1/13,2/13,5/13",,Monthly Zera Buruk; Meskerem 13; Tikimt 13,NOT_IN_135 - verify
110,AM-MEL-062,AM,የአቡነ ዜና ማርቆስ መልክዕ በአማርኛ,የአቡነ ዜና ማርቆስ መልክዕ በአማርኛ,MEL,MC-06,SC-06-03,TSADQAN,3,"4/3,7/3",,,,,"Monthly:3 | Annual:4/3,7/3",,Monthly Zena Markos; Tahsas 3 Zena Markos and Baata; Megabit 3,NOT_IN_135 - verify
111,AM-MEL-063,AM,የአባታችን አብርሃም መልክዕ በአማርኛ,የአባታችን አብርሃም መልክዕ በአማርኛ,MEL,MC-06,SC-06-03,NEBIYAT,,11/7,,,,,Annual:11/7,verified,የአባታችን አብርሃም መልክዕ በአማርኛ - ሐምሌ 7,VERIFIED_135 - B
112,AM-MEL-064,AM,የጽዮን ማርያም 3ኛ መልክዕ በአማርኛ,የጽዮን ማርያም 3ኛ መልክዕ በአማርኛ,MEL,MC-06,SC-06-02,MARIAM,21,"12/16,3/21,5/21,9/1",,,,,"Monthly:21 | Annual:12/16,3/21,5/21,9/1",,Day 21 Monthly Mary (Tsiyon); Hidar 21 Mary of Tsiyon; Ter 21 Astereyo Maryam,NOT_IN_135 - verify
113,AM-MEL-065,AM,ጸሎተ መልክዐ ሥቃዩ ለቅዱስ ጊዮርጊስ ሊቀ ሰማዕታት በአማርኛ,ጸሎተ መልክዐ ሥቃዩ ለቅዱስ ጊዮርጊስ ሊቀ ሰማዕታት በአማርኛ,MEL,MC-06,SC-06-03,SAMAET,23,"3/23,6/23,8/23",,,,,"Monthly:23 | Annual:3/23,6/23,8/23",,Monthly St. George; Hidar 23 Consecration of Church; Yekatit 23 Adwa Victory,NOT_IN_135 - verify
114,AM-MEL-066,AM,ጸሎተ መልክዕ ዘቅዱስ ጊዮርጊስ ሊቀ ሰማዕታት በአማርኛ,ጸሎተ መልክዕ ዘቅዱስ ጊዮርጊስ ሊቀ ሰማዕታት በአማርኛ,MEL,MC-06,SC-06-03,SAMAET,23,"3/23,6/23,8/23",,,,,"Monthly:23 | Annual:3/23,6/23,8/23",,Monthly St. George; Hidar 23 Consecration of Church; Yekatit 23 Adwa Victory,NOT_IN_135 - verify
115,AM-MEL-067,AM,ጸሎተ መልክዕ ዘቅዱስ ጊዮርጊስ ሊቀ ሰማዕታት ካልዕ በአማርኛ,ጸሎተ መልክዕ ዘቅዱስ ጊዮርጊስ ሊቀ ሰማዕታት ካልዕ በአማርኛ,MEL,MC-06,SC-06-03,SAMAET,23,"3/23,6/23,8/23",,,,,"Monthly:23 | Annual:3/23,6/23,8/23",,Monthly St. George; Hidar 23 Consecration of Church; Yekatit 23 Adwa Victory,NOT_IN_135 - verify
116,AM-MEL-068,AM,የአቡነ መልከ ጼዴቅ መልክእ በአማርኛ,የአቡነ መልከ ጼዴቅ መልክእ በአማርኛ,MEL,MC-06,SC-06-03,TSADQAN,,9/4,"1,2,3,4,5,6,7",YES,,,"Annual:9/4 | Weekly:1,2,3,4,5,6,7 | DailyAlways",verified,የአቡነ መልከ ጼዴቅ መልክእ በአማርኛ - ግንቦት 4 and daily every month on day 9; DailyAlways - ግንቦት 4 and daily every month on day 9; Daily - ግንቦት 4 and daily every month on day 9,VERIFIED_135 - B
117,AM-MEN-001,AM,መንገደ ሰማይ በአማርኛ,መንገደ ሰማይ በአማርኛ,TSE,MC-09,SC-09-03,AMLAK,,,,,,,LIBRARY_ONLY,,Patristic Contemplation on Eternity,CHECK - No date mapping
118,AM-MET-001,AM,መጽሐፈ ባርቶስ በአማርኛ,መጽሐፈ ባርቶስ በአማርኛ,MET,MC-08,SC-08-03,AMLAK,,,"1,2,3,4,5,6,7",YES,,,"Weekly:1,2,3,4,5,6,7 | DailyAlways",verified,DailyAlways - Daily (365); Daily - Daily (365); Daily - Daily (365),VERIFIED_135 - A
119,AM-MET-002,AM,መጽሐፈ አርጋኖን በአማርኛ,መጽሐፈ አርጋኖን በአማርኛ,MET,MC-08,SC-08-01,MARIAM,,,"1,2,3,4,5,6,7",YES,,,"Weekly:1,2,3,4,5,6,7 | DailyAlways",verified,DailyAlways - Daily (365); Daily - Daily (365); Daily - Daily (365),VERIFIED_135 - A
120,AM-MIK-001,AM,ምክሓ ምእመናን ክርስቶስ በአማርኛ,ምክሓ ምእመናን ክርስቶስ በአማርኛ,TSE,MC-09,SC-09-04,AMLAK,27,"3/27,7/27",,,,,"Monthly:27 | Annual:3/27,7/27",,Monthly Medhane Alem; Hidar 27; Megabit 27 Tsinte Siqlet,NOT_IN_135 - verify
121,AM-MTS-001,AM,መጽሐፈ ሜላድ በአማርኛ,መጽሐፈ ሜላድ በአማርኛ,MTS,MC-04,SC-04-02,TSADQAN,21,,"1,2,3,4,5,6,7",YES,,,"Monthly:21 | Weekly:1,2,3,4,5,6,7 | DailyAlways",verified,Monthly Day 21 - Daily / Monthly Day 21; DailyAlways - Daily / Monthly Day 21; Daily - Daily / Monthly Day 21,VERIFIED_135 - A
122,AM-MZM-001,AM,መዝሙረ ዳዊት በአማርኛ,መዝ​ሙረ ዳዊት በአማርኛ,MZM,MC-02,SC-02-01,AMLAK,,,,YES,,,DailyAlways,,Psalter 7 Daily Portions; Psalter 7 Daily Portions; Psalter 7 Daily Portions,NOT_IN_135 - verify
123,AM-RAY-001,AM,ራዕየ ማርያም በአማርኛ,ራዕየ ማርያም በአማርኛ,TSE,MC-08,SC-08-02,MARIAM,21,"12/16,3/21,5/21,9/1",,,,,"Monthly:21 | Annual:12/16,3/21,5/21,9/1",,Day 21 Monthly Mary (Tsiyon); Hidar 21 Mary of Tsiyon; Ter 21 Astereyo Maryam,NOT_IN_135 - verify
124,AM-SBT-001,AM,የሰባት (፯) ቁጥር ምስጢራትና ምሉዕነት,የሰባት ቁጥር ምስጢራት,TSE,MC-08,SC-08-04,HAYMANOT,,,,,,,LIBRARY_ONLY,,Catechetical Seven Sacraments,CHECK - No date mapping
125,AM-SEL-001,AM,ሰላም ለፍልሰተ ሥጋኪ በአማርኛ,ሰላም ለፍልሰተ ሥጋኪ በአማርኛ,TSE,MC-08,SC-08-02,MARIAM,,12/1,,,FILSETA_1_16,,Annual:12/1 | Seasonal:FILSETA_1_16,verified,ሰላም ለፍልሰተ ሥጋኪ በአማርኛ - ከነሐሴ 1 እስከ 16,VERIFIED_135 - A
126,AM-SEY-001,AM,ሰይፈ መለኮት በአማርኛ,ሰይፈ መለኮት በአማርኛ,SEY,MC-09,SC-09-01,AMLAK,,,"1,2,3,4,5,6,7",YES,,,"Weekly:1,2,3,4,5,6,7 | DailyAlways",verified,DailyAlways - Daily (365); Daily - Daily (365); Daily - Daily (365),VERIFIED_135 - A
127,AM-SEY-002,AM,ሰይፈ ሥላሴ በአማርኛ,ሰይፈ ሥላሴ በአማርኛ,SEY,MC-09,SC-09-01,AMLAK,7,,"1,2,3,4,5,6,7",YES,,,"Monthly:7 | Weekly:1,2,3,4,5,6,7 | DailyAlways",verified,Monthly Day 7 - Monthly Day 7 / Daily; DailyAlways - Monthly Day 7 / Daily; Daily - Monthly Day 7 / Daily,VERIFIED_135 - A
128,AM-SIB-001,AM,ስብሐተ ፍቁር ዘቅዱስ ጊዮርጊስ ሊቀ ሰማዕታት በአማርኛ,ስብሐተ ፍቁር ዘቅዱስ ጊዮርጊስ ሊቀ ሰማዕታት በአማርኛ,WUD,MC-03,SC-03-05,SAMAET,23,"3/23,6/23,8/23",,,,,"Monthly:23 | Annual:3/23,6/23,8/23",,Monthly St. George; Hidar 23 Consecration of Church; Yekatit 23 Adwa Victory,NOT_IN_135 - verify
129,AM-TAM-001,AM,ተአምረ ኢየሱስ በአማርኛ,ተአምረ ኢየሱስ በአማርኛ,TAM,MC-07,SC-07-02,AMLAK,29,"4/29,7/29",,,,,"Monthly:29 | Annual:4/29,7/29",,Monthly Baale Wold; Tahsas 29 Lidet (Nativity); Megabit 29 Bisrate Gabriel,NOT_IN_135 - verify
130,AM-TAM-002,AM,ተአምረ ማርያም በአማርኛ,ተአምረ ማርያም በአማርኛ,TAM,MC-07,SC-07-01,MARIAM,21,"12/16,3/21,5/21,9/1",,,,,"Monthly:21 | Annual:12/16,3/21,5/21,9/1",,Day 21 Monthly Mary (Tsiyon); Hidar 21 Mary of Tsiyon; Ter 21 Astereyo Maryam,NOT_IN_135 - verify
131,AM-TEA-001,AM,ተአምኆ ቅዱሳን በአማርኛ,ተአምኆ ቅዱሳን በአማርኛ,TEA,MC-03,SC-03-05,TSADQAN,21,,"1,2,3,4,5,6,7",YES,,,"Monthly:21 | Weekly:1,2,3,4,5,6,7 | DailyAlways",verified,Monthly Day 21 - Daily / Monthly Day 21; DailyAlways - Daily / Monthly Day 21; Daily - Daily / Monthly Day 21,VERIFIED_135 - A
132,AM-TEA-002,AM,ተአምኆ ዘሥሉስ ቅዱስ በአማርኛ,ተአምኆ ዘሥሉስ ቅዱስ በአማርኛ,TEA,MC-03,SC-03-05,AMLAK,,,"1,2,3,4,5,6,7",YES,SEMUNE_HIMAMAT,,"Weekly:1,2,3,4,5,6,7 | DailyAlways | Seasonal:SEMUNE_HIMAMAT",verified,DailyAlways - Daily / Monthly Day ሰሙነ ሕማማት; Daily - Daily / Monthly Day ሰሙነ ሕማማት; Daily - Daily / Monthly Day ሰሙነ ሕማማት,VERIFIED_135 - A
133,AM-TEA-003,AM,ተአምኆ ዘሥሉስ ቅዱስ መልክዕ በአማርኛ,ተአምኆ ዘሥሉስ ቅዱስ መልክዕ በአማርኛ,MEL,MC-06,SC-06-01,AMLAK,,,"1,2,3,4,5,6,7",YES,SEMUNE_HIMAMAT,,"Weekly:1,2,3,4,5,6,7 | DailyAlways | Seasonal:SEMUNE_HIMAMAT",verified,DailyAlways - Daily / Monthly Day ሰሙነ ሕማማት; Daily - Daily / Monthly Day ሰሙነ ሕማማት; Daily - Daily / Monthly Day ሰሙነ ሕማማት,VERIFIED_135 - A
134,AM-TSE-001,AM,የመስቀል አጥር ጸሎት በአማርኛ,የመስቀል አጥር ጸሎት በአማርኛ,TSE,MC-09,SC-09-02,AMLAK,,,"1,2,3,4,5,6,7",YES,,,"Weekly:1,2,3,4,5,6,7 | DailyAlways",verified,DailyAlways - daily 365; Daily - daily 365; Daily - daily 365,VERIFIED_135 - A
135,AM-TSE-002,AM,የሠርክ ጸሎት በአማርኛ,የሠርክ ጸሎት በአማርኛ,TSE,MC-01,SC-01-03,AMLAK,,,,YES,,,DailyAlways,,Evening Vespers Office,NOT_IN_135 - verify
136,AM-TSE-003,AM,የነቢያት ጸሎት በአማርኛ,የነቢያት ጸሎት በአማርኛ,TSE,MC-02,SC-02-02,AMLAK,,,,YES,,,DailyAlways,,Canticles of the Prophets; Canticles of the Prophets; Canticles of the Prophets,NOT_IN_135 - verify
137,AM-TSE-004,AM,የኪዳን ጸሎት በአማርኛ,የኪዳን ጸሎት በአማርኛ,TSE,MC-01,SC-01-02,AMLAK,,,,YES,,,DailyAlways,,Morning Kidan Office,NOT_IN_135 - verify
138,AM-TSE-005,AM,የዘወትር ጸሎት በአማርኛ,የዘወትር ጸሎት በአማርኛ,TSE,MC-01,SC-01-01,MARIAM,,,,YES,,,DailyAlways,,Primary Daily Prayer Rule,NOT_IN_135 - verify
139,AM-TSE-006,AM,ጸሎተ ንድራ በአማርኛ,ጸሎተ ንድራ በአማርኛ,TSE,MC-09,SC-09-03,AMLAK,,,,,,,LIBRARY_ONLY,,Prophylactic Healing from Pestilence,CHECK - No date mapping
140,AM-WUD-001,AM,ውዳሴ መስቀል በአማርኛ,ውዳሴ መስቀል በአማርኛ,WUD,MC-03,SC-03-03,AMLAK,,,"1,2,3,4,5,6,7",YES,,,"Weekly:1,2,3,4,5,6,7 | DailyAlways",verified,DailyAlways - daily; Daily - daily; Daily - daily,VERIFIED_135 - A
141,AM-WUD-002,AM,ውዳሴ ማርያም በአማርኛ,ውዳሴ ማርያም በአማርኛ,WUD,MC-03,SC-03-01,MARIAM,21,,"1,2,3,4,5,6,7",,,,"Monthly:21 | Weekly:1,2,3,4,5,6,7",,Monthly Mary; Daily Marian Office; Daily Marian Office,NOT_IN_135 - verify
142,AM-WUD-003,AM,ውዳሴ አምላክ በአማርኛ,ውዳሴ አምላክ በአማርኛ,WUD,MC-03,SC-03-02,AMLAK,,,"1,2,3,4,5,6,7",,,,"Weekly:1,2,3,4,5,6,7",,Daily Hymn of Praise to God; Daily Hymn of Praise to God; Daily Hymn of Praise to God,NOT_IN_135 - verify
143,AM-ZNA-001,AM,ዜና ሥላሴ በአማርኛ,ዜና ሥላሴ በአማርኛ,ZNA,MC-07,SC-07-03,AMLAK,7,,"1,2,3,4,5,6,7",YES,,,"Monthly:7 | Weekly:1,2,3,4,5,6,7 | DailyAlways",verified,Monthly Day 7 - Daily / Monthly Day 7; DailyAlways - Daily / Monthly Day 7; Daily - Daily / Monthly Day 7,VERIFIED_135 - A
144,AM-ZNA-002,AM,ዜና አበው በአማርኛ,ዜና አበው በአማርኛ,ZNA,MC-07,SC-07-03,TSADQAN,,,,,,,LIBRARY_ONLY,,Apophthegmata Patrum,CHECK - No date mapping
145,AM-ZNA-003,AM,ዜና ሐዋርያት በአማርኛ,ዜና ሐዋርያት በአማርኛ,ZNA,MC-07,SC-07-04,HAWARYAT,,"11/5,12/15",,,,,"Annual:11/5,12/15",,Hamle 5 Feast of the Apostles; Nehasse 15 Gathering of Apostles,NOT_IN_135 - verify
146,EN-TSE-001,EN,Daily prayers,Daily prayers,TSE,MC-01,SC-01-01,MARIAM,,,,YES,,,DailyAlways,,Primary Daily Prayer Rule,NOT_IN_135 - verify
147,EN-WUD-001,EN,HYMN OF PRAISE,HYMN OF PRAISE,WUD,MC-03,SC-03-02,AMLAK,,,"1,2,3,4,5,6,7",,,,"Weekly:1,2,3,4,5,6,7",,Daily Hymn of Praise to God; Daily Hymn of Praise to God; Daily Hymn of Praise to God,NOT_IN_135 - verify
148,GZ-BEE-001,GZ,በእንተ ቅድሳት በግእዝ,በእንተ ቅድሳት በግእዝ,TSE,MC-09,SC-09-04,TSADQAN,,,,YES,,,DailyAlways,,Divine Liturgy Intercessions,NOT_IN_135 - verify
149,GZ-DRS-001,GZ,ድርሳነ ዑራኤል በግእዝ,ድርሳነ ዑራኤል በግእዝ,DRS,MC-04,SC-04-01,MALAKT,22,"11/22,5/22",,,,,"Monthly:22 | Annual:11/22,5/22",,Monthly Archangel Uriel; Ter 22 Great Uriel Feast; Hamle 22 Uriel Feast,NOT_IN_135 - verify
150,GZ-DRS-002,GZ,ድርሳነ መስቀል በግእዝ,ድርሳነ መስቀል በግእዝ,DRS,MC-04,SC-04-02,AMLAK,,"1/17,7/10",,,,,"Annual:1/17,7/10",verified,ድርሳነ መስቀል በግእዝ - መስከረም 17 & መጋቢት 10; ድርሳነ መስቀል በግእዝ - መስከረም 17 & መጋቢት 10,VERIFIED_135 - A
151,GZ-DRS-003,GZ,ድርሳነ ቅዱስ ራጉኤል በግእዝ,ድርሳነ ቅዱስ ራጉኤል በግእዝ,DRS,MC-04,SC-04-01,MALAKT,1,"1/1,13/6",,,,,"Monthly:1 | Annual:1/1,13/6",,Monthly Archangel Raguel; Meskerem 1 Enkutatash Raguel; Pagumen 6,NOT_IN_135 - verify
152,GZ-DRS-004,GZ,ድርሳነ ማኅየዊ በግእዝ,ድርሳነ ማኅየዊ በግእዝ,DRS,MC-04,SC-04-02,AMLAK,,,"1,2,3,4,5,6,7",YES,,,"Weekly:1,2,3,4,5,6,7 | DailyAlways",verified,DailyAlways - daily; Daily - daily; Daily - daily,VERIFIED_135 - A
153,GZ-DRS-005,GZ,ድርሳነ መድኃኔ ዓለም በግእዝ,ድርሳነ መድኃኔ ዓለም በግእዝ,DRS,MC-04,SC-04-02,AMLAK,27,"3/27,7/27",,,,,"Monthly:27 | Annual:3/27,7/27",,Monthly Medhane Alem; Hidar 27; Megabit 27 Tsinte Siqlet,NOT_IN_135 - verify
154,GZ-DRS-006,GZ,ድርሳን ዘብጹዕ ፊሳልጎስ በግእዝ,ድርሳን ዘብጹዕ ፊሳልጎስ በግእዝ,DRS,MC-04,SC-04-03,TSADQAN,,,,,,,LIBRARY_ONLY,,Early Christian Patristic Allegories,CHECK - No date mapping
155,GZ-DRS-007,GZ,ድርሳን ዘቅዱስ ኢያቄም ወቅድስት ሐና በግእዝ,ድርሳን ዘቅዱስ ኢያቄም ወቅድስት ሐና በግእዝ,DRS,MC-04,SC-04-03,TSADQAN,,"1/7,12/7",,,,,"Annual:1/7,12/7",verified,ድርሳን ዘቅዱስ ኢያቄም ወቅድስት ሐና በግእዝ - ነሐሴ 7 & መስከረም 7; ድርሳን ዘቅዱስ ኢያቄም ወቅድስት ሐና በግእዝ - ነሐሴ 7 & መስከረም 7,VERIFIED_135 - A
156,GZ-DRS-008,GZ,ድርሳነ ሚካኤል በግእዝ,ድርሳነ ሚካኤል በግእዝ,DRS,MC-04,SC-04-01,MALAKT,12,"10/12,3/12",,,,,"Monthly:12 | Annual:10/12,3/12",,Monthly Archangel Michael; Hidar 12 Coronation of Michael; Sene 12 Deliverance of Afomiya,NOT_IN_135 - verify
157,GZ-DRS-009,GZ,ድርሳን ቅዱስ ሩፋኤል በግእዝ,ድርሳን ቅዱስ ሩፋኤል በግእዝ,DRS,MC-04,SC-04-01,MALAKT,13,13/3,,,,,Monthly:13 | Annual:13/3,,Monthly Archangel Raphael; Pagumen 3 Great Raphael Feast,NOT_IN_135 - verify
158,GZ-DRS-010,GZ,ድርሳነ ገብርኤል በግእዝ,ድርሳነ ገብርኤል በግእዝ,DRS,MC-04,SC-04-01,MALAKT,19,"11/19,4/19",,,,,"Monthly:19 | Annual:11/19,4/19",,Monthly Archangel Gabriel; Tahsas 19 Deliverance of Three Children; Hamle 19 Deliverance of Qirqos,NOT_IN_135 - verify
159,GZ-ENZ-001,GZ,እንዚራ ስብሐት በግእዝ,እንዚራ ስብሐት በግእዝ,ENZ,MC-03,SC-03-04,AMLAK,21,,"1,2,3,4,5,6,7",YES,,,"Monthly:21 | Weekly:1,2,3,4,5,6,7 | DailyAlways",verified,Monthly Day 21 - Daily / Monthly Day 21; DailyAlways - Daily / Monthly Day 21; Daily - Daily / Monthly Day 21,VERIFIED_135 - A
160,GZ-ETA-001,GZ,እትአመነኪ ማርያም በሰማይ ወበምድር በግእዝ,እትአመነኪ ማርያም በሰማይ ወበምድር በግእዝ,TSE,MC-09,SC-09-04,MARIAM,21,"12/16,3/21,5/21,9/1",,,,,"Monthly:21 | Annual:12/16,3/21,5/21,9/1",,Day 21 Monthly Mary (Tsiyon); Hidar 21 Mary of Tsiyon; Ter 21 Astereyo Maryam,NOT_IN_135 - verify
161,GZ-GDL-001,GZ,ገድለ አቡነ ፊልጶስ ዘደብረ ሊባኖስ በግእዝ,ገድለ አቡነ ፊልጶስ ዘደብረ ሊባኖስ በግእዝ,GDL,MC-05,SC-05-04,TSADQAN,,"12/5,5/15",,,,,"Annual:12/5,5/15",,Ter 15; አባ ፊልዾስ ዘደብረ ቢዘን (100% pure Sinksar 12-5),NOT_IN_135 - verify
162,GZ-GDL-002,GZ,ገድለ ሰማዕት ቅዱስ መርቆሬዎስ በግእዝ,ገድለ ሰማዕት ቅዱስ መርቆሬዎስ በግእዝ,GDL,MC-05,SC-05-02,SAMAET,25,3/25,,,,,Monthly:25 | Annual:3/25,,Monthly St. Mercurius; Hidar 25 Martyrdom of Mercurius,NOT_IN_135 - verify
163,GZ-GDL-003,GZ,ገድለ እምነ ወለተ ጴጥሮስ በግእዝ,ገድለ እምነ ወለተ ጴጥሮስ በግእዝ,GDL,MC-05,SC-05-05,TSADQAN,17,2/17,,,,,Monthly:17 | Annual:2/17,,Monthly Day 17; Tikimt 17 Rest of Welete Petros,NOT_IN_135 - verify
164,GZ-GDL-004,GZ,ገድለ አቡነ ዘርዐ ቡሩከ በግእዝ,ገድለ አቡነ ዘርዐ ቡሩከ በግእዝ,GDL,MC-05,SC-05-04,TSADQAN,13,"1/13,2/13,5/13",,,,,"Monthly:13 | Annual:1/13,2/13,5/13",,Monthly Zera Buruk; Meskerem 13; Tikimt 13,NOT_IN_135 - verify
165,GZ-GDL-005,GZ,ገድለ አቡነ አበክረዙን በግእዝ,ገድለ አቡነ አበክረዙን በግእዝ,GDL,MC-05,SC-05-04,TSADQAN,,11/25,,,,,Annual:11/25,,ቅዱስ አበከረዙን ታላቁ (ጻድቅና ሰማዕት) (100% pure Sinksar 11-25),NOT_IN_135 - verify
166,GZ-GDL-006,GZ,ገድለ አቡነ እስትንፋስ ክርስቶስ በግእዝ,ገድለ አቡነ እስትንፋስ ክርስቶስ በግእዝ,GDL,MC-05,SC-05-04,TSADQAN,9,"5/9,7/2",,,,,"Monthly:9 | Annual:5/9,7/2",,Monthly Day 9; Ter 9 Rest of Estinfase Kirstos; Megabit 2 Birth of Estinfase Kirstos,NOT_IN_135 - verify
167,GZ-GDL-007,GZ,ገድለ ቅዱስ አባ ጊዮርጊስ ዘጋሥጫ በግእዝ,ገድለ ቅዱስ አባ ጊዮርጊስ ዘጋሥጫ በግእዝ,GDL,MC-05,SC-05-03,TSADQAN,23,11/7,,,,,Monthly:23 | Annual:11/7,,Monthly Day 23; Hamle 7 Rest of Abba Giyorgis of Gascha,NOT_IN_135 - verify
168,GZ-GDL-008,GZ,ገድለ ቅዱስ ዞሲማስ በግእዝ,ገድለ ቅዱስ ዞሲማስ በግእዝ,GDL,MC-05,SC-05-04,TSADQAN,,8/9,,,,,Annual:8/9,,ቅዱስ ዞሲማስ ገዳማዊ (ብሔረ ብጹዐንን ያየ እና ዜናቸውን የጻፈ አባት) (100% pure Sinksar 8-9),NOT_IN_135 - verify
169,GZ-GDL-009,GZ,ገድለ ቅዱስ ሱስንዮስ በግእዝ,ገድለ ቅዱስ ሱስንዮስ በግእዝ,GDL,MC-05,SC-05-02,TSADQAN,,8/26,,,,,Annual:8/26,,Miyazya 26 Martyrdom of Susenyos,NOT_IN_135 - verify
170,GZ-GDL-010,GZ,ገድለ ቅዱስ ዮስጦስ በግእዝ,ገድለ ቅዱስ ዮስጦስ በግእዝ,GDL,MC-05,SC-05-02,TSADQAN,,6/10,,,,,Annual:6/10,verified,ገድለ ቅዱስ ዮስጦስ በግእዝ - የካቲት 10,VERIFIED_135 - B
171,GZ-GDL-011,GZ,ገድለ አቡነ ፊልጶስ በግእዝ,ገድለ አቡነ ፊልጶስ በግእዝ,GDL,MC-05,SC-05-04,TSADQAN,,11/28,,,,,Annual:11/28,verified,ገድለ አቡነ ፊልጶስ በግእዝ - ሐምሌ 28,VERIFIED_135 - B
172,GZ-GDL-012,GZ,ገድለ ቅዱስ ቈጵርያኖስ ወቅድስት ኢዩስጣ በግእዝ,ገድለ ቅዱስ ቈጵርያኖስ ወቅድስት ኢዩስጣ በግእዝ,GDL,MC-05,SC-05-02,TSADQAN,,2/7,,,,,Annual:2/7,,Tikimt 7 Martyrdom of Cyprian and Justa,NOT_IN_135 - verify
173,GZ-GDL-013,GZ,ገድለ ዘርዐ አብርሃም በግእዝ,ገድለ ዘርዐ አብርሃም በግእዝ,GDL,MC-05,SC-05-04,TSADQAN,,4/24,,,,,Annual:4/24,verified,ገድለ ዘርዐ አብርሃም በግእዝ - ታኅሣሥ 24,VERIFIED_135 - C
174,GZ-GDL-014,GZ,ገድለ ቅዱስ ጊዮርጊስ ሰማዕት በግእዝ,ገድለ ቅዱስ ጊዮርጊስ ሰማዕት በግእዝ,GDL,MC-05,SC-05-02,SAMAET,23,"3/23,6/23,8/23",,,,,"Monthly:23 | Annual:3/23,6/23,8/23",,Monthly St. George; Hidar 23 Consecration of Church; Yekatit 23 Adwa Victory,NOT_IN_135 - verify
175,GZ-GDL-015,GZ,ገድለ አቡነ በጸሎተ ሚካኤል በግእዝ,ገድለ አቡነ በጸሎተ ሚካኤል በግእዝ,GDL,MC-05,SC-05-04,MALAKT,12,10/12,,,,,Monthly:12 | Annual:10/12,,Monthly Day 12; Sene 12 Rest of Betselote Mikael,NOT_IN_135 - verify
176,GZ-GDL-016,GZ,ገድለ አቡነ ኪሮስ በግእዝ,ገድለ አቡነ ኪሮስ በግእዝ,GDL,MC-05,SC-05-04,TSADQAN,8,11/8,,,,,Monthly:8 | Annual:11/8,,Monthly Abba Kiros; Hamle 8 Rest of Abba Kiros,NOT_IN_135 - verify
177,GZ-GDL-017,GZ,ገድለ አቡነ ተክለ ሐዋርያት በግእዝ,ገድለ አቡነ ተክለ ሐዋርያት በግእዝ,GDL,MC-05,SC-05-01,HAWARYAT,,,,,,,LIBRARY_ONLY,verified,,VERIFIED_135 - C
178,GZ-GDL-018,GZ,ገድለ አቡነ ዮሐንስ በግእዝ,ገድለ አቡነ ዮሐንስ በግእዝ,GDL,MC-05,SC-05-04,TSADQAN,4,4/28,,,,,Monthly:4 | Annual:4/28,,Monthly Day 4; Tahsas 28 Rest of Yohannes of Daga,NOT_IN_135 - verify
179,GZ-GDL-019,GZ,ገድለ ቅድስት ክርስቶስ ሠምራ በግእዝ,ገድለ ቅድስት ክርስቶስ ሠምራ በግእዝ,GDL,MC-05,SC-05-05,TSADQAN,24,"12/24,9/12",,,,,"Monthly:24 | Annual:12/24,9/12",,Monthly Kirstos Semra; Ginbot 12 Covenant of Kirstos Semra; Nehasse 24 Rest of Kirstos Semra,NOT_IN_135 - verify
180,GZ-GDL-020,GZ,ገድለ አቡነ ፊልሞና በግእዝ,ገድለ አቡነ ፊልሞና በግእዝ,GDL,MC-05,SC-05-04,TSADQAN,,12/5,,,,,Annual:12/5,verified,ገድለ አቡነ ፊልሞና በግእዝ - ነሐሴ 5,VERIFIED_135 - B
181,GZ-GDL-021,GZ,ድርሳን ወገድል ዘቅዱስ ያሬድ በግእዝ,ድርሳን ወገድል ዘቅዱስ ያሬድ በግእዝ,GDL,MC-05,SC-05-03,TSADQAN,,"3/11,9/11",,,,,"Annual:3/11,9/11",,Hidar 11 Blessing of Yaredic Chant; Ginbot 11 Disappearance of Yared,NOT_IN_135 - verify
182,GZ-GDL-022,GZ,ገድለ ቅዱስ እስጢፋኖስ በግእዝ,ገድለ ቅዱስ እስጢፋኖስ በግእዝ,GDL,MC-05,SC-05-02,SAMAET,17,"2/17,5/1",,,,,"Monthly:17 | Annual:2/17,5/1",,Monthly St. Stephen; Tikimt 17 Finding of Relics; Ter 1 Martyrdom of Stephen,NOT_IN_135 - verify
183,GZ-GDL-023,GZ,ገድለ አቡነ መዝራዕተ ክርስቶስ በግእዝ,ገድለ አቡነ መዝራዕተ ክርስቶስ በግእዝ,GDL,MC-05,SC-05-04,TSADQAN,,9/29,,,,,Annual:9/29,verified,ገድለ አቡነ መዝራዕተ ክርስቶስ በግእዝ - ግንቦት 29,VERIFIED_135 - C
184,GZ-GDL-024,GZ,ገድለ አቡነ አሮን መንክራዊ ግእዝ,ገድለ አቡነ አሮን መንክራዊ ግእዝ,GDL,MC-05,SC-05-04,TSADQAN,21,9/19,,,,,Monthly:21 | Annual:9/19,,Monthly Day 21; Ginbot 19 Rest of Aron Menkirawi,NOT_IN_135 - verify
185,GZ-GDL-025,GZ,ገድለ አባ በግዑ በግእዝ,ገድለ አባ በግዑ በግእዝ,GDL,MC-05,SC-05-04,TSADQAN,,4/27,,,,,Annual:4/27,verified,ገድለ አባ በግዑ በግእዝ - ታኅሣሥ 27,VERIFIED_135 - B
186,GZ-GDL-026,GZ,ገድለ ቅዱሳን አባዲር ወኢራኢ በግእዝ,ገድለ ቅዱሳን አባዲር ወኢራኢ በግእዝ,GDL,MC-05,SC-05-02,TSADQAN,28,1/28,,,,,Monthly:28 | Annual:1/28,,Monthly Day 28; Meskerem 28 Martyrdom of Abadir,NOT_IN_135 - verify
187,GZ-GDL-027,GZ,ገድለ ቅዱስ ፊቅጦር በግእዝ,ገድለ ቅዱስ ፊቅጦር በግእዝ,GDL,MC-05,SC-05-02,TSADQAN,,"4/5,8/27",,,,,"Annual:4/5,8/27",verified,ገድለ ቅዱስ ፊቅጦር በግእዝ - ሚያዝያ 27 & ታኅሣሥ 5; ገድለ ቅዱስ ፊቅጦር በግእዝ - ሚያዝያ 27 & ታኅሣሥ 5,VERIFIED_135 - B
188,GZ-GDL-028,GZ,ገድለ አቡነ ዳንኤል በግእዝ,ገድለ አቡነ ዳንኤል በግእዝ,GDL,MC-05,SC-05-04,TSADQAN,,3/6,,,,,Annual:3/6,verified,ገድለ አቡነ ዳንኤል በግእዝ - ኅዳር 6,VERIFIED_135 - B
189,GZ-GDL-029,GZ,ገድለ አቡነ ዮሴፍ በግእዝ,ገድለ አቡነ ዮሴፍ በግእዝ,GDL,MC-05,SC-05-04,TSADQAN,,9/19,,,,,Annual:9/19,verified,ገድለ አቡነ ዮሴፍ በግእዝ - ግንቦት 19,VERIFIED_135 - B
190,GZ-GDL-030,GZ,ገድለ ቅዱስ ቴዎድሮስ በግእዝ,ገድለ ቅዱስ ቴዎድሮስ በግእዝ,GDL,MC-05,SC-05-02,TSADQAN,,"12/14,3/20",,,,,"Annual:12/14,3/20",,Hidar 20 Martyrdom of Theodore Banadlewos; Nehasse 14 Theodore the General,NOT_IN_135 - verify
191,GZ-GDL-031,GZ,ገድለ ሰማዕት ቅዱስ ቴዎድሮስ በግእዝ,ገድለ ሰማዕት ቅዱስ ቴዎድሮስ በግእዝ,GDL,MC-05,SC-05-02,SAMAET,,"12/14,3/20",,,,,"Annual:12/14,3/20",,Hidar 20 Martyrdom of Theodore Banadlewos; Nehasse 14 Theodore the General,NOT_IN_135 - verify
192,GZ-GDL-032,GZ,መጽሐፈ ገድለ ቅዱሳን ሐዋርያት በግእዝ,መጽሐፈ ገድለ ቅዱሳን ሐዋርያት በግእዝ,GDL,MC-05,SC-05-01,HAWARYAT,,"11/5,12/15",,,,,"Annual:11/5,12/15",,Hamle 5 Feast of the Apostles; Nehasse 15 Gathering of Apostles,NOT_IN_135 - verify
193,GZ-GDL-033,GZ,ገድለ ሰማዕት ቅድስት አርሴማ በግእዝ,ገድለ ሰማዕት ቅድስት አርሴማ በግእዝ,GDL,MC-05,SC-05-02,SAMAET,6,"1/15,2/29",,,,,"Monthly:6 | Annual:1/15,2/29",,Monthly St. Arsema; Meskerem 15 Feast of St. Arsema; Tikimt 29 Martyrdom of Arsema,NOT_IN_135 - verify
194,GZ-GDL-034,GZ,ገድለ አቡነ ፍሬ ሚካኤል በግእዝ,ገድለ አቡነ ፍሬ ሚካኤል በግእዝ,GDL,MC-05,SC-05-04,MALAKT,12,,,,,,Monthly:12,,Monthly Day 12,NOT_IN_135 - verify
195,GZ-HAT-001,GZ,ሐፁረ መስቀል በግእዝ,ሐፁረ መስቀል በግእዝ,HAT,MC-09,SC-09-02,AMLAK,,,"1,2,3,4,5,6,7",YES,,,"Weekly:1,2,3,4,5,6,7 | DailyAlways",verified,DailyAlways - daily 365; Daily - daily 365; Daily - daily 365,VERIFIED_135 - A
196,GZ-HIB-001,GZ,ኅብረ ሥላሴ በግእዝ,ኅብረ ሥላሴ በግእዝ,TSE,MC-03,SC-03-05,AMLAK,7,,,,,,Monthly:7,verified,Monthly Day 7 - Monthly Day 7,VERIFIED_135 - C
197,GZ-KOH-001,GZ,ኆኅተ ብርሃን በግእዝ,ኆኅተ ብርሃን በግእዝ,KOH,MC-03,SC-03-04,AMLAK,21,,"1,2,3,4,5,6,7",YES,,,"Monthly:21 | Weekly:1,2,3,4,5,6,7 | DailyAlways",verified,Monthly Day 21 - Daily / Monthly Day 21; DailyAlways - Daily / Monthly Day 21; Daily - Daily / Monthly Day 21,VERIFIED_135 - A
198,GZ-LAH-001,GZ,ላሐ ማርያም በግእዝ,ላሐ ማርያም በግእዝ,LAH,MC-08,SC-08-02,MARIAM,21,"12/16,3/21,5/21,9/1",,,,,"Monthly:21 | Annual:12/16,3/21,5/21,9/1",,Day 21 Monthly Mary (Tsiyon); Hidar 21 Mary of Tsiyon; Ter 21 Astereyo Maryam,NOT_IN_135 - verify
199,GZ-MEL-001,GZ,ሐዲስ መልክዐ መድኃኔዓለም በግእዝ,ሐዲስ መልክዐ መድኃኔዓለም በግእዝ,MEL,MC-06,SC-06-01,AMLAK,27,,"1,2,3,4,5,6,7",YES,,,"Monthly:27 | Weekly:1,2,3,4,5,6,7 | DailyAlways",verified,Monthly Day 27 - Daily / Monthly Day 27; DailyAlways - Daily / Monthly Day 27; Daily - Daily / Monthly Day 27,VERIFIED_135 - C
200,GZ-MEL-002,GZ,መልከዐ ማርያም ዳግሚት በግእዝ,መልከዐ ማርያም ዳግሚት በግእዝ,MEL,MC-06,SC-06-02,MARIAM,21,"12/16,3/21,5/21,9/1",,,,,"Monthly:21 | Annual:12/16,3/21,5/21,9/1",,Day 21 Monthly Mary (Tsiyon); Hidar 21 Mary of Tsiyon; Ter 21 Astereyo Maryam,NOT_IN_135 - verify
201,GZ-MEL-003,GZ,መልከዐ አቡነ ሊቃኖስ በግእዝ,መልከዐ አቡነ ሊቃኖስ በግእዝ,MEL,MC-06,SC-06-03,TESATU,,3/28,,,,,Annual:3/28,,Hidar 28 Rest of Abba Liqanos,NOT_IN_135 - verify
202,GZ-MEL-004,GZ,መልክዐ ሊቀ መላእክት ቅዱስ ሚካኤል ሣልስ በግእዝ,መልክዐ ሊቀ መላእክት ቅዱስ ሚካኤል ሣልስ በግእዝ,MEL,MC-06,SC-06-01,MALAKT,12,"10/12,3/12",,,,,"Monthly:12 | Annual:10/12,3/12",,Monthly Archangel Michael; Hidar 12 Coronation of Michael; Sene 12 Deliverance of Afomiya,NOT_IN_135 - verify
203,GZ-MEL-005,GZ,መልክዐ ሊቀ መላእክት ቅዱስ ሚካኤል ካልዕ በግእዝ,መልክዐ ሊቀ መላእክት ቅዱስ ሚካኤል ካልዕ በግእዝ,MEL,MC-06,SC-06-01,MALAKT,12,"10/12,3/12",,,,,"Monthly:12 | Annual:10/12,3/12",,Monthly Archangel Michael; Hidar 12 Coronation of Michael; Sene 12 Deliverance of Afomiya,NOT_IN_135 - verify
204,GZ-MEL-006,GZ,መልክዐ ሊቀ መላእክት ቅዱስ ሩፋኤል በግእዝ,መልክዐ ሊቀ መላእክት ቅዱስ ሩፋኤል በግእዝ,MEL,MC-06,SC-06-01,MALAKT,13,13/3,,,,,Monthly:13 | Annual:13/3,,Monthly Archangel Raphael; Pagumen 3 Great Raphael Feast,NOT_IN_135 - verify
205,GZ-MEL-007,GZ,መልክዐ ሊቀ መላእክት ቅዱስ ራጉኤል በግእዝ,መልክዐ ሊቀ መላእክት ቅዱስ ራጉኤል በግእዝ,MEL,MC-06,SC-06-01,MALAKT,1,"1/1,13/6",,,,,"Monthly:1 | Annual:1/1,13/6",,Monthly Archangel Raguel; Meskerem 1 Enkutatash Raguel; Pagumen 6,NOT_IN_135 - verify
206,GZ-MEL-008,GZ,መልክዐ ሊቀ መላእክት ቅዱስ ሱርያል በግእዝ,መልክዐ ሊቀ መላእክት ቅዱስ ሱርያል በግእዝ,MEL,MC-06,SC-06-01,MALAKT,27,,"1,2,3,4,5,6,7",YES,,,"Monthly:27 | Weekly:1,2,3,4,5,6,7 | DailyAlways",verified,Monthly Day 27 - Daily / Monthly Day 27; DailyAlways - Daily / Monthly Day 27; Daily - Daily / Monthly Day 27,VERIFIED_135 - C
207,GZ-MEL-009,GZ,መልክዐ ሊቀ መላእክት ቅዱስ በግእዝ,መልክዐ ሊቀ መላእክት ቅዱስ በግእዝ,MEL,MC-06,SC-06-01,MALAKT,12,,"1,2,3,4,5,6,7",YES,,,"Monthly:12 | Weekly:1,2,3,4,5,6,7 | DailyAlways",verified,Monthly Day 12 - Daily / Monthly Day 12; DailyAlways - Daily / Monthly Day 12; Daily - Daily / Monthly Day 12,VERIFIED_135 - C
208,GZ-MEL-010,GZ,መልክዐ ሊቀ መላእክት ቅዱስ አፍኒን በግእዝ,መልክዐ ሊቀ መላእክት ቅዱስ አፍኒን በግእዝ,MEL,MC-06,SC-06-01,MALAKT,,3/8,,,,,Annual:3/8,verified,መልክዐ ሊቀ መላእክት ቅዱስ አፍኒን በግእዝ - ኅዳር 8,VERIFIED_135 - C
209,GZ-MEL-011,GZ,መልክዐ ሊቀ መላእክት ቅዱስ ዑራኤል በግእዝ,መልክዐ ሊቀ መላእክት ቅዱስ ዑራኤል በግእዝ,MEL,MC-06,SC-06-01,MALAKT,22,"11/22,5/22",,,,,"Monthly:22 | Annual:11/22,5/22",,Monthly Archangel Uriel; Ter 22 Great Uriel Feast; Hamle 22 Uriel Feast,NOT_IN_135 - verify
210,GZ-MEL-012,GZ,መልክዐ ሊቀ መላእክት ቅዱስ ዑራኤል ካልእ በግእዝ,መልክዐ ሊቀ መላእክት ቅዱስ ዑራኤል ካልእ በግእዝ,MEL,MC-06,SC-06-01,MALAKT,22,"11/22,5/22",,,,,"Monthly:22 | Annual:11/22,5/22",,Monthly Archangel Uriel; Ter 22 Great Uriel Feast; Hamle 22 Uriel Feast,NOT_IN_135 - verify
211,GZ-MEL-013,GZ,መልክዐ ሊቀ መላእክት ቅዱስ ገብርኤል በግእዝ,መልክዐ ሊቀ መላእክት ቅዱስ ገብርኤል በግእዝ,MEL,MC-06,SC-06-01,MALAKT,19,"11/19,4/19",,,,,"Monthly:19 | Annual:11/19,4/19",,Monthly Archangel Gabriel; Tahsas 19 Deliverance of Three Children; Hamle 19 Deliverance of Qirqos,NOT_IN_135 - verify
212,GZ-MEL-014,GZ,መልክዐ ሊቀ መላእክት ቅዱስ ገብርኤል ካልዕ (ደቅስዮስ) በግእዝ,መልክዐ ሊቀ መላእክት ቅዱስ ገብርኤል ካልዕ (ደቅስዮስ) በግእዝ,MEL,MC-06,SC-06-01,MALAKT,19,"11/19,4/19",,,,,"Monthly:19 | Annual:11/19,4/19",,Monthly Archangel Gabriel; Tahsas 19 Deliverance of Three Children; Hamle 19 Deliverance of Qirqos,NOT_IN_135 - verify
213,GZ-MEL-015,GZ,መልክዐ ሊቀ መላእክት ቅዱስ ፋኑኤል በግእዝ,መልክዐ ሊቀ መላእክት ቅዱስ ፋኑኤል በግእዝ,MEL,MC-06,SC-06-01,MALAKT,3,4/3,,,,,Monthly:3 | Annual:4/3,,Monthly Archangel Phanuel; Tahsas 3 Phanuel and Baata,NOT_IN_135 - verify
214,GZ-MEL-016,GZ,መልክዐ ሊቀ ሰማዕታት ቅዱስ እስጢፋኖስ በግእዝ,መልክዐ ሊቀ ሰማዕታት ቅዱስ እስጢፋኖስ በግእዝ,MEL,MC-06,SC-06-03,SAMAET,17,"2/17,5/1",,,,,"Monthly:17 | Annual:2/17,5/1",,Monthly St. Stephen; Tikimt 17 Finding of Relics; Ter 1 Martyrdom of Stephen,NOT_IN_135 - verify
215,GZ-MEL-017,GZ,መልክዐ ሊቀ ሰማዕታት ቅዱስ እስጢፋኖስ ካልእ በግእዝ,መልክዐ ሊቀ ሰማዕታት ቅዱስ እስጢፋኖስ ካልእ በግእዝ,MEL,MC-06,SC-06-03,SAMAET,17,"2/17,5/1",,,,,"Monthly:17 | Annual:2/17,5/1",,Monthly St. Stephen; Tikimt 17 Finding of Relics; Ter 1 Martyrdom of Stephen,NOT_IN_135 - verify
216,GZ-MEL-018,GZ,መልክዐ ሊባኖስ በግእዝ,መልክዐ ሊባኖስ በግእዝ,MEL,MC-06,SC-06-03,TSADQAN,,5/3,,,,,Annual:5/3,verified,መልክዐ ሊባኖስ በግእዝ - ጥር 3,VERIFIED_135 - B
217,GZ-MEL-019,GZ,መልክዐ ላሊበላ በግዕዝ,መልክዐ ላሊበላ በግዕዝ,MEL,MC-06,SC-06-03,TSADQAN,,"10/12,4/29",,,,,"Annual:10/12,4/29",,Tahsas 29 Lalibela Nativity Memorial; Sene 12 Rest of King Lalibela,NOT_IN_135 - verify
218,GZ-MEL-020,GZ,መልክዐ ልደታ በግእዝ,መልክዐ ልደታ በግእዝ,MEL,MC-06,SC-06-02,MARIAM,1,9/1,,,,,Monthly:1 | Annual:9/1,,Monthly Lideta Day 1; Ginbot 1 Great Nativity of Mary,NOT_IN_135 - verify
219,GZ-MEL-021,GZ,መልክዐ ሐራ ድንግል በግእዝ,መልክዐ ሐራ ድንግል በግእዝ,MEL,MC-06,SC-06-03,TSADQAN,,9/11,,,,,Annual:9/11,verified,መልክዐ ሐራ ድንግል በግእዝ - ግንቦት 11,VERIFIED_135 - A
220,GZ-MEL-022,GZ,መልክዐ ሐና በግእዝ,መልክዐ ሐና በግእዝ,MEL,MC-06,SC-06-03,MARIAM,,"12/7,3/11",,,,,"Annual:12/7,3/11",verified,መልክዐ ሐና በግእዝ - ነሐሴ 7 & ኅዳር 11; መልክዐ ሐና በግእዝ - ነሐሴ 7 & ኅዳር 11,VERIFIED_135 - B
221,GZ-MEL-023,GZ,መልክዐ ሐዋርያት በግእዝ,መልክዐ ሐዋርያት በግእዝ,MEL,MC-06,SC-06-03,HAWARYAT,,"11/5,12/15",,,,,"Annual:11/5,12/15",,Hamle 5 Feast of the Apostles; Nehasse 15 Gathering of Apostles,NOT_IN_135 - verify
222,GZ-MEL-024,GZ,መልክዐ ሕማማተ መስቀል በግእዝ,መልክዐ ሕማማተ መስቀል በግእዝ,MEL,MC-06,SC-06-01,AMLAK,,,,,SEMUNE_HIMAMAT,,Seasonal:SEMUNE_HIMAMAT,verified,,VERIFIED_135 - A
223,GZ-MEL-025,GZ,መልክዐ ሕፃን ሞዐ በግእዝ,መልክዐ ሕፃን ሞዐ በግእዝ,MEL,MC-06,SC-06-03,TSADQAN,,5/25,,,,,Annual:5/25,verified,መልክዐ ሕፃን ሞዐ በግእዝ - ጥር 25,VERIFIED_135 - C
224,GZ-MEL-026,GZ,መልክዐ መቃርዮስ በግእዝ,መልክዐ መቃርዮስ በግእዝ,MEL,MC-06,SC-06-03,TSADQAN,4,"2/19,7/27",,,,,"Monthly:4 | Annual:2/19,7/27",,Monthly Day 4; Tikimt 19; Megabit 27 Rest of Macarius,NOT_IN_135 - verify
225,GZ-MEL-027,GZ,መልክዐ መድኀኔ ዓለም ሣልስ በግዕዝ,መልክዐ መድኀኔ ዓለም ሣልስ በግዕዝ,MEL,MC-06,SC-06-01,AMLAK,27,"3/27,7/27",,,,,"Monthly:27 | Annual:3/27,7/27",,Monthly Medhane Alem; Hidar 27; Megabit 27 Tsinte Siqlet,NOT_IN_135 - verify
226,GZ-MEL-028,GZ,መልክዐ መድኃኔ ዓለም በግእዝ,መልክዐ መድኃኔ ዓለም በግእዝ,MEL,MC-06,SC-06-01,AMLAK,27,"3/27,7/27",,,,,"Monthly:27 | Annual:3/27,7/27",,Monthly Medhane Alem; Hidar 27; Megabit 27 Tsinte Siqlet,NOT_IN_135 - verify
227,GZ-MEL-029,GZ,መልክዐ ማሕየዊ በግእዝ,መልክዐ ማሕየዊ በግእዝ,MEL,MC-06,SC-06-01,AMLAK,,,"3,5",,WED_FRI_HIMAMAT,,"Weekly:3,5 | Seasonal:WED_FRI_HIMAMAT",verified,Weekly 3 - ረቡዕ አርብ ሕማማት ሳምንት; Weekly 5 - ረቡዕ አርብ ሕማማት ሳምንት,VERIFIED_135 - A
228,GZ-MEL-030,GZ,መልክዐ ማርቆስ በግእዝ,መልክዐ ማርቆስ በግእዝ,MEL,MC-06,SC-06-03,HAWARYAT,30,8/30,,,,,Monthly:30 | Annual:8/30,,Monthly St. Mark; Miyazya 30 Martyrdom of St. Mark,NOT_IN_135 - verify
229,GZ-MEL-031,GZ,መልክዐ ማርያም ሣልሲት በግእዝ,መልክዐ ማርያም ሣልሲት በግእዝ,MEL,MC-06,SC-06-02,MARIAM,21,"12/16,3/21,5/21,9/1",,,,,"Monthly:21 | Annual:12/16,3/21,5/21,9/1",,Day 21 Monthly Mary (Tsiyon); Hidar 21 Mary of Tsiyon; Ter 21 Astereyo Maryam,NOT_IN_135 - verify
230,GZ-MEL-032,GZ,መልክዐ ማርያም በግእዝ,መልክዐ ማርያም በግእዝ,MEL,MC-06,SC-06-02,MARIAM,21,"12/16,3/21,5/21,9/1",,,,,"Monthly:21 | Annual:12/16,3/21,5/21,9/1",,Day 21 Monthly Mary (Tsiyon); Hidar 21 Mary of Tsiyon; Ter 21 Astereyo Maryam,NOT_IN_135 - verify
231,GZ-MEL-033,GZ,መልክዐ ሠለስቱ ምዕት በግእዝ,መልክዐ ሠለስቱ ምዕት በግእዝ,MEL,MC-06,SC-06-03,TSADQAN,,4/2,,,,,Annual:4/2,,ቅዱሳን ሠለስቱ ደቂቅ (አናንያ አዛርያ ሚሳኤል) (100% pure Sinksar 4-2),NOT_IN_135 - verify
232,GZ-MEL-034,GZ,መልክዐ ሥሉስ ቅዱስ በግእዝ,መልክዐ ሥሉስ ቅዱስ በግእዝ,MEL,MC-06,SC-06-01,AMLAK,,,,,,,LIBRARY_ONLY,,General Devotional,CHECK - No date mapping
233,GZ-MEL-035,GZ,መልክዐ ሥላሴ በግእዝ,መልክዐ ሥላሴ በግእዝ,MEL,MC-06,SC-06-01,AMLAK,7,,"1,2,3,4,5,6,7",YES,,,"Monthly:7 | Weekly:1,2,3,4,5,6,7 | DailyAlways",verified,Monthly Day 7 - Daily / Monthly Day 7; DailyAlways - Daily / Monthly Day 7; Daily - Daily / Monthly Day 7,VERIFIED_135 - A
234,GZ-MEL-036,GZ,መልክዐ ሥቃዩ ለጊዮርጊስ በግእዝ,መልክዐ ሥቃዩ ለጊዮርጊስ በግእዝ,MEL,MC-06,SC-06-03,SAMAET,23,"3/23,6/23,8/23",,,,,"Monthly:23 | Annual:3/23,6/23,8/23",,Monthly St. George; Hidar 23 Consecration of Church; Yekatit 23 Adwa Victory,NOT_IN_135 - verify
235,GZ-MEL-037,GZ,መልክዐ ሥዕል ካልእ በግእዝ,መልክዐ ሥዕል ካልእ በግእዝ,MEL,MC-06,SC-06-01,AMLAK,,"1/26,3/5",,,MESKEREM_26_HIDAR_5,,"Annual:1/26,3/5 | Seasonal:MESKEREM_26_HIDAR_5",verified,መልክዐ ሥዕል ካልእ በግእዝ - ከመስከረም 26 እስከ ኅዳር 5 ቀን; መልክዐ ሥዕል ካልእ በግእዝ - ከመስከረም 26 እስከ ኅዳር 5 ቀን,VERIFIED_135 - A
236,GZ-MEL-038,GZ,መልክዐ ሰላማ በግእዝ,መልክዐ ሰላማ በግእዝ,MEL,MC-06,SC-06-03,TSADQAN,26,11/26,,,,,Monthly:26 | Annual:11/26,,Monthly Abune Selama; Hamle 26 Rest of Abune Selama,NOT_IN_135 - verify
237,GZ-MEL-039,GZ,መልክዐ ሰማዕት ቅዱስ መርቆሬዎስ በግእዝ,መልክዐ ሰማዕት ቅዱስ መርቆሬዎስ በግእዝ,MEL,MC-06,SC-06-03,SAMAET,25,3/25,,,,,Monthly:25 | Annual:3/25,,Monthly St. Mercurius; Hidar 25 Martyrdom of Mercurius,NOT_IN_135 - verify
238,GZ-MEL-040,GZ,መልክዐ ሰማዕት ቅዱስ ቴዎድሮስ በግእዝ,መልክዐ ሰማዕት ቅዱስ ቴዎድሮስ በግእዝ,MEL,MC-06,SC-06-03,SAMAET,,"12/14,3/20",,,,,"Annual:12/14,3/20",,Hidar 20 Martyrdom of Theodore Banadlewos; Nehasse 14 Theodore the General,NOT_IN_135 - verify
239,GZ-MEL-041,GZ,መልክዐ ሰማዕት ቅዱስ ፋሲለደስ በግእዝ,መልክዐ ሰማዕት ቅዱስ ፋሲለደስ በግእዝ,MEL,MC-06,SC-06-03,SAMAET,,"1/6,6/11",,,,,"Annual:1/6,6/11",,Meskerem 6 Great Feast of Basilides; Yekatit 11 Martyrdom of Basilides,NOT_IN_135 - verify
240,GZ-MEL-042,GZ,መልክዐ ሰማዕት ቅድስት አርሴማ በግእዝ,መልክዐ ሰማዕት ቅድስት አርሴማ በግእዝ,MEL,MC-06,SC-06-03,SAMAET,6,"1/15,2/29",,,,,"Monthly:6 | Annual:1/15,2/29",,Monthly St. Arsema; Meskerem 15 Feast of St. Arsema; Tikimt 29 Martyrdom of Arsema,NOT_IN_135 - verify
241,GZ-MEL-043,GZ,መልክዐ ሰማዕት ቅድስት ኢየሉጣ በግእዝ,መልክዐ ሰማዕት ቅድስት ኢየሉጣ በግእዝ,MEL,MC-06,SC-06-03,SAMAET,15,"11/19,5/15",,,,,"Monthly:15 | Annual:11/19,5/15",,Monthly St. Cyricus; Ter 15; Hamle 19 Martyrdom of Qirqos and Iyeluta,NOT_IN_135 - verify
242,GZ-MEL-044,GZ,መልክዐ ሰንበት በግዕዝ,መልክዐ ሰንበት በግዕዝ,MEL,MC-06,SC-06-01,AMLAK,,,"6,7",,,,"Weekly:6,7",,Qadamit Senbet (Saturday); Senbete Kirstiyan (Sunday),NOT_IN_135 - verify
243,GZ-MEL-045,GZ,መልክዐ ቁስቋም በግእዝ,መልክዐ ቁስቋም በግእዝ,MEL,MC-06,SC-06-02,MARIAM,,3/6,,,,,Annual:3/6,verified,መልክዐ ቁስቋም በግእዝ - ኅዳር 6,VERIFIED_135 - C
244,GZ-MEL-046,GZ,መልክዐ ቅንዋት በግእዝ,መልክዐ ቅንዋት በግእዝ,MEL,MC-06,SC-06-01,AMLAK,,,,,GREAT_LENT,,Seasonal:GREAT_LENT,verified,,VERIFIED_135 - A
245,GZ-MEL-047,GZ,መልክዐ ቅዱሳን ሠለስቱ ደቂቅ በግእዝ,መልክዐ ቅዱሳን ሠለስቱ ደቂቅ በግእዝ,MEL,MC-06,SC-06-03,SAMAET,,4/19,,,,,Annual:4/19,,Tahsas 19 Deliverance from the Furnace,NOT_IN_135 - verify
246,GZ-MEL-048,GZ,መልክዐ ቅዱሳን ዘመጠራ በግእዝ,መልክዐ ቅዱሳን ዘመጠራ በግእዝ,MEL,MC-06,SC-06-03,TSADQAN,,10/17,,,,,Annual:10/17,,ብጹዕ አባ ገሪማ (ይስሐቅ) ዘመደራ (100% pure Sinksar 10-17),NOT_IN_135 - verify
247,GZ-MEL-049,GZ,መልክዐ ቅዱስ መርምሕናም በግእዝ,መልክዐ ቅዱስ መርምሕናም በግእዝ,MEL,MC-06,SC-06-03,SAMAET,,5/20,,,,,Annual:5/20,verified,መልክዐ ቅዱስ መርምሕናም በግእዝ - ታሕሳስ 14 ጥር 20,VERIFIED_135 - A
248,GZ-MEL-050,GZ,መልክዐ ቅዱስ መስቀል ሣልስ በግእዝ,መልክዐ ቅዱስ መስቀል ሣልስ በግእዝ,MEL,MC-06,SC-06-01,AMLAK,,"1/17,7/10",,,,,"Annual:1/17,7/10",verified,መልክዐ ቅዱስ መስቀል ሣልስ በግእዝ - መስከረም 17 & መጋቢት 10; መልክዐ ቅዱስ መስቀል ሣልስ በግእዝ - መስከረም 17 & መጋቢት 10,VERIFIED_135 - A
249,GZ-MEL-051,GZ,መልክዐ ቅዱስ መስቀል በግእዝ,መልክዐ ቅዱስ መስቀል በግእዝ,MEL,MC-06,SC-06-01,AMLAK,,"1/17,7/10",,,,,"Annual:1/17,7/10",verified,መልክዐ ቅዱስ መስቀል በግእዝ - መስከረም 17 & መጋቢት 10; መልክዐ ቅዱስ መስቀል በግእዝ - መስከረም 17 & መጋቢት 10,VERIFIED_135 - A
250,GZ-MEL-052,GZ,መልክዐ ቅዱስ ሚናስ በግእዝ,መልክዐ ቅዱስ ሚናስ በግእዝ,MEL,MC-06,SC-06-03,SAMAET,15,3/15,,,,,Monthly:15 | Annual:3/15,,Monthly Day 15; Hidar 15 Martyrdom of St. Menas,NOT_IN_135 - verify
251,GZ-MEL-053,GZ,መልክዐ ቅዱስ ማርቆስ ካልእ በግእዝ,መልክዐ ቅዱስ ማርቆስ ካልእ በግእዝ,MEL,MC-06,SC-06-03,HAWARYAT,30,8/30,,,,,Monthly:30 | Annual:8/30,,Monthly St. Mark; Miyazya 30 Martyrdom of St. Mark,NOT_IN_135 - verify
252,GZ-MEL-054,GZ,መልክዐ ቅዱስ ቂርቆስ በግእዝ,መልክዐ ቅዱስ ቂርቆስ በግእዝ,MEL,MC-06,SC-06-03,SAMAET,15,"11/19,5/15",,,,,"Monthly:15 | Annual:11/19,5/15",,Monthly St. Cyricus; Ter 15; Hamle 19 Martyrdom of Qirqos and Iyeluta,NOT_IN_135 - verify
253,GZ-MEL-055,GZ,መልክዐ ቅዱስ ታዴዎስ በግእዝ,መልክዐ ቅዱስ ታዴዎስ በግእዝ,MEL,MC-06,SC-06-03,HAWARYAT,,11/2,,,,,Annual:11/2,,Hamle 2 Rest of St. Thaddaeus,NOT_IN_135 - verify
254,GZ-MEL-056,GZ,መልክዐ ቅዱስ አባዲር በግእዝ,መልክዐ ቅዱስ አባዲር በግእዝ,MEL,MC-06,SC-06-03,SAMAET,28,1/28,,,,,Monthly:28 | Annual:1/28,,Monthly Day 28; Meskerem 28 Martyrdom of Abadir,NOT_IN_135 - verify
255,GZ-MEL-057,GZ,መልክዐ ቅዱስ አቦሊ በግእዝ,መልክዐ ቅዱስ አቦሊ በግእዝ,MEL,MC-06,SC-06-03,SAMAET,,12/1,,,,,Annual:12/1,,Nehasse 1 Martyrdom of St. Aboli,NOT_IN_135 - verify
256,GZ-MEL-058,GZ,መልክዐ ቅዱስ አግናጥዮስ ምጥው ለአንበሳ በግእዝ,መልክዐ ቅዱስ አግናጥዮስ ምጥው ለአንበሳ በግእዝ,MEL,MC-06,SC-06-03,SAMAET,,11/1,,,,,Annual:11/1,verified,መልክዐ ቅዱስ አግናጥዮስ ምጥው ለአንበሳ በግእዝ - ሐምሌ 1,VERIFIED_135 - C
257,GZ-MEL-059,GZ,መልክዐ ቅዱስ ኤልያስ ነቢይ ሣልስ በግእዝ,መልክዐ ቅዱስ ኤልያስ ነቢይ ሣልስ በግእዝ,MEL,MC-06,SC-06-03,NEBIYAT,,"4/1,5/6",,,,,"Annual:4/1,5/6",verified,መልክዐ ቅዱስ ኤልያስ ነቢይ ሣልስ በግእዝ - ታኅሣሥ 1 & ጥር 6; መልክዐ ቅዱስ ኤልያስ ነቢይ ሣልስ በግእዝ - ታኅሣሥ 1 & ጥር 6,VERIFIED_135 - B
258,GZ-MEL-060,GZ,መልክዐ ቅዱስ ዮሐንስ መጥምቅ በግእዝ,መልክዐ ቅዱስ ዮሐንስ መጥምቅ- ግዕዝ,MEL,MC-06,SC-06-03,NEBIYAT,,"1/1,1/2,10/30,5/11,6/30,8/15",,,,,"Annual:1/1,1/2,10/30,5/11,6/30,8/15",verified,መልክዐ ቅዱስ ዮሐንስ መጥምቅ በግእዝ - መስከረም 1 መስከረም 2 ሰኔ 30 የካቲት 30 ጥር 11 ሚያዝያ 15; መልክዐ ቅዱስ ዮሐንስ መጥምቅ በግእዝ - መስከረም 1 መስከረም 2 ሰኔ 30 የካቲት 30 ጥር 11 ሚያዝያ 15; መልክዐ ቅዱስ ዮሐንስ መጥምቅ በግእዝ - መስከረም 1 መስከረም 2 ሰኔ 30 የካቲት 30 ጥር 11 ሚያዝያ 15,VERIFIED_135 - B
259,GZ-MEL-061,GZ,መልክዐ ቅዱስ ዮሐንስ ካልእ በግእዝ,መልክዐ ቅዱስ ዮሐንስ ካልእ በግእዝ,MEL,MC-06,SC-06-03,HAWARYAT,4,"5/4,9/4",,,,,"Monthly:4 | Annual:5/4,9/4",,Monthly John the Apostle; Ter 4 Passing of John Evangelist; Ginbot 4 St. John,NOT_IN_135 - verify
260,GZ-MEL-062,GZ,መልክዐ ቅዱስ ዮሐንስ ወንጌላዊ በግእዝ,መልክዐ ቅዱስ ዮሐንስ ወንጌላዊ በግእዝ,MEL,MC-06,SC-06-03,HAWARYAT,4,"5/4,9/4",,,,,"Monthly:4 | Annual:5/4,9/4",,Monthly John the Apostle; Ter 4 Passing of John Evangelist; Ginbot 4 St. John,NOT_IN_135 - verify
261,GZ-MEL-063,GZ,መልክዐ ቅዱስ ዮስጦስ በግእዝ,መልክዐ ቅዱስ ዮስጦስ በግእዝ,MEL,MC-06,SC-06-03,SAMAET,,6/10,,,,,Annual:6/10,verified,መልክዐ ቅዱስ ዮስጦስ በግእዝ - የካቲት 10,VERIFIED_135 - B
262,GZ-MEL-064,GZ,መልክዐ ቅዱስ ዳዊት በግእዝ,መልክዐ ቅዱስ ዳዊት በግእዝ,MEL,MC-06,SC-06-03,NEBIYAT,,"4/23,8/6",,,,,"Annual:4/23,8/6",,Tahsas 23 Rest of King David; Miyazya 6 Birth of King David,NOT_IN_135 - verify
263,GZ-MEL-065,GZ,መልክዐ ቅዱስ ጊዮርጊስ በግእዝ,መልክዐ ቅዱስ ጊዮርጊስ በግእዝ,MEL,MC-06,SC-06-03,SAMAET,23,"3/23,6/23,8/23",,,,,"Monthly:23 | Annual:3/23,6/23,8/23",,Monthly St. George; Hidar 23 Consecration of Church; Yekatit 23 Adwa Victory,NOT_IN_135 - verify
264,GZ-MEL-066,GZ,መልክዐ ቅድስት ፍቅርተ ክርስቶስ በግእዝ,መልክዐ ቅድስት ፍቅርተ ክርስቶስ በግእዝ,MEL,MC-06,SC-06-03,TSADQAN,14,11/14,,,,,Monthly:14 | Annual:11/14,,Monthly Day 14; Hamle 14 Rest of Fikirte Kirstos,NOT_IN_135 - verify
265,GZ-MEL-067,GZ,መልክዐ ቍርባን በግዕዝ,መልክዐ ቍርባን በግዕዝ,MEL,MC-06,SC-06-01,AMLAK,,,,,,,LIBRARY_ONLY,,Holy Communion Preparation and Maundy Thursday,CHECK - No date mapping
266,GZ-MEL-068,GZ,መልክዐ ተክለ ሃይማኖት በግእዝ,መልክዐ ተክለ ሃይማኖት በግእዝ,MEL,MC-06,SC-06-03,TSADQAN,24,"12/24,4/24,9/12",,,,,"Monthly:24 | Annual:12/24,4/24,9/12",,Monthly Tekle Haymanot; Tahsas 24 Nativity of Tekle Haymanot; Ginbot 12 Translation of Relics,NOT_IN_135 - verify
267,GZ-MEL-069,GZ,መልክዐ ተክለ ሃይማኖት ካልእ በግእዝ,መልክዐ ተክለ ሃይማኖት ካልእ በግእዝ,MEL,MC-06,SC-06-03,TSADQAN,24,"12/24,4/24,9/12",,,,,"Monthly:24 | Annual:12/24,4/24,9/12",,Monthly Tekle Haymanot; Tahsas 24 Nativity of Tekle Haymanot; Ginbot 12 Translation of Relics,NOT_IN_135 - verify
268,GZ-MEL-070,GZ,መልክዐ ተክለ ማርያም ዘይሰመይ መብዓ ጽዮን በግእዝ,መልክዐ ተክለ ማርያም ዘይሰመይ መብዓ ጽዮን በግእዝ,MEL,MC-06,SC-06-03,TSADQAN,21,"12/16,3/21,5/21,9/1",,,,,"Monthly:21 | Annual:12/16,3/21,5/21,9/1",,Day 21 Monthly Mary (Tsiyon); Hidar 21 Mary of Tsiyon; Ter 21 Astereyo Maryam,NOT_IN_135 - verify
269,GZ-MEL-071,GZ,መልክዐ ነአኵቶ ለአብ በግእዝ,መልክዐ ነአኵቶ ለአብ በግእዝ,MEL,MC-06,SC-06-03,TSADQAN,,3/3,,,,,Annual:3/3,verified,መልክዐ ነአኵቶ ለአብ በግእዝ - ኅዳር 3,VERIFIED_135 - C
270,GZ-MEL-072,GZ,መልክዐ አማኑኤል በግእዝ,መልክዐ አማኑኤል በግእዝ,MEL,MC-06,SC-06-01,AMLAK,28,,,,,,Monthly:28,,Monthly Emmanuel,NOT_IN_135 - verify
271,GZ-MEL-073,GZ,መልክዐ አረጋዊ በግእዝ,መልክዐ አረጋዊ በግእዝ,MEL,MC-06,SC-06-03,TESATU,14,2/14,,,,,Monthly:14 | Annual:2/14,,Monthly Abune Aregawi; Tikimt 14 Disappearance of Aregawi,NOT_IN_135 - verify
272,GZ-MEL-074,GZ,መልክዐ አቡነ ሊባኖስ ካልእ በግእዝ,መልክዐ አቡነ ሊባኖስ ካልእ በግእዝ,MEL,MC-06,SC-06-03,TSADQAN,,5/3,,,,,Annual:5/3,verified,መልክዐ አቡነ ሊባኖስ ካልእ በግእዝ - ጥር 3,VERIFIED_135 - B
273,GZ-MEL-075,GZ,መልክዐ አቡነ መልከ ጼዴቅ በግእዝ,መልክዐ አቡነ መልከ ጼዴቅ በግእዝ,MEL,MC-06,SC-06-03,TSADQAN,,9/4,"1,2,3,4,5,6,7",YES,,,"Annual:9/4 | Weekly:1,2,3,4,5,6,7 | DailyAlways",verified,መልክዐ አቡነ መልከ ጼዴቅ በግእዝ - ግንቦት 4 and daily every month on day 9; DailyAlways - ግንቦት 4 and daily every month on day 9; Daily - ግንቦት 4 and daily every month on day 9,VERIFIED_135 - B
274,GZ-MEL-076,GZ,መልክዐ አቡነ መርቆሬዎስ ዘደብረ ድማኅ በግእዝ,መልክዐ አቡነ መርቆሬዎስ ዘደብረ ድማኅ በግእዝ,MEL,MC-06,SC-06-03,TSADQAN,25,3/25,,,,,Monthly:25 | Annual:3/25,,Monthly St. Mercurius; Hidar 25 Martyrdom of Mercurius,NOT_IN_135 - verify
275,GZ-MEL-077,GZ,መልክዐ አቡነ መዝገበ ሥላሴ በግእዝ,መልክዐ አቡነ መዝገበ ሥላሴ በግእዝ,MEL,MC-06,SC-06-03,TSADQAN,,"11/7,2/9",,,,,"Annual:11/7,2/9",,አቡነ መዝገበ ሥላሴ ጻድቅ (ኢትዮዽያዊ) (100% pure Sinksar 2-9); Hamle 7 Trinity Visit to Abraham,NOT_IN_135 - verify
276,GZ-MEL-078,GZ,መልክዐ አቡነ መድኃኒነ እግዚእ በግእዝ,መልክዐ አቡነ መድኃኒነ እግዚእ በግእዝ,MEL,MC-06,SC-06-03,TSADQAN,,3/3,,,,,Annual:3/3,,አቡነ መድኃኒነ እግዚእ ጻድቅ (ዘደብረ በንኮል) (100% pure Sinksar 3-3),NOT_IN_135 - verify
277,GZ-MEL-079,GZ,መልክዐ አቡነ ሙሴ በግእዝ,መልክዐ አቡነ ሙሴ በግእዝ,MEL,MC-06,SC-06-03,TSADQAN,,"10/24,12/13",,,,,"Annual:10/24,12/13",,Sene 24 Rest of St. Moses the Black; Nehasse 13 Moses the Prophet,NOT_IN_135 - verify
278,GZ-MEL-080,GZ,መልክዐ አቡነ ማቴዎስ ዘደብረ በርበሬ በግእዝ,መልክዐ አቡነ ማቴዎስ ዘደብረ በርበሬ በግእዝ,MEL,MC-06,SC-06-03,TSADQAN,,2/12,,,,,Annual:2/12,,Tikimt 12 Martyrdom of St. Matthew,NOT_IN_135 - verify
279,GZ-MEL-081,GZ,መልክዐ አቡነ ማቴዎስ ዘደብረ በርበሬ በግእዝ ካልእ,መልክዐ አቡነ ማቴዎስ ዘደብረ በርበሬ ብግእዝ,MEL,MC-06,SC-06-03,TSADQAN,,2/12,,,,,Annual:2/12,,Tikimt 12 Martyrdom of St. Matthew,NOT_IN_135 - verify
280,GZ-MEL-082,GZ,መልክዐ አቡነ ሠምረ ክርስቶስ በግእዝ,መልክዐ አቡነ ሠምረ ክርስቶስ በግእዝ,MEL,MC-06,SC-06-03,TSADQAN,,5/20,,,,,Annual:5/20,verified,መልክዐ አቡነ ሠምረ ክርስቶስ በግእዝ - ጥር 20,VERIFIED_135 - C
281,GZ-MEL-083,GZ,መልክዐ አቡነ ሰይፈ ሚካኤል በግእዝ,መልክዐ አቡነ ሰይፈ ሚካኤል በግእዝ,MEL,MC-06,SC-06-03,TSADQAN,12,"10/12,3/12",,,,,"Monthly:12 | Annual:10/12,3/12",,Monthly Archangel Michael; Hidar 12 Coronation of Michael; Sene 12 Deliverance of Afomiya,NOT_IN_135 - verify
282,GZ-MEL-084,GZ,መልክዐ አቡነ ሳሙኤል በግእዝ ሣልስ በግእዝ,መልክዐ አቡነ ሳሙኤል በግእዝ ሣልስ በግእዝ,MEL,MC-06,SC-06-03,TSADQAN,,4/12,,,,,Annual:4/12,verified,መልክዐ አቡነ ሳሙኤል በግእዝ ሣልስ በግእዝ - ታኅሣሥ 12,VERIFIED_135 - C
283,GZ-MEL-085,GZ,መልክዐ አቡነ ሳሙኤል ዘዋልድባ በግእዝ,መልክዐ አቡነ ሳሙኤል ዘዋልድባ በግእዝ,MEL,MC-06,SC-06-03,TSADQAN,,"4/12,4/9",,,,,"Annual:4/12,4/9",,Tahsas 9 Birth of Samuel of Waldebba; አቡነ ሳሙኤል ዘዋልድባ (100% pure Sinksar 4-12),NOT_IN_135 - verify
284,GZ-MEL-086,GZ,መልክዐ አቡነ ሳሙኤል ዘዋልድባ ካልዕ በግእዝ,መልክዐ አቡነ ሳሙኤል ዘዋልድባ ካልዕ በግእዝ,MEL,MC-06,SC-06-03,TSADQAN,,"4/12,4/9",,,,,"Annual:4/12,4/9",,Tahsas 9 Birth of Samuel of Waldebba; አቡነ ሳሙኤል ዘዋልድባ (100% pure Sinksar 4-12),NOT_IN_135 - verify
285,GZ-MEL-087,GZ,መልክዐ አቡነ ሴት በግእዝ,መልክዐ አቡነ ሴት በግእዝ,MEL,MC-06,SC-06-03,TSADQAN,,3/24,,,,,Annual:3/24,verified,መልክዐ አቡነ ሴት በግእዝ - ኅዳር 24,VERIFIED_135 - C
286,GZ-MEL-088,GZ,መልክዐ አቡነ ቡሩከ አምላክ ዘደብረ ኮል በግእዝ,መልክዐ አቡነ ቡሩከ አምላክ ዘደብረ ኮል በግእዝ,MEL,MC-06,SC-06-03,TSADQAN,,12/14,,,,,Annual:12/14,verified,መልክዐ አቡነ ቡሩከ አምላክ ዘደብረ ኮል በግእዝ - ነሐሴ 14,VERIFIED_135 - C
287,GZ-MEL-089,GZ,መልክዐ አቡነ ብፁዓ አምላክ ዘደብረ ምዕዋን ወዘደብረ ኰዳዱ በግእዝ,መልክዐ አቡነ ብፁዓ አምላክ ዘደብረ ምዕዋን ወዘደብረ ኰዳዱ በግእዝ,MEL,MC-06,SC-06-03,TSADQAN,,"4/1,9/9",,,,,"Annual:4/1,9/9",verified,መልክዐ አቡነ ብፁዓ አምላክ ዘደብረ ምዕዋን ወዘደብረ ኰዳዱ በግእዝ - ታኅሣሥ 1 ግንቦት 9; መልክዐ አቡነ ብፁዓ አምላክ ዘደብረ ምዕዋን ወዘደብረ ኰዳዱ በግእዝ - ታኅሣሥ 1 ግንቦት 9,VERIFIED_135 - C
288,GZ-MEL-090,GZ,መልክዐ አቡነ ተንሥአ መድኅን በግእዝ,መልክዐ አቡነ ተንሥአ መድኅን በግእዝ,MEL,MC-06,SC-06-03,TSADQAN,,10/3,,,,,Annual:10/3,,አቡነ ተጠምቀ መድኅን ጻድቅ (ኢትዮዽያዊ) (100% pure Sinksar 10-3),NOT_IN_135 - verify
289,GZ-MEL-091,GZ,መልክዐ አቡነ ተከስተ ብርሃን በግእዝ,መልክዐ አቡነ ተከስተ ብርሃን በግእዝ,MEL,MC-06,SC-06-03,TSADQAN,,7/10,,,,,Annual:7/10,verified,መልክዐ አቡነ ተከስተ ብርሃን በግእዝ - መጋቢት 10,VERIFIED_135 - B
290,GZ-MEL-092,GZ,መልክዐ አቡነ ተክለ ሃይማኖት በግእዝ,መልክዐ አቡነ ተክለ ሃይማኖት በግእዝ,MEL,MC-06,SC-06-03,TSADQAN,24,"12/24,4/24,9/12",,,,,"Monthly:24 | Annual:12/24,4/24,9/12",,Monthly Tekle Haymanot; Tahsas 24 Nativity of Tekle Haymanot; Ginbot 12 Translation of Relics,NOT_IN_135 - verify
291,GZ-MEL-093,GZ,መልክዐ አቡነ ተክለ አልፋ በግእዝ,መልክዐ አቡነ ተክለ አልፋ በግእዝ,MEL,MC-06,SC-06-03,TSADQAN,24,7/24,,,,,Monthly:24 | Annual:7/24,,Monthly Day 24; Megabit 24,NOT_IN_135 - verify
292,GZ-MEL-094,GZ,መልክዐ አቡነ ቶማስ ዘዘናቁዴ በግእዝ,መልክዐ አቡነ ቶማስ ዘዘናቁዴ በግእዝ,MEL,MC-06,SC-06-03,TSADQAN,,"8/6,9/26",,,,,"Annual:8/6,9/26",,Miyazya 6 Thomas Touching Christ; Ginbot 26 Martyrdom of Thomas,NOT_IN_135 - verify
293,GZ-MEL-095,GZ,መልክዐ አቡነ አቢብ በግእዝ,መልክዐ አቡነ አቢብ በግእዝ,MEL,MC-06,SC-06-03,TSADQAN,,"2/25,8/15",,,,,"Annual:2/25,8/15",verified,መልክዐ አቡነ አቢብ በግእዝ - ጥቅምት 25 & ሚያዝያ 15; መልክዐ አቡነ አቢብ በግእዝ - ጥቅምት 25 & ሚያዝያ 15,VERIFIED_135 - B
294,GZ-MEL-096,GZ,መልክዐ አቡነ አባለ ክርስቶስ በግእዝ,መልክዐ አቡነ አባለ ክርስቶስ በግእዝ,MEL,MC-06,SC-06-03,TSADQAN,,"4/19,6/19",,,,,"Annual:4/19,6/19",verified,መልክዐ አቡነ አባለ ክርስቶስ በግእዝ - ታኅሣሥ 19 የካቲት 19; መልክዐ አቡነ አባለ ክርስቶስ በግእዝ - ታኅሣሥ 19 የካቲት 19,VERIFIED_135 - B
295,GZ-MEL-097,GZ,መልክዐ አቡነ አብራንዮስ ዘደብር ጥሉል በግእዝ,መልክዐ አቡነ አብራንዮስ ዘደብር ጥሉል በግእዝ,MEL,MC-06,SC-06-03,TSADQAN,,12/21,,,,,Annual:12/21,verified,መልክዐ አቡነ አብራንዮስ ዘደብር ጥሉል በግእዝ - ነሐሴ 21,VERIFIED_135 - C
296,GZ-MEL-098,GZ,መልክዐ አቡነ አብርሃም በግእዝ,መልክዐ አቡነ አብርሃም በግእዝ,MEL,MC-06,SC-06-03,TSADQAN,,11/7,,,,,Annual:11/7,verified,መልክዐ አቡነ አብርሃም በግእዝ - ሐምሌ 7,VERIFIED_135 - B
297,GZ-MEL-099,GZ,መልክዐ አቡነ አብሳዲ ዘደብረ ማርያም በግእዝ,መልክዐ አቡነ አብሳዲ ዘደብረ ማርያም በግእዝ,MEL,MC-06,SC-06-03,TSADQAN,21,"12/16,3/21,5/21,9/1",,,,,"Monthly:21 | Annual:12/16,3/21,5/21,9/1",,Day 21 Monthly Mary (Tsiyon); Hidar 21 Mary of Tsiyon; Ter 21 Astereyo Maryam,NOT_IN_135 - verify
298,GZ-MEL-100,GZ,መልክዐ አቡነ አፍቅረነ እግዚእ በግእዝ,መልክዐ አቡነ አፍቅረነ እግዚእ በግእዝ,MEL,MC-06,SC-06-03,TSADQAN,,5/19,,,,,Annual:5/19,,ጻድቁ አቡነ ያፍቅረነ እግዚእ (100% pure Sinksar 5-19),NOT_IN_135 - verify
299,GZ-MEL-101,GZ,መልክዐ አቡነ አፍጼ በግእዝ,መልክዐ አቡነ አፍጼ በግእዝ,MEL,MC-06,SC-06-03,TESATU,,9/29,,,,,Annual:9/29,verified,መልክዐ አቡነ አፍጼ በግእዝ - ግንቦት 29,VERIFIED_135 - A
300,GZ-MEL-102,GZ,መልክዐ አቡነ እንድርያስ ዘደብረ ስኂን (ፅፉን) በግእዝ,መልክዐ አቡነ እንድርያስ ዘደብረ ስኂን (ፅፉን) በግእዝ,MEL,MC-06,SC-06-03,TSADQAN,,4/7,,,,,Annual:4/7,,Tahsas 7 Martyrdom of St. Andrew,NOT_IN_135 - verify
301,GZ-MEL-103,GZ,መልክዐ አቡነ እንድርያስ ዘደብረ ጽጌ በግእዝ,መልክዐ አቡነ እንድርያስ ዘደብረ ጽጌ በግእዝ,MEL,MC-06,SC-06-03,TSADQAN,,4/7,,,,,Annual:4/7,,Tahsas 7 Martyrdom of St. Andrew,NOT_IN_135 - verify
302,GZ-MEL-104,GZ,መልክዐ አቡነ ዕጨጌ ዮሐንስ በግእዝ,መልክዐ አቡነ ዕጨጌ ዮሐንስ በግእዝ,MEL,MC-06,SC-06-03,TSADQAN,,11/29,,,,,Annual:11/29,verified,መልክዐ አቡነ ዕጨጌ ዮሐንስ በግእዝ - ሐምሌ 29,VERIFIED_135 - A
303,GZ-MEL-105,GZ,መልክዐ አቡነ ዘርዐ ቡሩክ በግእዝ,መልክዐ አቡነ ዘርዐ ቡሩክ በግእዝ,MEL,MC-06,SC-06-03,TSADQAN,13,"1/13,2/13,5/13",,,,,"Monthly:13 | Annual:1/13,2/13,5/13",,Monthly Zera Buruk; Meskerem 13; Tikimt 13,NOT_IN_135 - verify
304,GZ-MEL-106,GZ,መልክዐ አቡነ ዜና ማርቆስ በግእዝ,መልክዐ አቡነ ዜና ማርቆስ በግእዝ,MEL,MC-06,SC-06-03,TSADQAN,3,"4/3,7/3",,,,,"Monthly:3 | Annual:4/3,7/3",,Monthly Zena Markos; Tahsas 3 Zena Markos and Baata; Megabit 3,NOT_IN_135 - verify
305,GZ-MEL-107,GZ,መልክዐ አቡነ የሐንስ ዘደብረ ቢዘን በግእዝ,መልክዐ አቡነ የሐንስ ዘደብረ ቢዘን በግእዝ,MEL,MC-06,SC-06-03,TSADQAN,8,9/8,,,,,Monthly:8 | Annual:9/8,,Monthly Day 8; Ginbot 8 Rest of Yohannes of Bizan,NOT_IN_135 - verify
306,GZ-MEL-108,GZ,መልክዐ አቡነ ይምአታ በግእዝ,መልክዐ አቡነ ይምአታ በግእዝ,MEL,MC-06,SC-06-03,TSADQAN,,2/28,,,,,Annual:2/28,,Tikimt 28 Rest of Abba Yimata,NOT_IN_135 - verify
307,GZ-MEL-109,GZ,መልክዐ አቡነ ዮሐንስ ከማ በግእዝ,መልክዐ አቡነ ዮሐንስ ከማ በግእዝ,MEL,MC-06,SC-06-03,TSADQAN,14,12/25,,,,,Monthly:14 | Annual:12/25,,Monthly Day 14; Nehasse 25 Rest of Yohannes Kama,NOT_IN_135 - verify
308,GZ-MEL-110,GZ,መልክዐ አቡነ ዮሐንስ ዘድብረ ዳጋ በግእዝ,መልክዐ አቡነ ዮሐንስ ዘድብረ ዳጋ በግእዝ,MEL,MC-06,SC-06-03,TSADQAN,4,4/28,,,,,Monthly:4 | Annual:4/28,,Monthly Day 4; Tahsas 28 Rest of Yohannes of Daga,NOT_IN_135 - verify
309,GZ-MEL-111,GZ,መልክዐ አቡነ ዮሴፍ በግእዝ,መልክዐ አቡነ ዮሴፍ በግእዝ,MEL,MC-06,SC-06-03,TSADQAN,,9/19,,,,,Annual:9/19,verified,መልክዐ አቡነ ዮሴፍ በግእዝ - ግንቦት 19,VERIFIED_135 - B
310,GZ-MEL-112,GZ,መልክዐ አቡነ ዮስጢኖስ በግእዝ,መልክዐ አቡነ ዮስጢኖስ በግእዝ,MEL,MC-06,SC-06-03,TSADQAN,,12/16,,,,,Annual:12/16,verified,መልክዐ አቡነ ዮስጢኖስ በግእዝ - ነሐሴ 16,VERIFIED_135 - C
311,GZ-MEL-113,GZ,መልክዐ አቡነ ዮናስ ዘደብረ ድኁኃን ዘደብረ ጽጌ ወዘደብረ ጽዮን በግእዝ,መልክዐ አቡነ ዮናስ ዘደብረ ድኁኃን ዘደብረ ጽጌ ወዘደብረ ጽዮን በግእዝ,MEL,MC-06,SC-06-03,TSADQAN,,,,,,,LIBRARY_ONLY,,General Devotional,CHECK - No date mapping
312,GZ-MEL-114,GZ,መልክዐ አቡነ ዳንኤል በግእዝ,መልክዐ አቡነ ዳንኤል በግእዝ,MEL,MC-06,SC-06-03,TSADQAN,,3/6,,,,,Annual:3/6,verified,መልክዐ አቡነ ዳንኤል በግእዝ - ኅዳር 6,VERIFIED_135 - B
313,GZ-MEL-115,GZ,መልክዐ አቡነ ጰንጠሌዎን በግእዝ,መልክዐ አቡነ ጰንጠሌዎን በግእዝ,MEL,MC-06,SC-06-03,TESATU,,2/6,,,,,Annual:2/6,,አባ ዸንጠሌዎን ዘጾማዕት (100% pure Sinksar 2-6),NOT_IN_135 - verify
314,GZ-MEL-116,GZ,መልክዐ አቡነ ጼዋ ለጽድቅ በግእዝ,መልክዐ አቡነ ጼዋ ለጽድቅ በግእዝ,MEL,MC-06,SC-06-03,TSADQAN,,3/29,,,,,Annual:3/29,verified,መልክዐ አቡነ ጼዋ ለጽድቅ በግእዝ - ኅዳር 29,VERIFIED_135 - C
315,GZ-MEL-117,GZ,መልክዐ አቡነ ፊልሞና በግእዝ,መልክዐ አቡነ ፊልሞና በግእዝ,MEL,MC-06,SC-06-03,TSADQAN,,12/5,,,,,Annual:12/5,verified,መልክዐ አቡነ ፊልሞና በግእዝ - ነሐሴ 5,VERIFIED_135 - B
316,GZ-MEL-118,GZ,መልክዐ አቡነ ፊልጶስ በግእዝ,መልክዐ አቡነ ፊልጶስ በግእዝ,MEL,MC-06,SC-06-03,TSADQAN,,11/28,,,,,Annual:11/28,verified,መልክዐ አቡነ ፊልጶስ በግእዝ - ሐምሌ 28,VERIFIED_135 - B
317,GZ-MEL-120,GZ,መልክዐ አቡነ ፊልጶስ ዘደብረ ቢዘን በግእዝ,መልክዐ አቡነ ፊልጶስ ዘደብረ ቢዘን በግእዝ,MEL,MC-06,SC-06-03,TSADQAN,,12/5,,,,,Annual:12/5,,አባ ፊልዾስ ዘደብረ ቢዘን (100% pure Sinksar 12-5),NOT_IN_135 - verify
318,GZ-MEL-121,GZ,መልክዐ አባ በጸሎተ ሚካኤል በግእዝ,መልክዐ አባ በጸሎተ ሚካኤል በግእዝ,MEL,MC-06,SC-06-03,TSADQAN,12,10/12,,,,,Monthly:12 | Annual:10/12,,Monthly Day 12; Sene 12 Rest of Betselote Mikael,NOT_IN_135 - verify
319,GZ-MEL-122,GZ,መልክዐ አባ ኖብ ሰማዕት በግእዝ,መልክዐ አባ ኖብ ሰማዕት በግእዝ,MEL,MC-06,SC-06-03,SAMAET,,11/24,,,,,Annual:11/24,verified,መልክዐ አባ ኖብ ሰማዕት በግእዝ - ሐምሌ 24,VERIFIED_135 - C
320,GZ-MEL-123,GZ,መልክዐ አባ ጊዮርጊስ ዘጋሥጫ በግእዝ,መልክዐ አባ ጊዮርጊስ ዘጋሥጫ በግእዝ,MEL,MC-06,SC-06-03,TSADQAN,23,11/7,,,,,Monthly:23 | Annual:11/7,,Monthly Day 23; Hamle 7 Rest of Abba Giyorgis of Gascha,NOT_IN_135 - verify
321,GZ-MEL-124,GZ,መልክዐ አብርሃም ይሥሐቅ ወያዕቆብ በግእዝ,መልክዐ አብርሃም ይሥሐቅ ወያዕቆብ በግእዝ,MEL,MC-06,SC-06-03,NEBIYAT,,12/24,,,,,Annual:12/24,,አበው አብርሃም ይስሐቅና ያዕቆብ (100% pure Sinksar 12-24),NOT_IN_135 - verify
322,GZ-MEL-125,GZ,መልክዐ አእላፍ መላእክት በግእዝ,መልክዐ አእላፍ መላእክት በግእዝ,MEL,MC-06,SC-06-01,MALAKT,,3/13,,,,,Annual:3/13,,Hidar 13 Gathering of Angels,NOT_IN_135 - verify
323,GZ-MEL-126,GZ,መልክዐ አእላፍ መላእክት ካልእ በግእዝ,መልክዐ አእላፍ መላእክት ካልእ በግእዝ,MEL,MC-06,SC-06-01,MALAKT,,3/13,,,,,Annual:3/13,,Hidar 13 Gathering of Angels,NOT_IN_135 - verify
324,GZ-MEL-127,GZ,መልክዐ አዳም ወሔዋን በግእዝ,መልክዐ አዳም ወሔዋን ግዕዝ,MEL,MC-06,SC-06-03,NEBIYAT,,8/6,,,,,Annual:8/6,,Miyazya 6 Rest of Adam and Eve,NOT_IN_135 - verify
325,GZ-MEL-128,GZ,መልክዐ አᎄነ አሮን መንክራዌ በግእዝ,መልክዐ አᎄነ አሮን መንክራዌ በግእዝ,MEL,MC-06,SC-06-03,TSADQAN,21,9/19,,,,,Monthly:21 | Annual:9/19,,Monthly Day 21; Ginbot 19 Rest of Aron Menkirawi,NOT_IN_135 - verify
326,GZ-MEL-129,GZ,መልክዐ ኢትዮጵያ በግዕዝ,መልክዐ ኢትዮጵያ በግዕዝ,MEL,MC-06,SC-06-01,AMLAK,,1/1,,,,,Annual:1/1,,Enkutatash / New Year Prayer for Peace; National Intercessions,NOT_IN_135 - verify
327,GZ-MEL-130,GZ,መልክዐ ኢየሱስ ሞዐ በግእዝ,መልክዐ ኢየሱስ ሞዐ በግእዝ,MEL,MC-06,SC-06-03,TSADQAN,,3/26,,,,,Annual:3/26,verified,መልክዐ ኢየሱስ ሞዐ በግእዝ - ኅዳር 26,VERIFIED_135 - B
328,GZ-MEL-131,GZ,መልክዐ ኢየሱስ በግእዝ,መልክዐ ኢየሱስ በግእዝ,MEL,MC-06,SC-06-01,AMLAK,29,"4/29,7/29",,,,,"Monthly:29 | Annual:4/29,7/29",,Monthly Baale Wold; Tahsas 29 Lidet (Nativity); Megabit 29 Bisrate Gabriel,NOT_IN_135 - verify
329,GZ-MEL-132,GZ,መልክዐ ኢየሱስ ካልዕ በግእዝ,መልክዐ ኢየሱስ ካልዕ በግእዝ,MEL,MC-06,SC-06-01,AMLAK,29,"4/29,7/29",,,,,"Monthly:29 | Annual:4/29,7/29",,Monthly Baale Wold; Tahsas 29 Lidet (Nativity); Megabit 29 Bisrate Gabriel,NOT_IN_135 - verify
330,GZ-MEL-133,GZ,መልክዐ ኢያቄም በግእዝ,መልክዐ ኢያቄም በግእዝ,MEL,MC-06,SC-06-03,MARIAM,,"12/7,3/11",,,,,"Annual:12/7,3/11",verified,መልክዐ ኢያቄም በግእዝ - ነሐሴ 7 & ኅዳር 11; መልክዐ ኢያቄም በግእዝ - ነሐሴ 7 & ኅዳር 11,VERIFIED_135 - B
331,GZ-MEL-134,GZ,መልክዐ ኤልያስ በግእዝ,መልክዐ ኤልያስ በግእዝ,MEL,MC-06,SC-06-03,NEBIYAT,,"4/1,5/6",,,,,"Annual:4/1,5/6",verified,መልክዐ ኤልያስ በግእዝ - ታኅሣሥ 1 & ጥር 6; መልክዐ ኤልያስ በግእዝ - ታኅሣሥ 1 & ጥር 6,VERIFIED_135 - B
332,GZ-MEL-135,GZ,መልክዐ ኤዎስጣቴዎስ በግእዝ,መልክዐ ኤዎስጣቴዎስ በግእዝ,MEL,MC-06,SC-06-03,TSADQAN,18,1/18,,,,,Monthly:18 | Annual:1/18,,Monthly Abune Ewostatewos; Meskerem 18 Rest of Ewostatewos,NOT_IN_135 - verify
333,GZ-MEL-136,GZ,መልክዐ እስትንፋሰ ክርስቶስ በግእዝ,መልክዐ እስትንፋሰ ክርስቶስ በግእዝ,MEL,MC-06,SC-06-03,TSADQAN,9,"5/9,7/2",,,,,"Monthly:9 | Annual:5/9,7/2",,Monthly Day 9; Ter 9 Rest of Estinfase Kirstos; Megabit 2 Birth of Estinfase Kirstos,NOT_IN_135 - verify
334,GZ-MEL-137,GZ,መልክዐ እንድርያስ ሐዋርያ በግእዝ,መልክዐ እንድርያስ ሐዋርያ በግእዝ,MEL,MC-06,SC-06-03,HAWARYAT,,4/7,,,,,Annual:4/7,,Tahsas 7 Martyrdom of St. Andrew,NOT_IN_135 - verify
335,GZ-MEL-138,GZ,መልክዐ እንጦንዮስ በግእዝ,መልክዐ እንጦንዮስ በግእዝ,MEL,MC-06,SC-06-03,TSADQAN,,,,,,,LIBRARY_ONLY,,General Devotional,CHECK - No date mapping
336,GZ-MEL-139,GZ,መልክዐ እግዚአብሔር አብ በግእዝ,መልክዐ እግዚአብሔር አብ በግእዝ,MEL,MC-06,SC-06-01,AMLAK,13,1/13,,,,,Monthly:13 | Annual:1/13,,Monthly Commemoration of God the Father; Meskerem 13,NOT_IN_135 - verify
337,GZ-MEL-140,GZ,መልክዐ እግዚአብሔር አብ ካልዕ በግእዝ,መልክዐ እግዚአብሔር አብ ካልዕ በግእዝ,MEL,MC-06,SC-06-01,AMLAK,13,1/13,,,,,Monthly:13 | Annual:1/13,,Monthly Commemoration of God the Father; Meskerem 13,NOT_IN_135 - verify
338,GZ-MEL-141,GZ,መልክዐ ኪዳነ ምሕረት በግእዝ,መልክዐ ኪዳነ ምሕረት በግእዝ,MEL,MC-06,SC-06-02,MARIAM,16,6/16,,,,,Monthly:16 | Annual:6/16,,Monthly Kidane Mehret Day 16; Yekatit 16 Covenant of Mercy,NOT_IN_135 - verify
339,GZ-MEL-142,GZ,መልክዐ ካህናተ ሰማይ በግእዝ,መልክዐ ካህናተ ሰማይ በግእዝ,MEL,MC-06,SC-06-01,MALAKT,24,3/24,,,,,Monthly:24 | Annual:3/24,,Monthly 24 Heavenly Priests; Hidar 24 Feast of Heavenly Priests,NOT_IN_135 - verify
340,GZ-MEL-143,GZ,መልክዐ ክርስቶስ ሠምራ በግእዝ,መልክዐ ክርስቶስ ሠምራ በግእዝ,MEL,MC-06,SC-06-03,TSADQAN,24,"12/24,9/12",,,,,"Monthly:24 | Annual:12/24,9/12",,Monthly Kirstos Semra; Ginbot 12 Covenant of Kirstos Semra; Nehasse 24 Rest of Kirstos Semra,NOT_IN_135 - verify
341,GZ-MEL-144,GZ,መልክዐ ዐቢብ ካልዕ በግእዝ,መልክዐ ዐቢብ ካልዕ በግእዝ,MEL,MC-06,SC-06-03,TSADQAN,,"2/25,8/15",,,,,"Annual:2/25,8/15",verified,መልክዐ ዐቢብ ካልዕ በግእዝ - ጥቅምት 25 & ሚያዝያ 15; መልክዐ ዐቢብ ካልዕ በግእዝ - ጥቅምት 25 & ሚያዝያ 15,VERIFIED_135 - B
342,GZ-MEL-145,GZ,መልክዐ ዓቢየ እግዚእ በግእዝ,መልክዐ ዓቢየ እግዚእ በግእዝ,MEL,MC-06,SC-06-03,TSADQAN,,9/19,,,,,Annual:9/19,verified,መልክዐ ዓቢየ እግዚእ በግእዝ - ግንቦት 19,VERIFIED_135 - C
343,GZ-MEL-146,GZ,መልክዐ ያሬድ በግእዝ,መልክዐ ያሬድ በግእዝ,MEL,MC-06,SC-06-03,TSADQAN,,"3/11,9/11",,,,,"Annual:3/11,9/11",,Hidar 11 Blessing of Yaredic Chant; Ginbot 11 Disappearance of Yared,NOT_IN_135 - verify
344,GZ-MEL-147,GZ,መልክዐ ያሬድ ካልዕ በግእዝ,መልክዐ ያሬድ ካልዕ በግእዝ,MEL,MC-06,SC-06-03,TSADQAN,,"3/11,9/11",,,,,"Annual:3/11,9/11",,Hidar 11 Blessing of Yaredic Chant; Ginbot 11 Disappearance of Yared,NOT_IN_135 - verify
345,GZ-MEL-148,GZ,መልክዐ ይምርሃነ ክርስቶስ በግእዝ,መልክዐ ይምርሃነ ክርስቶስ በግእዝ,MEL,MC-06,SC-06-03,TSADQAN,,"2/19,9/19",,,,,"Annual:2/19,9/19",,Tikimt 19 Birth of Yimrehane Kirstos; Ginbot 19 Rest of Yimrehane Kirstos,NOT_IN_135 - verify
346,GZ-MEL-149,GZ,መልክዐ ዮሐንስ ወልደ ነጎድጓድ በግእዝ,መልክዐ ዮሐንስ ወልደ ነጎድጓድ በግእዝ,MEL,MC-06,SC-06-03,HAWARYAT,4,"5/4,9/4",,,,,"Monthly:4 | Annual:5/4,9/4",,Monthly John the Apostle; Ter 4 Passing of John Evangelist; Ginbot 4 St. John,NOT_IN_135 - verify
347,GZ-MEL-150,GZ,መልክዐ ዮሐንስ ፍቁረ እግዚእ በግእዝ,መልክዐ ዮሐንስ ፍቁረ እግዚእ በግእዝ,MEL,MC-06,SC-06-03,HAWARYAT,4,"5/4,9/4",,,,,"Monthly:4 | Annual:5/4,9/4",,Monthly John the Apostle; Ter 4 Passing of John Evangelist; Ginbot 4 St. John,NOT_IN_135 - verify
348,GZ-MEL-151,GZ,መልክዐ ገብረ መንፈስ ቅዱስ በግእዝ,መልክዐ ገብረ መንፈስ ቅዱስ በግእዝ,MEL,MC-06,SC-06-03,TSADQAN,5,"2/5,7/5",,,,,"Monthly:5 | Annual:2/5,7/5",,Monthly Gebre Menfes Kidus; Tikimt 5 Translation of Relics; Megabit 5 Rest of Gebre Menfes Kidus,NOT_IN_135 - verify
349,GZ-MEL-152,GZ,መልክዐ ገብረ መንፈስ ቅዱስ ካልዕ በግእዝ,መልክዐ ገብረ መንፈስ ቅዱስ ካልዕ በግእዝ,MEL,MC-06,SC-06-03,TSADQAN,5,"2/5,7/5",,,,,"Monthly:5 | Annual:2/5,7/5",,Monthly Gebre Menfes Kidus; Tikimt 5 Translation of Relics; Megabit 5 Rest of Gebre Menfes Kidus,NOT_IN_135 - verify
350,GZ-MEL-153,GZ,መልክዐ ገብረ ክርስቶስ በግእዝ,መልክዐ ገብረ ክርስቶስ በግእዝ,MEL,MC-06,SC-06-03,TSADQAN,14,2/14,,,,,Monthly:14 | Annual:2/14,,Monthly Day 14; Tikimt 14 Rest of Gebre Kirstos,NOT_IN_135 - verify
351,GZ-MEL-154,GZ,መልክዐ ጊዮርጊስ በግእዝ,መልክዐ ጊዮርጊስ በግእዝ,MEL,MC-06,SC-06-03,SAMAET,23,"3/23,6/23,8/23",,,,,"Monthly:23 | Annual:3/23,6/23,8/23",,Monthly St. George; Hidar 23 Consecration of Church; Yekatit 23 Adwa Victory,NOT_IN_135 - verify
352,GZ-MEL-155,GZ,መልክዐ ጊዮርጊስ ካልዕ ወሥቃዩ በግእዝ,መልክዐ ጊዮርጊስ ካልዕ ወሥቃዩ በግእዝ,MEL,MC-06,SC-06-03,SAMAET,23,"3/23,6/23,8/23",,,,,"Monthly:23 | Annual:3/23,6/23,8/23",,Monthly St. George; Hidar 23 Consecration of Church; Yekatit 23 Adwa Victory,NOT_IN_135 - verify
353,GZ-MEL-156,GZ,መልክዐ ጠቢበ ጠቢባን በግእዝ,መልክዐ ጠቢበ ጠቢባን በግእዝ,MEL,MC-06,SC-06-01,AMLAK,,,"1,2,3,4,5,6,7",YES,,,"Weekly:1,2,3,4,5,6,7 | DailyAlways",verified,DailyAlways - daily; Daily - daily; Daily - daily,VERIFIED_135 - A
354,GZ-MEL-157,GZ,መልክዐ ጰራቅሊጦስ በግእዝ,መልክዐ ጰራቅሊጦስ በግእዝ,MEL,MC-06,SC-06-01,AMLAK,,,,,,PENTECOST,Seasonal:PENTECOST,,Movable Feast of Pentecost,NOT_IN_135 - verify
355,GZ-MEL-158,GZ,መልክዐ ጴጥሮስ ወጳውሎስ በግእዝ,መልክዐ ጴጥሮስ ወጳውሎስ በግእዝ,MEL,MC-06,SC-06-03,HAWARYAT,5,11/5,,,,,Monthly:5 | Annual:11/5,,Monthly Day 5; Hamle 5 Martyrdom of Peter and Paul,NOT_IN_135 - verify
356,GZ-MEL-159,GZ,መልክዐ ጸበለ ማርያም ቅድስት በግእዝ,መልክዐ ጸበለ ማርያም ቅድስት በግእዝ,MEL,MC-06,SC-06-02,TSADQAN,21,"12/16,3/21,5/21,9/1",,,,,"Monthly:21 | Annual:12/16,3/21,5/21,9/1",,Day 21 Monthly Mary (Tsiyon); Hidar 21 Mary of Tsiyon; Ter 21 Astereyo Maryam,NOT_IN_135 - verify
357,GZ-MEL-160,GZ,መልክዐ ጻድቃን ዘባርክናሃ በግእዝ,መልክዐ ጻድቃን ዘባርክናሃ በግእዝ,MEL,MC-06,SC-06-03,TSADQAN,,4/29,,,,,Annual:4/29,verified,መልክዐ ጻድቃን ዘባርክናሃ በግእዝ - ታኅሣሥ 29,VERIFIED_135 - C
358,GZ-MEL-161,GZ,መልክዐ ጽዮን ማርያም ሣልስ በግእዝ,መልክዐ ጽዮን ማርያም ሣልስ በግእዝ,MEL,MC-06,SC-06-02,MARIAM,21,"12/16,3/21,5/21,9/1",,,,,"Monthly:21 | Annual:12/16,3/21,5/21,9/1",,Day 21 Monthly Mary (Tsiyon); Hidar 21 Mary of Tsiyon; Ter 21 Astereyo Maryam,NOT_IN_135 - verify
359,GZ-MEL-162,GZ,መልክዐ ፊቅጦር በግእዝ,መልክዐ ፊቅጦር በግእዝ,MEL,MC-06,SC-06-03,SAMAET,,"4/5,8/27",,,,,"Annual:4/5,8/27",verified,መልክዐ ፊቅጦር በግእዝ - ሚያዝያ 27 & ታኅሣሥ 5; መልክዐ ፊቅጦር በግእዝ - ሚያዝያ 27 & ታኅሣሥ 5,VERIFIED_135 - B
360,GZ-MEL-163,GZ,መልክዐ ፍልሰታ በግእዝ,መልክዐ ፍልሰታ በግእዝ,MEL,MC-06,SC-06-02,MARIAM,,"12/1,12/16",,,FILSETA_1_16,,"Annual:12/1,12/16 | Seasonal:FILSETA_1_16",verified,መልክዐ ፍልሰታ በግእዝ - ከነሐሴ 1 ቀን እስከ ነሐሴ 16 ቀን; መልክዐ ፍልሰታ በግእዝ - ከነሐሴ 1 ቀን እስከ ነሐሴ 16 ቀን,VERIFIED_135 - A
361,GZ-MEL-164,GZ,መልክዐ ፬ቱ እንስሳ በግእዝ,መልክዐ ፬ቱ እንስሳ በግእዝ,MEL,MC-06,SC-06-01,MALAKT,,3/8,,,,,Annual:3/8,,Hidar 8 Feast of Four Creatures,NOT_IN_135 - verify
362,GZ-MEL-165,GZ,መልክዐ ሊቀ መላእክት ቅዱስ ሚካኤል ካልዕ በግእ,መልክዐ ሊቀ መላእክት ቅዱስ ሚካኤል ካልዕ በግእ,MEL,MC-06,SC-06-01,MALAKT,12,"10/12,3/12",,,,,"Monthly:12 | Annual:10/12,3/12",,Monthly Archangel Michael; Hidar 12 Coronation of Michael; Sene 12 Deliverance of Afomiya,NOT_IN_135 - verify
363,GZ-MET-001,GZ,መጽሐፈ ባርቶስ በግእዝ,መጽሐፈ ባርቶስ በግእዝ,MET,MC-08,SC-08-03,AMLAK,,,"1,2,3,4,5,6,7",YES,,,"Weekly:1,2,3,4,5,6,7 | DailyAlways",verified,DailyAlways - Daily (365); Daily - Daily (365); Daily - Daily (365),VERIFIED_135 - A
364,GZ-MET-003,GZ,መጽሐፈ አርጋኖን በግእዝ,መጽሐፈ አርጋኖን በግእዝ,MET,MC-08,SC-08-01,MARIAM,,,"1,2,3,4,5,6,7",YES,,,"Weekly:1,2,3,4,5,6,7 | DailyAlways",verified,DailyAlways - Daily (365); Daily - Daily (365); Daily - Daily (365),VERIFIED_135 - A
365,GZ-MIK-001,GZ,ምክሐ ምእመናን በግእዝ,ምክሐ ምእመናን በግእዝ,TSE,MC-09,SC-09-04,AMLAK,,9/12,,,,,Annual:9/12,verified,ምክሐ ምእመናን በግእዝ - ግንቦት 12,VERIFIED_135 - B
366,GZ-MIK-002,GZ,ምክሓ ምእመናን በግእዝ,ምክሓ ምእመናን በግእዝ,TSE,MC-09,SC-09-04,AMLAK,,9/12,,,,,Annual:9/12,verified,ምክሓ ምእመናን በግእዝ - ግንቦት 12,VERIFIED_135 - B
367,GZ-MTS-001,GZ,መጽሐፈ ልደታ ለማርያም በግእዝ,መጽሐፈ ልደታ ለማርያም በግእዝ,MTS,MC-08,SC-08-04,MARIAM,1,9/1,,,,,Monthly:1 | Annual:9/1,,Monthly Lideta Day 1; Ginbot 1 Great Nativity of Mary,NOT_IN_135 - verify
368,GZ-MTS-002,GZ,መጽሐፈ ሕይወት ዘትሰመይ ልፋፈ ጽድቅ በግእዝ,መጽሐፈ ሕይወት ዘትሰመይ ልፋፈ ጽድቅ በግእዝ,MTS,MC-09,SC-09-03,TSADQAN,,,,,,,LIBRARY_ONLY,,Memorial and Funeral Services,CHECK - No date mapping
369,GZ-MTS-003,GZ,መጽሐፈ ሜላድ በግእዝ,መጽሐፈ ሜላድ በግእዝ,MTS,MC-04,SC-04-02,TSADQAN,21,,"1,2,3,4,5,6,7",YES,,,"Monthly:21 | Weekly:1,2,3,4,5,6,7 | DailyAlways",verified,Monthly Day 21 - Daily / Monthly Day 21; DailyAlways - Daily / Monthly Day 21; Daily - Daily / Monthly Day 21,VERIFIED_135 - A
370,GZ-MZM-001,GZ,መዝሙረ ክርስቶስ በግእዝ,መዝሙረ ክርስቶስ በግእዝ,MZM,MC-02,SC-02-03,AMLAK,29,"4/29,7/29",,,,,"Monthly:29 | Annual:4/29,7/29",,Monthly Baale Wold; Tahsas 29 Lidet (Nativity); Megabit 29 Bisrate Gabriel,NOT_IN_135 - verify
371,GZ-MZM-002,GZ,መዝሙረ ክርስቶስ ካልዕ በግእዝ,መዝሙረ ክርስቶስ ካልዕ በግእዝ,MZM,MC-02,SC-02-03,AMLAK,29,"4/29,7/29",,,,,"Monthly:29 | Annual:4/29,7/29",,Monthly Baale Wold; Tahsas 29 Lidet (Nativity); Megabit 29 Bisrate Gabriel,NOT_IN_135 - verify
372,GZ-MZM-003,GZ,መዝሙረ ክርስቶስ ዘመኃልየ መኃልይ። በግእዝ,መዝሙረ ክርስቶስ ዘመኃልየ መኃልይ። በግእዝ,MZM,MC-02,SC-02-03,AMLAK,29,"4/29,7/29",,,,,"Monthly:29 | Annual:4/29,7/29",,Monthly Baale Wold; Tahsas 29 Lidet (Nativity); Megabit 29 Bisrate Gabriel,NOT_IN_135 - verify
373,GZ-MZM-004,GZ,መዝሙረ ዳዊት በግእዝ,መዝሙረ ዳዊት በግእዝ,MZM,MC-02,SC-02-01,AMLAK,,,,YES,,,DailyAlways,,Psalter 7 Daily Portions; Psalter 7 Daily Portions; Psalter 7 Daily Portions,NOT_IN_135 - verify
374,GZ-SEL-001,GZ,ሰላም ለፍልሰተ ሥጋኪ በግእዝ,ሰላም ለፍልሰተ ሥጋኪ በግእዝ,TSE,MC-08,SC-08-02,MARIAM,,12/1,,,FILSETA_1_16,,Annual:12/1 | Seasonal:FILSETA_1_16,verified,ሰላም ለፍልሰተ ሥጋኪ በግእዝ - ከነሐሴ 1 እስከ 16,VERIFIED_135 - A
375,GZ-SEY-001,GZ,ሰይፈ መለኮት በግእዝ,ሰይፈ መለኮት በግእዝ,SEY,MC-09,SC-09-01,AMLAK,,,"1,2,3,4,5,6,7",YES,,,"Weekly:1,2,3,4,5,6,7 | DailyAlways",verified,DailyAlways - Daily (365); Daily - Daily (365); Daily - Daily (365),VERIFIED_135 - A
376,GZ-SEY-002,GZ,ሰይፈ ሥላሴ በግእዝ,ሰይፈ ሥላሴ በግእዝ,SEY,MC-09,SC-09-01,AMLAK,7,,"1,2,3,4,5,6,7",YES,,,"Monthly:7 | Weekly:1,2,3,4,5,6,7 | DailyAlways",verified,Monthly Day 7 - Monthly Day 7 / Daily; DailyAlways - Monthly Day 7 / Daily; Daily - Monthly Day 7 / Daily,VERIFIED_135 - A
377,GZ-SME-001,GZ,ስምዐ ጲላጦስ በግእዝ,ስምዐ ጲላጦስ በግእዝ,SME,MC-09,SC-09-05,TSADQAN,,7/22,,,,,Annual:7/22,,Megabit 22 Crucifixion and Passion Week,NOT_IN_135 - verify
378,GZ-TAM-001,GZ,ተአምረ ማርያም በግእዝ,ተአምረ ማርያም በግእዝ,TAM,MC-07,SC-07-01,MARIAM,21,"12/16,3/21,5/21,9/1",,,,,"Monthly:21 | Annual:12/16,3/21,5/21,9/1",,Day 21 Monthly Mary (Tsiyon); Hidar 21 Mary of Tsiyon; Ter 21 Astereyo Maryam,NOT_IN_135 - verify
379,GZ-TAM-002,GZ,ተአምረ ኢየሱስ በግእዝ,ተአምረ ኢየሱስ በግእዝ,TAM,MC-07,SC-07-02,AMLAK,29,"4/29,7/29",,,,,"Monthly:29 | Annual:4/29,7/29",,Monthly Baale Wold; Tahsas 29 Lidet (Nativity); Megabit 29 Bisrate Gabriel,NOT_IN_135 - verify
380,GZ-TAM-003,GZ,ተአምራቲሆሙ ለሥላሴ,ተአምራቲሆሙ ለሥላሴ,TAM,MC-07,SC-07-02,AMLAK,,,"1,2,3,4,5,6,7",YES,SEMUNE_HIMAMAT,,"Weekly:1,2,3,4,5,6,7 | DailyAlways | Seasonal:SEMUNE_HIMAMAT",verified,DailyAlways - Daily / Monthly Day ሰሙነ ሕማማት; Daily - Daily / Monthly Day ሰሙነ ሕማማት; Daily - Daily / Monthly Day ሰሙነ ሕማማት,VERIFIED_135 - A
381,GZ-TBB-001,GZ,ጥበበ ሰሎሞን በግእዝ,ጥበበ ሰሎሞን በግእዝ,TBB,MC-09,SC-09-05,TSADQAN,,10/23,,,,,Annual:10/23,,Rest of King Solomon; Old Testament Wisdom Books,NOT_IN_135 - verify
382,GZ-TEA-001,GZ,ተአምኆ ቅዱሳን በግእዝ,ተአምኆ ቅዱሳን በግእዝ,TEA,MC-03,SC-03-05,TSADQAN,21,,"1,2,3,4,5,6,7",YES,,,"Monthly:21 | Weekly:1,2,3,4,5,6,7 | DailyAlways",verified,Monthly Day 21 - Daily / Monthly Day 21; DailyAlways - Daily / Monthly Day 21; Daily - Daily / Monthly Day 21,VERIFIED_135 - A
383,GZ-TEA-002,GZ,ተአምኆ ዘሥሉስ ቅዱስ በግእዝ,ተአምኆ ዘሥሉስ ቅዱስ በግእዝ,TEA,MC-03,SC-03-05,AMLAK,,,"1,2,3,4,5,6,7",YES,SEMUNE_HIMAMAT,,"Weekly:1,2,3,4,5,6,7 | DailyAlways | Seasonal:SEMUNE_HIMAMAT",verified,DailyAlways - Daily / Monthly Day ሰሙነ ሕማማት; Daily - Daily / Monthly Day ሰሙነ ሕማማት; Daily - Daily / Monthly Day ሰሙነ ሕማማት,VERIFIED_135 - A
384,GZ-TEA-003,GZ,ተአምኆ ዘሥሉስ ቅዱስ በግእዝ ካልእ,ተአምኆ ዘሥሉስ ቅዱስ ግዕዝ,TEA,MC-03,SC-03-05,AMLAK,,,"1,2,3,4,5,6,7",YES,SEMUNE_HIMAMAT,,"Weekly:1,2,3,4,5,6,7 | DailyAlways | Seasonal:SEMUNE_HIMAMAT",verified,DailyAlways - Daily / Monthly Day ሰሙነ ሕማማት; Daily - Daily / Monthly Day ሰሙነ ሕማማት; Daily - Daily / Monthly Day ሰሙነ ሕማማት,VERIFIED_135 - A
385,GZ-TSE-001,GZ,ጸሎተ ሊጦን በግእዝ,ጸሎተ ሊጦን በግእዝ,TSE,MC-01,SC-01-02,AMLAK,,,,YES,,,DailyAlways,,Daily Liton Supplications; Daily Liton Supplications; Daily Liton Supplications,NOT_IN_135 - verify
386,GZ-TSE-002,GZ,ጸሎተ ነቢያት በግእዝ,ጸሎተ ነቢያት በግእዝ,TSE,MC-02,SC-02-02,AMLAK,,,,YES,,,DailyAlways,,Canticles of the Prophets; Canticles of the Prophets; Canticles of the Prophets,NOT_IN_135 - verify
387,GZ-TSE-003,GZ,ጸሎተ ንድራ በግእዝ,ጸሎተ ንድራ በግእዝ,TSE,MC-09,SC-09-03,AMLAK,,,,,,,LIBRARY_ONLY,,Prophylactic Healing from Pestilence,CHECK - No date mapping
388,GZ-TSE-004,GZ,ጸሎተ ኪዳን በግእዝ,ጸሎተ ኪዳን በግእዝ,TSE,MC-01,SC-01-02,AMLAK,,,,YES,,,DailyAlways,,Morning Kidan Office,NOT_IN_135 - verify
389,GZ-TSE-005,GZ,ጸሎተ ዘሠርክ በግእዝ,ጸሎተ ዘሠርክ በግእዝ,TSE,MC-01,SC-01-03,AMLAK,,,,YES,,,DailyAlways,,Evening Vespers Office,NOT_IN_135 - verify
390,GZ-TSE-006,GZ,ጸሎት ዘዘወትር በግእዝ,ጸሎት ዘዘወትር በግእዝ,TSE,MC-01,SC-01-01,MARIAM,,,,YES,,,DailyAlways,,Primary Daily Prayer Rule,NOT_IN_135 - verify
391,GZ-TSE-007,GZ,ጸሎቱ ለጴጥሮስ በግእዝ,ጸሎቱ ለጴጥሮስ በግእዝ,TSE,MC-09,SC-09-04,HAWARYAT,,11/5,,,,,Annual:11/5,verified,ጸሎቱ ለጴጥሮስ በግእዝ - ሐምሌ 5,VERIFIED_135 - C
392,GZ-TUL-001,GZ,መጽሐፈ ቱላዳን በግእዝ,መጽሐፈ ቱላዳን በግእዝ,MET,MC-08,SC-08-03,AMLAK,,,,,,,LIBRARY_ONLY,,Monastic Spiritual Warfare,CHECK - No date mapping
393,GZ-WUD-001,GZ,ውዳሴ መስቀል በግእዝ,ውዳሴ መስቀል በግእዝ,WUD,MC-03,SC-03-03,AMLAK,,,"1,2,3,4,5,6,7",YES,,,"Weekly:1,2,3,4,5,6,7 | DailyAlways",verified,DailyAlways - daily; Daily - daily; Daily - daily,VERIFIED_135 - A
394,GZ-WUD-002,GZ,ውዳሴ ማርያም በግእዝ,ውዳሴ ማርያም በግእዝ,WUD,MC-03,SC-03-01,MARIAM,21,,"1,2,3,4,5,6,7",,,,"Monthly:21 | Weekly:1,2,3,4,5,6,7",,Monthly Mary; Daily Marian Office; Daily Marian Office,NOT_IN_135 - verify
395,GZ-ZNA-001,GZ,ዜናሁ ለንጉሠ ነገሥት በካፋ በግእዝ,ዜናሁ ለንጉሠ ነገሥት በካፋ በግእዝ,ZNA,MC-07,SC-07-04,TSADQAN,,,,,,,LIBRARY_ONLY,,Imperial Royal Chronicle,CHECK - No date mapping
396,GZ-ZNA-002,GZ,ዜናሁ ለንጉሥ ገላውዴዎስ በግእዝ,ዜናሁ ለንጉሥ ገላውዴዎስ በግእዝ,ZNA,MC-07,SC-07-04,TSADQAN,,"10/11,6/12",,,,,"Annual:10/11,6/12",,Yekatit 12 Martyrdom Memorial; Sene 11 Martyrdom of Claudius,NOT_IN_135 - verify
397,GZ-ZNA-003,GZ,ዜና ሕይወቱ ለንጉሥ ላልይበላ በግእዝ,ዜና ሕይወቱ ለንጉሥ ላልይበላ በግእዝ,ZNA,MC-07,SC-07-04,TSADQAN,,"10/12,4/29",,,,,"Annual:10/12,4/29",,Tahsas 29 Lalibela Nativity Memorial; Sene 12 Rest of King Lalibela,NOT_IN_135 - verify
398,GZ-ZNA-004,GZ,ዜና ሥላሴ በግእዝ,ዜና ሥላሴ በግእዝ,ZNA,MC-07,SC-07-03,AMLAK,7,,"1,2,3,4,5,6,7",YES,,,"Monthly:7 | Weekly:1,2,3,4,5,6,7 | DailyAlways",verified,Monthly Day 7 - Daily / Monthly Day 7; DailyAlways - Daily / Monthly Day 7; Daily - Daily / Monthly Day 7,VERIFIED_135 - A
399,OR-MZM-001,OR,MACAAFA FAARFANNAA,MACAAFA FAARFANNAA,MZM,MC-02,SC-02-01,AMLAK,,,,YES,,,DailyAlways,,Psalter 7 Daily Portions; Psalter 7 Daily Portions; Psalter 7 Daily Portions,NOT_IN_135 - verify
400,OR-TSE-001,OR,Kadhannaa Raajootaa,Kadhannaa Raajootaa,TSE,MC-02,SC-02-02,AMLAK,,,,YES,,,DailyAlways,,Canticles of the Prophets; Canticles of the Prophets; Canticles of the Prophets,NOT_IN_135 - verify
401,OR-TSE-002,OR,Kadhannaa Yeroo Hundaa,Kadhannaa Yeroo Hundaa,TSE,MC-01,SC-01-01,MARIAM,,,,YES,,,DailyAlways,,Primary Daily Prayer Rule,NOT_IN_135 - verify
402,OR-WUD-001,OR,Galata Maariyaam,Galata Maariyaam,WUD,MC-03,SC-03-01,MARIAM,,,"1,2,3,4,5,6,7",YES,,,"Weekly:1,2,3,4,5,6,7 | DailyAlways",verified,DailyAlways - Daily (365); Daily - Daily (365); Daily - Daily (365),VERIFIED_135 - C
403,TI-BEE-001,TI,በእንተ ቅድሳት ብትግርኛ,በእንተ ቅድሳት ብትግርኛ,TSE,MC-09,SC-09-04,TSADQAN,,,,YES,,,DailyAlways,,Divine Liturgy Intercessions,NOT_IN_135 - verify
404,TI-GDL-001,TI,ገድሊ ኣቡነ ዘርኣ ቡሩክን ብትግርኛ,ገድሊ ኣቡነ ዘርኣ ቡሩክን ብትግርኛ,GDL,MC-05,SC-05-04,TSADQAN,,"10/7,2/13,5/13",,,,,"Annual:10/7,2/13,5/13",,Tikimt 13; Ter 13; ቅዱስ ቡሩክና አሸናፊ አባ አበስኪሮን (ታላቅ ሰማዕትና ባለ ብዙ ተአምራት) (100% pure Sinksar 10-7),NOT_IN_135 - verify
405,TI-GDL-002,TI,ገድሊ አቡነ እስትንፋስ ክርስቶስ ትግርኛ,ገድሊ አቡነ እስትንፋስ ክርስቶስ ትግርኛ,GDL,MC-05,SC-05-04,TSADQAN,9,"5/9,7/2",,,,,"Monthly:9 | Annual:5/9,7/2",,Monthly Day 9; Ter 9 Rest of Estinfase Kirstos; Megabit 2 Birth of Estinfase Kirstos,NOT_IN_135 - verify
406,TI-MEL-001,TI,መልክአ ሥዕል ብትግርኛ,መልክአ ሥዕል ብትግርኛ,MEL,MC-06,SC-06-01,AMLAK,,"1/26,3/5",,,MESKEREM_26_HIDAR_5,,"Annual:1/26,3/5 | Seasonal:MESKEREM_26_HIDAR_5",verified,መልክአ ሥዕል ብትግርኛ - ከመስከረም 26 እስከ ኅዳር 5 ቀን; መልክአ ሥዕል ብትግርኛ - ከመስከረም 26 እስከ ኅዳር 5 ቀን,VERIFIED_135 - A
407,TI-MZM-001,TI,መዝሙረ ዳዊት ብትግርኛ,መዝሙር,MZM,MC-02,SC-02-01,AMLAK,,,,YES,,,DailyAlways,,Psalter 7 Daily Portions; Psalter 7 Daily Portions; Psalter 7 Daily Portions,NOT_IN_135 - verify
408,TI-MZM-002,TI,መዝሙር መኃልይ ነቢያት ብትግርኛ,መዝሙር መኃልይ ነቢያት ብትግርኛ,MZM,MC-02,SC-02-02,AMLAK,,,,YES,,,DailyAlways,,Canticles of the Prophets; Canticles of the Prophets; Canticles of the Prophets,NOT_IN_135 - verify
409,TI-RAY-001,TI,ራእየ ማርያም ብትግርኛ,ራእየ ማርያም ብትግርኛ,TSE,MC-08,SC-08-02,MARIAM,21,"12/16,3/21,5/21,9/1",,,,,"Monthly:21 | Annual:12/16,3/21,5/21,9/1",,Day 21 Monthly Mary (Tsiyon); Hidar 21 Mary of Tsiyon; Ter 21 Astereyo Maryam,NOT_IN_135 - verify
410,TI-TAM-001,TI,ተአምረ ኢየሱስ ብትግርኛ,ተአምረ ኢየሱስ ብትግርኛ,TAM,MC-07,SC-07-02,AMLAK,29,"4/29,7/29",,,,,"Monthly:29 | Annual:4/29,7/29",,Monthly Baale Wold; Tahsas 29 Lidet (Nativity); Megabit 29 Bisrate Gabriel,NOT_IN_135 - verify
411,TI-TSE-001,TI,መዓልታዊ ሾብዓተ ሰዓታት ጸሎት ብትግርኛ,መዓልታዊ ሾብዓተ ሰዓታት ጸሎት ብትግርኛ,TSE,MC-01,SC-01-03,MARIAM,,,,YES,,,DailyAlways,,Agpeya / 7 Canonical Hours,NOT_IN_135 - verify
412,TI-TSE-002,TI,ናይ ኩሉ ጊዜ ጸሎት ብትግርኛ,ናይ ኩሉ ጊዜ ጸሎት ብትግርኛ,TSE,MC-01,SC-01-01,MARIAM,,,,YES,,,DailyAlways,,Primary Daily Prayer Rule,NOT_IN_135 - verify
413,TI-TSE-003,TI,ጸሎተ ኪዳን ብትግርኛ,ጸሎተ ኪዳን ብትግርኛ,TSE,MC-01,SC-01-02,AMLAK,,,,YES,,,DailyAlways,,Morning Kidan Office,NOT_IN_135 - verify
414,TI-WUD-001,TI,ውዳሴ ማርያም ብትግርኛ,ውዳሴ ማርያም ብትግርኛ,WUD,MC-03,SC-03-01,MARIAM,21,,"1,2,3,4,5,6,7",,,,"Monthly:21 | Weekly:1,2,3,4,5,6,7",,Monthly Mary; Daily Marian Office; Daily Marian Office,NOT_IN_135 - verify
415,TI-WUD-002,TI,ውዳሴ አምላክ ብትግርኛ,ውዳሴ አምላክ ብትግርኛ,WUD,MC-03,SC-03-02,AMLAK,,,"1,2,3,4,5,6,7",,,,"Weekly:1,2,3,4,5,6,7",,Daily Hymn of Praise to God; Daily Hymn of Praise to God; Daily Hymn of Praise to God,NOT_IN_135 - verify
