book_id,title,saint_canonical,final_dates,sinksar_expected_annual,sinksar_expected_monthly_day,tselot_current_dates,missing_vs_verified,extra_vs_verified,action_needed
AM-DRS-005,ድርሳነ ኤልያስ ነቢይ በአማርኛ,,"ታኅሣሥ 1, ጥር 6, ነሐሴ 13 / Monthly Day 6","[(4, 1), (5, 6), (12, 13)]",6,"[(1, 6), (2, 6), (3, 6), (4, 1), (4, 6), (5, 6), (6, 6), (7, 6), (8, 6), (9, 6), (10, 6), (11, 6), (12, 6), (12, 13)]","[(13, 6)]",[],"MISSING [(13, 6)] should ADD, EXTRA [] should REMOVE?"
AM-DRS-010,ድርሳነ ቅዱስ ራጉኤል በአማርኛ,ቅዱስ ራጉኤል,"መስከረም 1, ጳጉሜ 6 / Monthly Day 1","[(1, 1), (13, 6)]",1,"[(1, 1), (2, 1), (3, 1), (4, 1), (5, 1), (6, 1), (7, 1), (8, 1), (9, 1), (10, 1), (11, 1), (12, 1), (13, 6)]","[(13, 1)]",[],"MISSING [(13, 1)] should ADD, EXTRA [] should REMOVE?"
AM-GDL-007,ገድለ አቡነ ገብረ መንፈስ ቅዱስ በአማርኛ,አቡነ ገብረ መንፈስ ቅዱስ,"ጥቅምት 5, ታኅሣሥ 29, መጋቢት 5, መጋቢት 29 / Monthly Day 5","[(2, 5), (4, 29), (7, 5), (7, 29)]",5,"[(1, 5), (2, 5), (3, 5), (4, 5), (4, 29), (5, 5), (6, 5), (7, 5), (7, 29), (8, 5), (9, 5), (10, 5), (11, 5), (12, 5)]","[(13, 5)]",[],"MISSING [(13, 5)] should ADD, EXTRA [] should REMOVE?"
AM-GDL-008,ገድለ ሰማዕት ቅድስት አርሴማ በአማርኛ,ቅድስት አርሴማ,"መስከረም 29, ታኅሣሥ 6, ሰኔ 17 / Monthly Day 6","[(1, 29), (4, 6), (10, 17)]",6,"[(1, 6), (1, 29), (2, 6), (3, 6), (4, 6), (5, 6), (6, 6), (7, 6), (8, 6), (9, 6), (10, 6), (10, 17), (11, 6), (12, 6)]","[(13, 6)]",[],"MISSING [(13, 6)] should ADD, EXTRA [] should REMOVE?"
AM-GDL-013,የቅዱስ ዮሐንስ ገድል በአማርኛ,ቅዱስ ዮሐንስ ወንጌላዊ,"መስከረም 4, መስከረም 29, ጥር 4, ግንቦት 16, ሐምሌ 27 / Monthly Day 4","[(1, 4), (1, 29), (5, 4), (9, 16), (11, 27)]",4,"[(1, 4), (1, 29), (2, 4), (3, 4), (4, 4), (5, 4), (6, 4), (7, 4), (8, 4), (9, 4), (9, 16), (10, 4), (11, 4), (11, 27), (12, 4)]","[(13, 4)]",[],"MISSING [(13, 4)] should ADD, EXTRA [] should REMOVE?"
AM-GDL-019,ገድለ አዳም በአማርኛ,አዳም ወሔዋን,ሚያዝያ 6 / Monthly Day 6,"[(8, 6)]",6,"[(1, 6), (2, 6), (3, 6), (4, 6), (5, 6), (6, 6), (7, 6), (8, 6), (9, 6), (10, 6), (11, 6), (12, 6)]","[(13, 6)]",[],"MISSING [(13, 6)] should ADD, EXTRA [] should REMOVE?"
AM-GDL-028,ገድለ አቡነ አሮን መንክራዊ በአማርኛ,አቡነ አሮን መንክራዊ,መስከረም 5 / Monthly Day 5,"[(1, 5)]",5,"[(1, 5), (2, 5), (3, 5), (4, 5), (5, 5), (6, 5), (7, 5), (8, 5), (9, 5), (10, 5), (11, 5), (12, 5)]","[(13, 5)]",[],"MISSING [(13, 5)] should ADD, EXTRA [] should REMOVE?"
AM-GDL-030,ገድለ ሰማዕት ቅዱስ ቴዎድሮስ በአማርኛ,ቅዱስ ቴዎድሮስ,"ኅዳር 5, ኅዳር 20, ጥር 12, የካቲት 28 / Monthly Day 12, 20","[(3, 5), (3, 20), (5, 12), (6, 28)]",12,"[(1, 12), (1, 20), (2, 12), (2, 20), (3, 5), (3, 12), (3, 20), (4, 12), (4, 20), (5, 12), (5, 20), (6, 12), (6, 20), (6, 28), (7, 12), (7, 20), (8, 12), (8, 20), (9, 12), (9, 20), (10, 12), (10, 20), (11, 12), (11, 20), (12, 12), (12, 20)]",[],"[(1, 20), (2, 20), (4, 20), (5, 20), (6, 20), (7, 20), (8, 20), (9, 20), (10, 20), (11, 20), (12, 20)]","MISSING [] should ADD, EXTRA [(1, 20), (2, 20), (4, 20), (5, 20), (6, 20), (7, 20), (8, 20), (9, 20), (10, 20), (11, 20), (12, 20)] should REMOVE?"
AM-MEL-001,መልክአ ኖላዊ በአማርኛ,ኖላዊ ሔር,"ታኅሣሥ 21 / Monthly Day 21 / Weekly: ሰኞ, ማክሰኞ, ረቡዕ, ሐሙስ, አርብ, ቅዳሜ, እሁድ / Daily: ሁልጊዜ","[(4, 21)]",21,[],"[(1, 21), (2, 21), (3, 21), (4, 21), (5, 21), (6, 21), (7, 21), (8, 21), (9, 21), (10, 21), (11, 21), (12, 21)]",[],"MISSING [(1, 21), (2, 21), (3, 21), (4, 21), (5, 21), (6, 21), (7, 21), (8, 21), (9, 21), (10, 21), (11, 21), (12, 21)] should ADD, EXTRA [] should REMOVE?"
AM-MEL-010,መልክዐ ሥላሴ በአማርኛ,ቅድስት ሥላሴ,"ሐምሌ 7 / Monthly Day 7 / Weekly: ሰኞ, ማክሰኞ, ረቡዕ, ሐሙስ, አርብ, ቅዳሜ, እሁድ / Daily: ሁልጊዜ","[(11, 7)]",7,[],"[(1, 7), (2, 7), (3, 7), (4, 7), (5, 7), (6, 7), (7, 7), (8, 7), (9, 7), (10, 7), (11, 7), (12, 7)]",[],"MISSING [(1, 7), (2, 7), (3, 7), (4, 7), (5, 7), (6, 7), (7, 7), (8, 7), (9, 7), (10, 7), (11, 7), (12, 7)] should ADD, EXTRA [] should REMOVE?"
AM-MEL-011,መልክዐ ቅንዋት በአማርኛ,ቅንዋተ መስቀል,"መስከረም 17, መጋቢት 10 / Monthly Day 10 / Weekly: ረቡዕ, አርብ","[(1, 17), (7, 10)]",10,[],"[(1, 10), (1, 17), (2, 10), (3, 10), (4, 10), (5, 10), (6, 10), (7, 10), (8, 10), (9, 10), (10, 10), (11, 10), (12, 10)]",[],"MISSING [(1, 10), (1, 17), (2, 10), (3, 10), (4, 10), (5, 10), (6, 10), (7, 10), (8, 10), (9, 10), (10, 10), (11, 10), (12, 10)] should ADD, EXTRA [] should REMOVE?"
AM-MEL-014,መልክዐ ቅዱስ ራጉኤል በአማርኛ,ቅዱስ ራጉኤል,"መስከረም 1, ጳጉሜ 6 / Monthly Day 1","[(1, 1), (13, 6)]",1,"[(1, 1), (2, 1), (3, 1), (4, 1), (5, 1), (6, 1), (7, 1), (8, 1), (9, 1), (10, 1), (11, 1), (12, 1), (13, 6)]","[(13, 1)]",[],"MISSING [(13, 1)] should ADD, EXTRA [] should REMOVE?"
AM-MEL-016,መልክዐ ቅዱስ ዮሐንስ ወንጌላዊ በአማርኛ,ቅዱስ ዮሐንስ ወንጌላዊ,"መስከረም 4, መስከረም 29, ጥር 4, ግንቦት 16, ሐምሌ 27 / Monthly Day 4","[(1, 4), (1, 29), (5, 4), (9, 16), (11, 27)]",4,"[(1, 4), (1, 29), (2, 4), (3, 4), (4, 4), (5, 4), (6, 4), (7, 4), (8, 4), (9, 4), (9, 16), (10, 4), (11, 4), (11, 27), (12, 4)]","[(13, 4)]",[],"MISSING [(13, 4)] should ADD, EXTRA [] should REMOVE?"
AM-MEL-023,መልክዐ አዳም ወሔዋን በአማርኛ,አዳም ወሔዋን,ሚያዝያ 6 / Monthly Day 6,"[(8, 6)]",6,"[(1, 6), (2, 6), (3, 6), (4, 6), (5, 6), (6, 6), (7, 6), (8, 6), (9, 6), (10, 6), (11, 6), (12, 6)]","[(13, 6)]",[],"MISSING [(13, 6)] should ADD, EXTRA [] should REMOVE?"
AM-MEL-030,መልክዐ ፍልሰታ በአማርኛ,ፍልሰተ ማርያም,"ነሐሴ 1 - 16 (ጾመ ፍልሠታ ሙሉ ፲፮ ቀናት: ነሐሴ 1, 2, 3, 4, 5, 6, 7, 8, 9, 10, 11, 12, 13, 14, 15, 16)","[(12, 1)]",,"[(12, 1), (12, 2), (12, 3), (12, 4), (12, 5), (12, 6), (12, 7), (12, 8), (12, 9), (12, 10), (12, 11), (12, 12), (12, 13), (12, 14), (12, 15), (12, 16)]",[],"[(12, 2), (12, 3), (12, 4), (12, 5), (12, 6), (12, 7), (12, 8), (12, 9), (12, 10), (12, 11), (12, 12), (12, 13), (12, 14), (12, 15), (12, 16)]","MISSING [] should ADD, EXTRA [(12, 2), (12, 3), (12, 4), (12, 5), (12, 6), (12, 7), (12, 8), (12, 9), (12, 10), (12, 11), (12, 12), (12, 13), (12, 14), (12, 15), (12, 16)] should REMOVE?"
AM-MEL-033,የሐዋርያው የቅዱስ ታዴዎስ መልክዕ በአማርኛ,ቅዱስ ታዴዎስ ሐዋርያ,"ሐምሌ 2, ሐምሌ 29 / Monthly Day 2","[(11, 2), (11, 29)]",2,"[(1, 2), (2, 2), (3, 2), (4, 2), (5, 2), (6, 2), (7, 2), (8, 2), (9, 2), (10, 2), (11, 2), (11, 29), (12, 2)]","[(13, 2)]",[],"MISSING [(13, 2)] should ADD, EXTRA [] should REMOVE?"
AM-MEL-044,የቅዱስ አቦሊ መልክዕ በአማርኛ,ቅዱስ አቦሊ ሰማዕት,"መስከረም 26, ነሐሴ 1 / Monthly Day 1","[(1, 26), (12, 1)]",1,"[(1, 1), (1, 26), (2, 1), (3, 1), (4, 1), (5, 1), (6, 1), (7, 1), (8, 1), (9, 1), (10, 1), (11, 1), (12, 1)]","[(13, 1)]",[],"MISSING [(13, 1)] should ADD, EXTRA [] should REMOVE?"
AM-MEL-046,የቅዱስ እንድርያስ ሐዋርያ መልክዕ በአማርኛ,ቅዱስ እንድርያስ ሐዋርያ,"ታኅሣሥ 4, ሐምሌ 30, ነሐሴ 30 / Monthly Day 4","[(4, 4), (11, 30), (12, 30)]",4,"[(1, 4), (2, 4), (3, 4), (4, 4), (5, 4), (6, 4), (7, 4), (8, 4), (9, 4), (10, 4), (11, 4), (11, 30), (12, 4), (12, 30)]","[(13, 4)]",[],"MISSING [(13, 4)] should ADD, EXTRA [] should REMOVE?"
AM-MEL-047,የቅዱስ ዮሐንስ 2ኛ መልክዕ በአማርኛ,ቅዱስ ዮሐንስ ወንጌላዊ,"መስከረም 4, መስከረም 29, ጥር 4, ግንቦት 16, ሐምሌ 27 / Monthly Day 4","[(1, 4), (1, 29), (5, 4), (9, 16), (11, 27)]",4,"[(1, 4), (1, 29), (2, 4), (3, 4), (4, 4), (5, 4), (6, 4), (7, 4), (8, 4), (9, 4), (9, 16), (10, 4), (11, 4), (11, 27), (12, 4)]","[(13, 4)]",[],"MISSING [(13, 4)] should ADD, EXTRA [] should REMOVE?"
AM-MEL-048,የቅዱስ ዮሐንስ መጥምቅ መልክዕ በአማርኛ,,"መስከረም 1, መስከረም 2, መስከረም 26, ጥር 11, የካቲት 30, ሚያዝያ 15, ሰኔ 2, ሰኔ 30, ጳጉሜን 1 / Monthly Day 2, 30","[(1, 1), (1, 2), (1, 26), (5, 11), (6, 30), (8, 15), (10, 2), (10, 30), (13, 1)]",2,"[(1, 1), (1, 2), (1, 26), (1, 30), (2, 2), (2, 30), (3, 2), (3, 30), (4, 2), (4, 30), (5, 2), (5, 11), (5, 30), (6, 2), (6, 30), (7, 2), (7, 30), (8, 2), (8, 15), (8, 30), (9, 2), (9, 30), (10, 2), (10, 30), (11, 2), (11, 30), (12, 2), (12, 30), (13, 1)]","[(13, 2)]","[(1, 30), (2, 30), (3, 30), (4, 30), (5, 30), (7, 30), (8, 30), (9, 30), (11, 30), (12, 30)]","MISSING [(13, 2)] should ADD, EXTRA [(1, 30), (2, 30), (3, 30), (4, 30), (5, 30), (7, 30), (8, 30), (9, 30), (11, 30), (12, 30)] should REMOVE?"
AM-MEL-052,የነቢዩ የቅዱስ ኤልያስ 3ኛ መልክዕ በአማርኛ,,"ታኅሣሥ 1, ጥር 6, ነሐሴ 13 / Monthly Day 6","[(4, 1), (5, 6), (12, 13)]",6,"[(1, 6), (2, 6), (3, 6), (4, 1), (4, 6), (5, 6), (6, 6), (7, 6), (8, 6), (9, 6), (10, 6), (11, 6), (12, 6), (12, 13)]","[(13, 6)]",[],"MISSING [(13, 6)] should ADD, EXTRA [] should REMOVE?"
AM-MEL-053,የአቡነ ሊባኖስ 2ኛ መልክዕ በአማርኛ,,ጥር 3 / Monthly Day 3,"[(5, 3)]",3,"[(1, 3), (2, 3), (3, 3), (4, 3), (5, 3), (6, 3), (7, 3), (8, 3), (9, 3), (10, 3), (11, 3), (12, 3)]","[(13, 3)]",[],"MISSING [(13, 3)] should ADD, EXTRA [] should REMOVE?"
AM-MEL-062,የአቡነ ዜና ማርቆስ መልክዕ በአማርኛ,አቡነ ዜና ማርቆስ,ታኅሣሥ 3 / Monthly Day 3,"[(4, 3)]",3,"[(1, 3), (2, 3), (3, 3), (4, 3), (5, 3), (6, 3), (7, 3), (8, 3), (9, 3), (10, 3), (11, 3), (12, 3)]","[(13, 3)]",[],"MISSING [(13, 3)] should ADD, EXTRA [] should REMOVE?"
AM-SEL-001,ሰላም ለፍልሰተ ሥጋኪ በአማርኛ,ፍልሰተ ማርያም,"ነሐሴ 1 - 16 (ጾመ ፍልሠታ ሙሉ ፲፮ ቀናት: ነሐሴ 1, 2, 3, 4, 5, 6, 7, 8, 9, 10, 11, 12, 13, 14, 15, 16)","[(12, 1)]",,"[(12, 1), (12, 2), (12, 3), (12, 4), (12, 5), (12, 6), (12, 7), (12, 8), (12, 9), (12, 10), (12, 11), (12, 12), (12, 13), (12, 14), (12, 15), (12, 16)]",[],"[(12, 2), (12, 3), (12, 4), (12, 5), (12, 6), (12, 7), (12, 8), (12, 9), (12, 10), (12, 11), (12, 12), (12, 13), (12, 14), (12, 15), (12, 16)]","MISSING [] should ADD, EXTRA [(12, 2), (12, 3), (12, 4), (12, 5), (12, 6), (12, 7), (12, 8), (12, 9), (12, 10), (12, 11), (12, 12), (12, 13), (12, 14), (12, 15), (12, 16)] should REMOVE?"
AM-TSE-006,ጸሎተ ንድራ በአማርኛ,ጸሎተ ንድራ,ሚያዝያ 26 / Monthly Day 26 / Daily: ሁልጊዜ,"[(8, 26)]",26,[],"[(1, 26), (2, 26), (3, 26), (4, 26), (5, 26), (6, 26), (7, 26), (8, 26), (9, 26), (10, 26), (11, 26), (12, 26)]",[],"MISSING [(1, 26), (2, 26), (3, 26), (4, 26), (5, 26), (6, 26), (7, 26), (8, 26), (9, 26), (10, 26), (11, 26), (12, 26)] should ADD, EXTRA [] should REMOVE?"
GZ-DRS-003,ድርሳነ ቅዱስ ራጉኤል በግእዝ,ቅዱስ ራጉኤል,"መስከረም 1, ጳጉሜ 6 / Monthly Day 1","[(1, 1), (13, 6)]",1,"[(1, 1), (2, 1), (3, 1), (4, 1), (5, 1), (6, 1), (7, 1), (8, 1), (9, 1), (10, 1), (11, 1), (12, 1), (13, 6)]","[(13, 1)]",[],"MISSING [(13, 1)] should ADD, EXTRA [] should REMOVE?"
GZ-GDL-024,ገድለ አቡነ አሮን መንክራዊ ግእዝ,አቡነ አሮን መንክራዊ,መስከረም 5 / Monthly Day 5,"[(1, 5)]",5,"[(1, 5), (2, 5), (3, 5), (4, 5), (5, 5), (6, 5), (7, 5), (8, 5), (9, 5), (10, 5), (11, 5), (12, 5)]","[(13, 5)]",[],"MISSING [(13, 5)] should ADD, EXTRA [] should REMOVE?"
GZ-GDL-030,ገድለ ቅዱስ ቴዎድሮስ በግእዝ,ቅዱስ ቴዎድሮስ,"ኅዳር 5, ኅዳር 20, ጥር 12, የካቲት 28 / Monthly Day 12, 20","[(3, 5), (3, 20), (5, 12), (6, 28)]",12,"[(1, 12), (1, 20), (2, 12), (2, 20), (3, 5), (3, 12), (3, 20), (4, 12), (4, 20), (5, 12), (5, 20), (6, 12), (6, 20), (6, 28), (7, 12), (7, 20), (8, 12), (8, 20), (9, 12), (9, 20), (10, 12), (10, 20), (11, 12), (11, 20), (12, 12), (12, 20)]",[],"[(1, 20), (2, 20), (4, 20), (5, 20), (6, 20), (7, 20), (8, 20), (9, 20), (10, 20), (11, 20), (12, 20)]","MISSING [] should ADD, EXTRA [(1, 20), (2, 20), (4, 20), (5, 20), (6, 20), (7, 20), (8, 20), (9, 20), (10, 20), (11, 20), (12, 20)] should REMOVE?"
GZ-GDL-031,ገድለ ሰማዕት ቅዱስ ቴዎድሮስ በግእዝ,ቅዱስ ቴዎድሮስ,"ኅዳር 5, ኅዳር 20, ጥር 12, የካቲት 28 / Monthly Day 12, 20","[(3, 5), (3, 20), (5, 12), (6, 28)]",12,"[(1, 12), (1, 20), (2, 12), (2, 20), (3, 5), (3, 12), (3, 20), (4, 12), (4, 20), (5, 12), (5, 20), (6, 12), (6, 20), (6, 28), (7, 12), (7, 20), (8, 12), (8, 20), (9, 12), (9, 20), (10, 12), (10, 20), (11, 12), (11, 20), (12, 12), (12, 20)]",[],"[(1, 20), (2, 20), (4, 20), (5, 20), (6, 20), (7, 20), (8, 20), (9, 20), (10, 20), (11, 20), (12, 20)]","MISSING [] should ADD, EXTRA [(1, 20), (2, 20), (4, 20), (5, 20), (6, 20), (7, 20), (8, 20), (9, 20), (10, 20), (11, 20), (12, 20)] should REMOVE?"
GZ-GDL-033,ገድለ ሰማዕት ቅድስት አርሴማ በግእዝ,ቅድስት አርሴማ,"መስከረም 29, ታኅሣሥ 6, ሰኔ 17 / Monthly Day 6","[(1, 29), (4, 6), (10, 17)]",6,"[(1, 6), (1, 29), (2, 6), (3, 6), (4, 6), (5, 6), (6, 6), (7, 6), (8, 6), (9, 6), (10, 6), (10, 17), (11, 6), (12, 6)]","[(13, 6)]",[],"MISSING [(13, 6)] should ADD, EXTRA [] should REMOVE?"
GZ-HIB-001,ኅብረ ሥላሴ በግእዝ,ቅድስት ሥላሴ,Monthly Day 7,[],,"[(1, 7), (2, 7), (3, 7), (4, 7), (5, 7), (6, 7), (7, 7), (8, 7), (9, 7), (10, 7), (11, 7), (12, 7)]",[],"[(1, 7), (2, 7), (3, 7), (4, 7), (5, 7), (6, 7), (7, 7), (8, 7), (9, 7), (10, 7), (11, 7), (12, 7)]","MISSING [] should ADD, EXTRA [(1, 7), (2, 7), (3, 7), (4, 7), (5, 7), (6, 7), (7, 7), (8, 7), (9, 7), (10, 7), (11, 7), (12, 7)] should REMOVE?"
GZ-MEL-007,መልክዐ ሊቀ መላእክት ቅዱስ ራጉኤል በግእዝ,ቅዱስ ራጉኤል,"መስከረም 1, ጳጉሜ 6 / Monthly Day 1","[(1, 1), (13, 6)]",1,"[(1, 1), (2, 1), (3, 1), (4, 1), (5, 1), (6, 1), (7, 1), (8, 1), (9, 1), (10, 1), (11, 1), (12, 1), (13, 6)]","[(13, 1)]",[],"MISSING [(13, 1)] should ADD, EXTRA [] should REMOVE?"
GZ-MEL-015,መልክዐ ሊቀ መላእክት ቅዱስ ፋኑኤል በግእዝ,ቅዱስ ፋኑኤል,ታኅሣሥ 3 / Monthly Day 3,"[(4, 3)]",3,"[(1, 3), (2, 3), (3, 3), (4, 3), (5, 3), (6, 3), (7, 3), (8, 3), (9, 3), (10, 3), (11, 3), (12, 3)]","[(13, 3)]",[],"MISSING [(13, 3)] should ADD, EXTRA [] should REMOVE?"
GZ-MEL-018,መልክዐ ሊባኖስ በግእዝ,,ጥር 3 / Monthly Day 3,"[(5, 3)]",3,"[(1, 3), (2, 3), (3, 3), (4, 3), (5, 3), (6, 3), (7, 3), (8, 3), (9, 3), (10, 3), (11, 3), (12, 3)]","[(13, 3)]",[],"MISSING [(13, 3)] should ADD, EXTRA [] should REMOVE?"
GZ-MEL-020,መልክዐ ልደታ በግእዝ,ልደታ ለማርያም,ግንቦት 1 / Monthly Day 1,"[(9, 1)]",1,"[(1, 1), (2, 1), (3, 1), (4, 1), (5, 1), (6, 1), (7, 1), (8, 1), (9, 1), (10, 1), (11, 1), (12, 1)]","[(13, 1)]",[],"MISSING [(13, 1)] should ADD, EXTRA [] should REMOVE?"
GZ-MEL-035,መልክዐ ሥላሴ በግእዝ,ቅድስት ሥላሴ,"ሐምሌ 7 / Monthly Day 7 / Weekly: ሰኞ, ማክሰኞ, ረቡዕ, ሐሙስ, አርብ, ቅዳሜ, እሁድ / Daily: ሁልጊዜ","[(11, 7)]",7,[],"[(1, 7), (2, 7), (3, 7), (4, 7), (5, 7), (6, 7), (7, 7), (8, 7), (9, 7), (10, 7), (11, 7), (12, 7)]",[],"MISSING [(1, 7), (2, 7), (3, 7), (4, 7), (5, 7), (6, 7), (7, 7), (8, 7), (9, 7), (10, 7), (11, 7), (12, 7)] should ADD, EXTRA [] should REMOVE?"
GZ-MEL-040,መልክዐ ሰማዕት ቅዱስ ቴዎድሮስ በግእዝ,ቅዱስ ቴዎድሮስ,"ኅዳር 5, ኅዳር 20, ጥር 12, የካቲት 28 / Monthly Day 12, 20","[(3, 5), (3, 20), (5, 12), (6, 28)]",12,"[(1, 12), (1, 20), (2, 12), (2, 20), (3, 5), (3, 12), (3, 20), (4, 12), (4, 20), (5, 12), (5, 20), (6, 12), (6, 20), (6, 28), (7, 12), (7, 20), (8, 12), (8, 20), (9, 12), (9, 20), (10, 12), (10, 20), (11, 12), (11, 20), (12, 12), (12, 20)]",[],"[(1, 20), (2, 20), (4, 20), (5, 20), (6, 20), (7, 20), (8, 20), (9, 20), (10, 20), (11, 20), (12, 20)]","MISSING [] should ADD, EXTRA [(1, 20), (2, 20), (4, 20), (5, 20), (6, 20), (7, 20), (8, 20), (9, 20), (10, 20), (11, 20), (12, 20)] should REMOVE?"
GZ-MEL-042,መልክዐ ሰማዕት ቅድስት አርሴማ በግእዝ,ቅድስት አርሴማ,"መስከረም 29, ታኅሣሥ 6, ሰኔ 17 / Monthly Day 6","[(1, 29), (4, 6), (10, 17)]",6,"[(1, 6), (1, 29), (2, 6), (3, 6), (4, 6), (5, 6), (6, 6), (7, 6), (8, 6), (9, 6), (10, 6), (10, 17), (11, 6), (12, 6)]","[(13, 6)]",[],"MISSING [(13, 6)] should ADD, EXTRA [] should REMOVE?"
GZ-MEL-046,መልክዐ ቅንዋት በግእዝ,ቅንዋተ መስቀል,"መስከረም 17, መጋቢት 10 / Monthly Day 10 / Weekly: ረቡዕ, አርብ","[(1, 17), (7, 10)]",10,[],"[(1, 10), (1, 17), (2, 10), (3, 10), (4, 10), (5, 10), (6, 10), (7, 10), (8, 10), (9, 10), (10, 10), (11, 10), (12, 10)]",[],"MISSING [(1, 10), (1, 17), (2, 10), (3, 10), (4, 10), (5, 10), (6, 10), (7, 10), (8, 10), (9, 10), (10, 10), (11, 10), (12, 10)] should ADD, EXTRA [] should REMOVE?"
GZ-MEL-055,መልክዐ ቅዱስ ታዴዎስ በግእዝ,ቅዱስ ታዴዎስ ሐዋርያ,"ሐምሌ 2, ሐምሌ 29 / Monthly Day 2","[(11, 2), (11, 29)]",2,"[(1, 2), (2, 2), (3, 2), (4, 2), (5, 2), (6, 2), (7, 2), (8, 2), (9, 2), (10, 2), (11, 2), (11, 29), (12, 2)]","[(13, 2)]",[],"MISSING [(13, 2)] should ADD, EXTRA [] should REMOVE?"
GZ-MEL-057,መልክዐ ቅዱስ አቦሊ በግእዝ,ቅዱስ አቦሊ ሰማዕት,"መስከረም 26, ነሐሴ 1 / Monthly Day 1","[(1, 26), (12, 1)]",1,"[(1, 1), (1, 26), (2, 1), (3, 1), (4, 1), (5, 1), (6, 1), (7, 1), (8, 1), (9, 1), (10, 1), (11, 1), (12, 1)]","[(13, 1)]",[],"MISSING [(13, 1)] should ADD, EXTRA [] should REMOVE?"
GZ-MEL-059,መልክዐ ቅዱስ ኤልያስ ነቢይ ሣልስ በግእዝ,,"ታኅሣሥ 1, ጥር 6, ነሐሴ 13 / Monthly Day 6","[(4, 1), (5, 6), (12, 13)]",6,"[(1, 6), (2, 6), (3, 6), (4, 1), (4, 6), (5, 6), (6, 6), (7, 6), (8, 6), (9, 6), (10, 6), (11, 6), (12, 6), (12, 13)]","[(13, 6)]",[],"MISSING [(13, 6)] should ADD, EXTRA [] should REMOVE?"
GZ-MEL-060,መልክዐ ቅዱስ ዮሐንስ መጥምቅ በግእዝ,,"መስከረም 1, መስከረም 2, መስከረም 26, ጥር 11, የካቲት 30, ሚያዝያ 15, ሰኔ 2, ሰኔ 30, ጳጉሜን 1 / Monthly Day 2, 30","[(1, 1), (1, 2), (1, 26), (5, 11), (6, 30), (8, 15), (10, 2), (10, 30), (13, 1)]",2,"[(1, 1), (1, 2), (1, 26), (1, 30), (2, 2), (2, 30), (3, 2), (3, 30), (4, 2), (4, 30), (5, 2), (5, 11), (5, 30), (6, 2), (6, 30), (7, 2), (7, 30), (8, 2), (8, 15), (8, 30), (9, 2), (9, 30), (10, 2), (10, 30), (11, 2), (11, 30), (12, 2), (12, 30), (13, 1)]","[(13, 2)]","[(1, 30), (2, 30), (3, 30), (4, 30), (5, 30), (7, 30), (8, 30), (9, 30), (11, 30), (12, 30)]","MISSING [(13, 2)] should ADD, EXTRA [(1, 30), (2, 30), (3, 30), (4, 30), (5, 30), (7, 30), (8, 30), (9, 30), (11, 30), (12, 30)] should REMOVE?"
GZ-MEL-061,መልክዐ ቅዱስ ዮሐንስ ካልእ በግእዝ,ቅዱስ ዮሐንስ ወንጌላዊ,"መስከረም 4, መስከረም 29, ጥር 4, ግንቦት 16, ሐምሌ 27 / Monthly Day 4","[(1, 4), (1, 29), (5, 4), (9, 16), (11, 27)]",4,"[(1, 4), (1, 29), (2, 4), (3, 4), (4, 4), (5, 4), (6, 4), (7, 4), (8, 4), (9, 4), (9, 16), (10, 4), (11, 4), (11, 27), (12, 4)]","[(13, 4)]",[],"MISSING [(13, 4)] should ADD, EXTRA [] should REMOVE?"
GZ-MEL-062,መልክዐ ቅዱስ ዮሐንስ ወንጌላዊ በግእዝ,ቅዱስ ዮሐንስ ወንጌላዊ,"መስከረም 4, መስከረም 29, ጥር 4, ግንቦት 16, ሐምሌ 27 / Monthly Day 4","[(1, 4), (1, 29), (5, 4), (9, 16), (11, 27)]",4,"[(1, 4), (1, 29), (2, 4), (3, 4), (4, 4), (5, 4), (6, 4), (7, 4), (8, 4), (9, 4), (9, 16), (10, 4), (11, 4), (11, 27), (12, 4)]","[(13, 4)]",[],"MISSING [(13, 4)] should ADD, EXTRA [] should REMOVE?"
GZ-MEL-074,መልክዐ አቡነ ሊባኖስ ካልእ በግእዝ,,ጥር 3 / Monthly Day 3,"[(5, 3)]",3,"[(1, 3), (2, 3), (3, 3), (4, 3), (5, 3), (6, 3), (7, 3), (8, 3), (9, 3), (10, 3), (11, 3), (12, 3)]","[(13, 3)]",[],"MISSING [(13, 3)] should ADD, EXTRA [] should REMOVE?"
GZ-MEL-078,መልክዐ አቡነ መድኃኒነ እግዚእ በግእዝ,አቡነ መድኃኒነ እግዚእ,ኅዳር 3 / Monthly Day 3,"[(3, 3)]",3,"[(1, 3), (2, 3), (3, 3), (4, 3), (5, 3), (6, 3), (7, 3), (8, 3), (9, 3), (10, 3), (11, 3), (12, 3)]","[(13, 3)]",[],"MISSING [(13, 3)] should ADD, EXTRA [] should REMOVE?"
GZ-MEL-090,መልክዐ አቡነ ተንሥአ መድኅን በግእዝ,ተንሥአ መድኅን,Seasonal: ከትንሣኤ እስከ ጰራቅሊጦስ (50 ቀናት),[],,"[(5, 19)]",[],"[(5, 19)]","MISSING [] should ADD, EXTRA [(5, 19)] should REMOVE?"
GZ-MEL-106,መልክዐ አቡነ ዜና ማርቆስ በግእዝ,አቡነ ዜና ማርቆስ,ታኅሣሥ 3 / Monthly Day 3,"[(4, 3)]",3,"[(1, 3), (2, 3), (3, 3), (4, 3), (5, 3), (6, 3), (7, 3), (8, 3), (9, 3), (10, 3), (11, 3), (12, 3)]","[(13, 3)]",[],"MISSING [(13, 3)] should ADD, EXTRA [] should REMOVE?"
GZ-MEL-107,መልክዐ አቡነ የሐንስ ዘደብረ ቢዘን በግእዝ,አቡነ የሐንስ ዘደብረ ቢዘን,Monthly Day 13,[],,"[(1, 13), (2, 13), (3, 13), (4, 13), (5, 13), (6, 13), (7, 13), (8, 13), (9, 13), (10, 13), (11, 13), (12, 13)]",[],"[(1, 13), (2, 13), (3, 13), (4, 13), (5, 13), (6, 13), (7, 13), (8, 13), (9, 13), (10, 13), (11, 13), (12, 13)]","MISSING [] should ADD, EXTRA [(1, 13), (2, 13), (3, 13), (4, 13), (5, 13), (6, 13), (7, 13), (8, 13), (9, 13), (10, 13), (11, 13), (12, 13)] should REMOVE?"
GZ-MEL-127,መልክዐ አዳም ወሔዋን በግእዝ,አዳም ወሔዋን,ሚያዝያ 6 / Monthly Day 6,"[(8, 6)]",6,"[(1, 6), (2, 6), (3, 6), (4, 6), (5, 6), (6, 6), (7, 6), (8, 6), (9, 6), (10, 6), (11, 6), (12, 6)]","[(13, 6)]",[],"MISSING [(13, 6)] should ADD, EXTRA [] should REMOVE?"
GZ-MEL-128,መልክዐ አᎄነ አሮን መንክራዌ በግእዝ,አቡነ አሮን መንክራዊ,መስከረም 5 / Monthly Day 5,"[(1, 5)]",5,"[(1, 5), (2, 5), (3, 5), (4, 5), (5, 5), (6, 5), (7, 5), (8, 5), (9, 5), (10, 5), (11, 5), (12, 5)]","[(13, 5)]",[],"MISSING [(13, 5)] should ADD, EXTRA [] should REMOVE?"
GZ-MEL-134,መልክዐ ኤልያስ በግእዝ,,"ታኅሣሥ 1, ጥር 6, ነሐሴ 13 / Monthly Day 6","[(4, 1), (5, 6), (12, 13)]",6,"[(1, 6), (2, 6), (3, 6), (4, 1), (4, 6), (5, 6), (6, 6), (7, 6), (8, 6), (9, 6), (10, 6), (11, 6), (12, 6), (12, 13)]","[(13, 6)]",[],"MISSING [(13, 6)] should ADD, EXTRA [] should REMOVE?"
GZ-MEL-135,መልክዐ ኤዎስጣቴዎስ በግእዝ,አቡነ ኤዎስጣቴዎስ,መስከረም 18,"[(1, 18)]",,"[(1, 18), (2, 18), (3, 18), (4, 18), (5, 18), (6, 18), (7, 18), (8, 18), (9, 18), (10, 18), (11, 18), (12, 18)]",[],"[(2, 18), (3, 18), (4, 18), (5, 18), (6, 18), (7, 18), (8, 18), (9, 18), (10, 18), (11, 18), (12, 18)]","MISSING [] should ADD, EXTRA [(2, 18), (3, 18), (4, 18), (5, 18), (6, 18), (7, 18), (8, 18), (9, 18), (10, 18), (11, 18), (12, 18)] should REMOVE?"
GZ-MEL-137,መልክዐ እንድርያስ ሐዋርያ በግእዝ,ቅዱስ እንድርያስ ሐዋርያ,"ታኅሣሥ 4, ሐምሌ 30, ነሐሴ 30 / Monthly Day 4","[(4, 4), (11, 30), (12, 30)]",4,"[(1, 4), (2, 4), (3, 4), (4, 4), (5, 4), (6, 4), (7, 4), (8, 4), (9, 4), (10, 4), (11, 4), (11, 30), (12, 4), (12, 30)]","[(13, 4)]",[],"MISSING [(13, 4)] should ADD, EXTRA [] should REMOVE?"
GZ-MEL-139,መልክዐ እግዚአብሔር አብ በግእዝ,እግዚአብሔር አብ,Monthly Day 13,[],,"[(1, 13), (2, 13), (3, 13), (4, 13), (5, 13), (6, 13), (7, 13), (8, 13), (9, 13), (10, 13), (11, 13), (12, 13)]",[],"[(1, 13), (2, 13), (3, 13), (4, 13), (5, 13), (6, 13), (7, 13), (8, 13), (9, 13), (10, 13), (11, 13), (12, 13)]","MISSING [] should ADD, EXTRA [(1, 13), (2, 13), (3, 13), (4, 13), (5, 13), (6, 13), (7, 13), (8, 13), (9, 13), (10, 13), (11, 13), (12, 13)] should REMOVE?"
GZ-MEL-140,መልክዐ እግዚአብሔር አብ ካልዕ በግእዝ,እግዚአብሔር አብ,Monthly Day 13,[],,"[(1, 13), (2, 13), (3, 13), (4, 13), (5, 13), (6, 13), (7, 13), (8, 13), (9, 13), (10, 13), (11, 13), (12, 13)]",[],"[(1, 13), (2, 13), (3, 13), (4, 13), (5, 13), (6, 13), (7, 13), (8, 13), (9, 13), (10, 13), (11, 13), (12, 13)]","MISSING [] should ADD, EXTRA [(1, 13), (2, 13), (3, 13), (4, 13), (5, 13), (6, 13), (7, 13), (8, 13), (9, 13), (10, 13), (11, 13), (12, 13)] should REMOVE?"
GZ-MEL-149,መልክዐ ዮሐንስ ወልደ ነጎድጓድ በግእዝ,ቅዱስ ዮሐንስ ወንጌላዊ,"መስከረም 4, መስከረም 29, ጥር 4, ግንቦት 16, ሐምሌ 27 / Monthly Day 4","[(1, 4), (1, 29), (5, 4), (9, 16), (11, 27)]",4,"[(1, 4), (1, 29), (2, 4), (3, 4), (4, 4), (5, 4), (6, 4), (7, 4), (8, 4), (9, 4), (9, 16), (10, 4), (11, 4), (11, 27), (12, 4)]","[(13, 4)]",[],"MISSING [(13, 4)] should ADD, EXTRA [] should REMOVE?"
GZ-MEL-150,መልክዐ ዮሐንስ ፍቁረ እግዚእ በግእዝ,ቅዱስ ዮሐንስ ወንጌላዊ,"መስከረም 4, መስከረም 29, ጥር 4, ግንቦት 16, ሐምሌ 27 / Monthly Day 4","[(1, 4), (1, 29), (5, 4), (9, 16), (11, 27)]",4,"[(1, 4), (1, 29), (2, 4), (3, 4), (4, 4), (5, 4), (6, 4), (7, 4), (8, 4), (9, 4), (9, 16), (10, 4), (11, 4), (11, 27), (12, 4)]","[(13, 4)]",[],"MISSING [(13, 4)] should ADD, EXTRA [] should REMOVE?"
GZ-MEL-151,መልክዐ ገብረ መንፈስ ቅዱስ በግእዝ,አቡነ ገብረ መንፈስ ቅዱስ,"ጥቅምት 5, ታኅሣሥ 29, መጋቢት 5, መጋቢት 29 / Monthly Day 5","[(2, 5), (4, 29), (7, 5), (7, 29)]",5,"[(1, 5), (2, 5), (3, 5), (4, 5), (4, 29), (5, 5), (6, 5), (7, 5), (7, 29), (8, 5), (9, 5), (10, 5), (11, 5), (12, 5)]","[(13, 5)]",[],"MISSING [(13, 5)] should ADD, EXTRA [] should REMOVE?"
GZ-MEL-152,መልክዐ ገብረ መንፈስ ቅዱስ ካልዕ በግእዝ,አቡነ ገብረ መንፈስ ቅዱስ,"ጥቅምት 5, ታኅሣሥ 29, መጋቢት 5, መጋቢት 29 / Monthly Day 5","[(2, 5), (4, 29), (7, 5), (7, 29)]",5,"[(1, 5), (2, 5), (3, 5), (4, 5), (4, 29), (5, 5), (6, 5), (7, 5), (7, 29), (8, 5), (9, 5), (10, 5), (11, 5), (12, 5)]","[(13, 5)]",[],"MISSING [(13, 5)] should ADD, EXTRA [] should REMOVE?"
GZ-MEL-163,መልክዐ ፍልሰታ በግእዝ,ፍልሰተ ማርያም,"ነሐሴ 1 - 16 (ጾመ ፍልሠታ ሙሉ ፲፮ ቀናት: ነሐሴ 1, 2, 3, 4, 5, 6, 7, 8, 9, 10, 11, 12, 13, 14, 15, 16)","[(12, 1)]",,"[(12, 1), (12, 2), (12, 3), (12, 4), (12, 5), (12, 6), (12, 7), (12, 8), (12, 9), (12, 10), (12, 11), (12, 12), (12, 13), (12, 14), (12, 15), (12, 16)]",[],"[(12, 2), (12, 3), (12, 4), (12, 5), (12, 6), (12, 7), (12, 8), (12, 9), (12, 10), (12, 11), (12, 12), (12, 13), (12, 14), (12, 15), (12, 16)]","MISSING [] should ADD, EXTRA [(12, 2), (12, 3), (12, 4), (12, 5), (12, 6), (12, 7), (12, 8), (12, 9), (12, 10), (12, 11), (12, 12), (12, 13), (12, 14), (12, 15), (12, 16)] should REMOVE?"
GZ-MTS-001,መጽሐፈ ልደታ ለማርያም በግእዝ,ዕፀ ልደታ ለማርያም,ግንቦት 1 / Monthly Day 1,"[(9, 1)]",1,"[(1, 1), (2, 1), (3, 1), (4, 1), (5, 1), (6, 1), (7, 1), (8, 1), (9, 1), (10, 1), (11, 1), (12, 1)]","[(13, 1)]",[],"MISSING [(13, 1)] should ADD, EXTRA [] should REMOVE?"
GZ-SEL-001,ሰላም ለፍልሰተ ሥጋኪ በግእዝ,ፍልሰተ ማርያም,"ነሐሴ 1 - 16 (ጾመ ፍልሠታ ሙሉ ፲፮ ቀናት: ነሐሴ 1, 2, 3, 4, 5, 6, 7, 8, 9, 10, 11, 12, 13, 14, 15, 16)","[(12, 1)]",,"[(12, 1), (12, 2), (12, 3), (12, 4), (12, 5), (12, 6), (12, 7), (12, 8), (12, 9), (12, 10), (12, 11), (12, 12), (12, 13), (12, 14), (12, 15), (12, 16)]",[],"[(12, 2), (12, 3), (12, 4), (12, 5), (12, 6), (12, 7), (12, 8), (12, 9), (12, 10), (12, 11), (12, 12), (12, 13), (12, 14), (12, 15), (12, 16)]","MISSING [] should ADD, EXTRA [(12, 2), (12, 3), (12, 4), (12, 5), (12, 6), (12, 7), (12, 8), (12, 9), (12, 10), (12, 11), (12, 12), (12, 13), (12, 14), (12, 15), (12, 16)] should REMOVE?"
GZ-TSE-003,ጸሎተ ንድራ በግእዝ,ጸሎተ ንድራ,ሚያዝያ 26 / Monthly Day 26 / Daily: ሁልጊዜ,"[(8, 26)]",26,[],"[(1, 26), (2, 26), (3, 26), (4, 26), (5, 26), (6, 26), (7, 26), (8, 26), (9, 26), (10, 26), (11, 26), (12, 26)]",[],"MISSING [(1, 26), (2, 26), (3, 26), (4, 26), (5, 26), (6, 26), (7, 26), (8, 26), (9, 26), (10, 26), (11, 26), (12, 26)] should ADD, EXTRA [] should REMOVE?"
