eth_date,day_id,sinksar_saints_count,tselot_books_count,matched,missing_count,match_rate_percent,missing_saints_list
1-1,1,8,16,3,5,38,ርዕሰ ዓውደ ዓመት (annual) | ቅዱስ በርተሎሜዎስ ሐዋርያ (annual) | ቅዱስ /ማር/ ሚልኪ (ትሩፈ ምግባር) (annual) | ቅዱስ ኢዮብ ተአጋሲ (annual) | ቅዱስ ሜልዮስ ሊቀ ዻዻሳት (annual)
1-2,2,10,4,2,8,20,ቅዱስ ዳስያ ሰማዕት (annual) | ቅዱስ ዲዲሞስ ሰማዕት (annual) | ቅድስት መሪና (annual) | ቅዱስ ኢዮብ ጻድቅ ተአጋሲ (monthly) | ቅዱስ አቤል ጻድቅ (monthly) | ቅዱስ አባ ዻውሊ ገዳማዊ (ታላቁ) (monthly) | ቅዱስ ሳዊሮስ ዘአንጾኪያ (monthly) | አባ ሕርያቆስ ዘሃገረ ብሕንሳ (monthly)
1-3,3,13,11,4,9,31,አባ ሙሴ ዘደብረ ሲሐት (annual) | አባ አንበስ ኢትዮዽያዊ (annual) | አበው ኤዺስ ቆዾሳት (annual) | አባ ዲዮናስዮስ (annual) | አባ ዲዮስቆሮስ ሰማዕት (annual) | ቅዱስ በትንከል ዲያቆን (annual) | በዓታ ለእግዝእትነ ማርያም ድንግል ወላዲተ አምላክ (monthly) | ቅዱሳን ሊቃነ ካህናት አበው (ዘካርያስና ስምዖን) (monthly) | ቅዱስ ቄርሎስ ሊቅ (ዓምደ ሃይማኖት) (monthly)
1-4,4,8,10,4,4,50,ቅዱሳን ዘብዴዎስና ማርያም ባውፍልያ (annual) | አባ መቃርስ ሊቀ ዻዻሳት (annual) | አባ ሙሴ ዻዻስ (annual) | ቅድስት ሶፍያ ሰማዕት (monthly)
1-5,5,12,7,2,10,17,ቅድስት ሶፍያ ሰማዕት (annual) | ቅዱሳት አክሶስናና በርናባ (annual) | ቅዱስ ማማስ ሰማዕት (annual) | ቅዱሳን ቴዎዶስዮስና ታውፍና (annual) | አፄ ልብነ ድንግል (annual) | ቅዱስ ዼጥሮስ ሊቀ ሐዋርያት (monthly) | ቅዱስ ዻውሎስ ብርሃነ ዓለም (monthly) | ቅዱስ ዮሐኒ ኢትዮዽያዊ (monthly) | ቅዱስ አሞኒ ዘናሒሶ (monthly) | ቅድስት አውጋንያ (ሰማዕትና ጻድቅ) (monthly)
1-6,6,14,11,4,10,29,ቅድስት ሰብልትንያ ሰማዕት (annual) | አባ ያዕቆብ ገዳማዊ (annual) | ቅዱስ አናቲሞስ ኤዺስ ቆዾስ (annual) | ቅድስት ደብረ ቁስቁዋም (monthly) | አባታችን ኖኅና እናታችን ሐይከል (monthly) | ቅዱስ ባስልዮስ ዘቂሣርያ (monthly) | ቅዱስ ዮሴፍ አረጋዊ (monthly) | ቅድስት ሰሎሜ (monthly) | አባ አርከ ሥሉስ (monthly) | አባ ጽጌ ድንግል (monthly)
1-7,7,12,11,6,6,50,ቅዱስ ዲዮስቆሮስ ሊቅ (የተዋሕዶ ሃይማኖት አባት) (annual) | ቅዱሳን አጋቶን ዼጥሮስ ዮሐንስ አሞንና እናታቸው ራፊቃ (ሰማዕታት) (annual) | አባ ሲኖዳ (የባሕታውያን አለቃ) (monthly) | አባ ዳንኤል ዘገዳመ ሲሐት (monthly) | አባ ባውላ ገዳማዊ (monthly) | ቅዱስ አትናቴዎስ ሐዋርያዊ (monthly)
1-8,8,9,3,1,8,11,ቅዱስ ሙሴ ሊቀ ነቢያት (annual) | ቅዱስ ዘካርያስ ካህን (ጻድቅ ነቢይ) (annual) | ቅዱስ አሮን ካህን (annual) | ቅዱስ ዲማድዮስ ሰማዕት (annual) | ቅዱስ ማትያስ ሐዋርያ (ከ፲፪ቱ ሐዋርያት) (monthly) | ኪሩቤል (አርባዕቱ እንስሳ) (monthly) | አባ ብሶይ (ቢሾይ) (monthly) | አባ ሳሙኤል ዘደብረ ቀልሞን (monthly)
1-9,9,11,15,4,7,36,"ቅዱስ ቢሶራ ሰማዕት (annual) | ቅዱስ ያሳይ ንጉሥ (annual) | ቅዱስ ፋሲለደስ ሰማዕት (ልደቱ) (annual) | ""፲፬,፯፴"" ሰማዕታት (የቅዱስ ፋሲለደስ ማሕበር) (annual) | አባ በርሱማ ሶርያዊ (ለሶርያ መነኮሳት ኁሉ አባት) (monthly) | ""፫፲፰ቱ"" ቅዱሳን ሊቃውንት (ርቱዐነ ሃይማኖት ዘኒቅያ) (monthly) | የብሔረ ብፁዐን ጻድቃን (monthly)"
1-10,10,16,6,3,13,19,ቅድስት ድንግል እግዝእትነ ማርያም (annual) | በዓለ ስዕለ አድኅኖ (annual) | ቅዱስ ሉቃስ ወንጌላዊ (annual) | ቅድስት ማርታ ዘጼዴንያ (annual) | ቅድስት ዮዲት ጥበበኛዋ (annual) | ንግስተ ሳባ / ማክዳ / አዜብ (annual) | ቅድስት መጥሮንያ ሰማዕት (annual) | አፄ ዳዊት ንጉሥ (annual) | ቅድስት አትናስያና ፫ ልጆቿ (annual) | ቅዱስ ናትናኤል ሐዋርያ (monthly) | ቅዱስ ኒቆላዎስ ዘሃገረ ሜራ (monthly) | ቅዱስ ያዕቆብ ሐዋርያ (ወልደ እልፍዮስ) (monthly) | ቅድስት ዕሌኒ ንግስት (monthly)
1-11,11,10,10,4,6,40,"ቅድስት ታኦድራ እናታችን (annual) | ቅዱስ ቆርኔሌዎስ ሐዋርያዊ (ሐዋ (annual) | ፲ን ያንብቡ) (annual) | ቅድስት በነፍዝዝ ሰማዕት (annual) | ""፫ቱ"" ገበሬዎች ሰማዕታት (ሱርስ፣ አጤኬዎስና ፣ መስተሐድራ) (annual) | ማር ገላውዴዎስ ሰማዕት (monthly)"
1-12,12,14,22,5,9,36,ቅዱሳን ፳፻ው ሊቃውንት (በኤፌሶን የተሰበሰቡ) (annual) | ቅዱስ ቄርሎስ ዓምደ ሃይማኖት (annual) | ጻድቅ ንጉሥ ቴዎዶስዮስ (annual) | ቅዱስ እስጢፋኖስ ሊቀ ዲያቆናት (annual) | ቅዱስ ኢሳይያስ ነቢይ (annual) | ቅዱስ ማቴዎስ ሐዋርያ (monthly) | ቅዱስ ድሜጥሮስ (monthly) | ቅዱስ ዮሐንስ አፈ ወርቅ (monthly) | ቅድስት ክርስቶስ ሠምራ (monthly)
1-13,13,9,15,4,5,44,"አባ ይስሐቅ ባሕታዊ (annual) | ""፱፱ኙ"" ነገደ መላዕክት (monthly) | ቅዱስ አስከናፍር (monthly) | ""፲፫ቱ"" ግኁሳን አባቶች (monthly) | ቅዱስ አርሳንዮስ ጠቢብ ገዳማዊ (monthly)"
1-14,14,11,2,1,10,9,አባ አጋቶን ዘዓምድ (annual) | አቡነ ያሳይ ዘመንዳባ (annual) | አባ ዼጥሮስ መምሕረ ጻና (ጣና) (annual) | ቅዱስ ዴግና ቀሲስ (annual) | ቅዱስ ገብረ ክርስቶስ መርዓዊ (monthly) | ቅዱስ ፊልዾስ ሐዋርያ (monthly) | ቅዱስ ሙሴ ( የእግዚአብሔር ሰው) (monthly) | አባ ስምዖን ገዳማዊ (monthly) | አባ ዮሐንስ ጻድቅ (monthly) | እናታችን ቅድስት ነሣሒት (monthly)
1-15,15,8,11,3,5,38,አቡነ ገብረ ማርያም ዘሐንታ (annual) | አባ ዼጥሮስ ዘሃገረ ጠራው (annual) | ቅዱስ ኤፍሬም ሶርያዊ (አፈ በረከት) (monthly) | ቅድስት እንባ መሪና (monthly) | ቅድስት ክርስጢና (monthly)
1-16,16,12,3,3,9,25,ሕንጸታ ለኢየሩሳሌም (annual) | ቅድስት እሌኒ ንግሥት (annual) | ቅዱስ ጦቢት ነቢይ (annual) | ቅዱሳን ጦብያና ሣራ (annual) | አባ አጋቶን ባሕታዊ (annual) | ቅድስት ኤልሳቤጥ (የመጥምቁ ዮሐንስ እናት) (monthly) | ቅዱስ አኖሬዎስ ንጉሥ ጻድቅ (monthly) | አባ አቡናፍር ገዳማዊ (monthly) | አባ ዳንኤል ጻድቅ (monthly)
1-17,17,14,14,3,11,21,ቅድስት እሌኒ ንግስት (annual) | ቅዱስ ኪራኮስ አረጋዊ (annual) | ቅዱስ መቃርስ ሊቀ ዻዻስ (annual) | ቅዱስ አውዶኪስ ቀሲስ (annual) | ብጽዕት ታኦግንስጣ ሮማዊት (annual) | ቅዱስ ዲዮናስዮስ ሊቀ ዻዻሳት (annual) | ቅዱስ ያዕቆብ ሐዋርያ (ወልደ ዘብዴዎስ) (monthly) | ቅዱሳን አበው መክሲሞስና ዱማቴዎስ (monthly) | አባ ዸላሞን ፈላሢ (monthly) | አባ ለትጹን የዋህ (monthly) | ቅዱስ ኤዺፋንዮስ ሊቅ (ዘደሴተ ቆዽሮስ) (monthly)
1-18,18,21,8,2,19,10,"አቡነ አኖሬዎስ ዓቢይ (annual) | ማር ያዕቆብ ግብጻዊ (annual) | ቅድስት እሌኒ ንግሠት (annual) | ቅዱስ ቶማስ ሐዋርያ (annual) | ቅዱስ መርቆሬዎስ ካልዕ (ሰማዕት) (annual) | ቅዱስ ቶማስ ሰማዕት (annual) | ቅዱስ ኤፍሬም ሰማዕት (annual) | አባ ፊልሞስ (annual) | ቅዱስ ሰልሖን ሰማዕት (annual) | ቅዱስ አክሳኤልስ ሰማዕት (annual) | ቅዱስ ይስሐቅ ሰማዕት (annual) | ቅዱስ እስጢፋኖስ ቀሲስ (annual) | ቅዱስ ነኪጣ ሰማዕት (annual) | አባ ፊላታውዎስ መንክራዊ (annual) | አባ ኖብ ባሕታዊ (annual) | አባ አትናቴዎስ ሊቀ ዻዻሳት (annual) | ""፮0"" ሰማዕታት (ማሕበረ ቅዱስ አቦሊ) (annual) | ቅዱስ ፊልዾስ ሐዋርያ (monthly) | ቅዱስ ያዕቆብ ሐዋርያ (ከ፯፪ቱ አርድእት) (monthly)"
1-19,19,9,14,4,5,44,ቅዱስ ጐርጐርዮስ ዘአርማርያ (annual) | ቅዱስ ቂርቆስ ገዳማዊ (annual) | ቅድስት ሮማነ ወርቅ (annual) | ቅዱስ ኤስድሮስ ሰማዕት (monthly) | አቡነ ስነ ኢየሱስ (monthly)
1-20,20,11,4,1,10,9,አባ አትናቴዎስ ካልዕ (annual) | ቅድስት መሊዳማ ድንግል (annual) | ቅድስት አቴና ድንግል (annual) | ቅዱስ ስምዖን ዘኢየሩሳሌም (annual) | ቅዱስ አብርሃም መነኮስ (annual) | ቅዱስ ዮሐንስ ሐፂር (monthly) | ቅዱስ አክሎግ ቀሲስ (monthly) | ቅዱስ አፄ ካሌብ ጻድቅ (ንጉሠ ኢትዮዽያ) (monthly) | አባ አሞንዮስ ዘሃገረ ቶና (monthly) | ቅድስት ሳድዥ የዋሒት (monthly)
1-21,21,12,22,2,10,17,"ቅድስት ግሼን ደብረ ከርቤ (annual) | ""፫፲፰ቱ"" ቅዱሳን ሊቃውንት (annual) | ቅዱስ ቆዽርያኖስ ሰማዕት (annual) | ቅድስት ዮስቴና ድንግል (annual) | ቅዱስ ጢባርዮስ ሐዋርያ (annual) | አበው ጎርጎርዮሳት (monthly) | አቡነ ምዕመነ ድንግል (monthly) | አቡነ አምደ ሥላሴ (monthly) | አባ አሮን ሶርያዊ (monthly) | አባ መርትያኖስ ጻድቅ (monthly)"
1-22,22,10,4,1,9,10,ቅዱስ ዮልዮስ ሰማዕት (annual) | ቅዱስ ኮቶሎስ ሰማዕት (annual) | ቅድስት አክሱ ሰማዕት (annual) | ቅዱስ ጣጦስ ሰማዕት (annual) | ቅዱስ ባላን ሰማዕት (annual) | ቅዱስ ሉቃስ ወንጌላዊ (monthly) | ቅዱስ ደቅስዮስ (የእመቤታችን ወዳጅ) (monthly) | አባ እንጦንስ አበ መነኮሳት (monthly) | አባ ዻውሊ የዋህ (monthly)
1-23,23,12,13,3,9,25,ቅዱሳን ጻድቃን አውናብዮስ ወእንድርያስ (ሰማዕታት) (annual) | ቅዱስ ጐርጐርዮስ መንክራዊ (annual) | ቅድስት ቴክላ ድንግል (annual) | ቅዱስ ኤዎስጣቴዎስ ሰማዕት (annual) | አባ ጢሞቴዎስ ገዳማዊ (monthly) | ቅዱስ ዳንኤል ነቢይ (monthly) | አባ ሳሙኤል (monthly) | አባ ስምዖን (monthly) | አባ ገብርኤል (monthly)
1-24,24,11,12,3,8,27,ቅዱስ ጐርጐርዮስ ገዳማዊ (annual) | ቅዱስ አድሊጦስ ሐዋርያ (ከ፯፪ቱ አርድእት) (annual) | አቡነ ሰላማ (annual) | ቅዱስ ቶማስ ዘመርዐስ (monthly) | አቡነ ዘዮሐንስ ጻድቅ ዘክብራን (monthly) | ቅዱስ አጋቢጦስ (ጻድቅ ኤዺስቆዾስ) (monthly) | ቅዱስ አብላርዮስ ታላቁ (monthly) | ቅዱስ አባ ሙሴ ጸሊም (ኢትዮዽያዊ) (monthly)
1-25,25,13,14,3,10,23,ጸአተ ክረምት (የክረምት መውጫ) (annual) | ቅዱስ ዮናስ ነቢይ (annual) | ቅዱስ እንጦንዮስ (annual) | ቅድስት በርባራ (annual) | ሐዋርያት ዼጥሮስ ወዻውሎስ (annual) | ቅድስት ቴክላ ሐዋርያዊት (monthly) | ቅዱስ አበከረዙን ሰማዕት (monthly) | ቅዱስ ዱማድዮስ ሶርያዊ (monthly) | ቅዱስ አባ አቡፋና ጻድቅ (monthly) | ታላቁ አባ ቢጻርዮን ገዳማዊ (monthly)
1-26,26,10,9,3,7,30,ቅድስት ድንግል ማርያም (annual) | ቅዱስ ዮሴፍ አረጋዊ (annual) | ቅዱሳን ዘካርያስና ኤልሳቤጥ (annual) | ቅዱስ ቶማስ ሐዋርያ (monthly) | አቡነ ሐብተ ማርያም ጻድቅ (monthly) | ቅዱሳን ሰማዕታተ ናግራን (monthly) | ቅዱስ አቡነ ሰላማ ከሣቴ ብርሃን (monthly)
1-27,27,11,15,2,9,18,ቅዱስ ኤዎስጣቴዎስና ቤተሰቡ (ሰማዕታት) (annual) | ቅዱስ አንጢላርዮስ ጻድቅ (annual) | ቅድስት ጤቅላ ሐዋርያዊት (annual) | አባ ዮሐንስ ዘደብረ ጽጌ (annual) | አቡነ መብዐ ፅዮን ጻድቅ (monthly) | ቅዱስ መቃርስ (የመነኮሳት ሁሉ አለቃ) (monthly) | ቅዱስ ያዕቆብ ዘግሙድ (monthly) | ቅዱስ ገላውዴዎስ ሰማዕት (ንጉሠ ኢትዮዽያ) (monthly) | ቅዱስ ቢፋሞን ጻድቅና ሰማዕት (monthly)
1-28,28,10,5,3,7,30,ቅድስት ሶስና እናታችን (annual) | ቅዱስ ሉቃስ መነኰስ (annual) | ቅዱስ ዻውፍርና (annual) | ቅዱሳን አበው (አብርሃም ይስሐቅና ያዕቆብ) (monthly) | ቅዱስ እንድራኒቆስና ሚስቱ ቅድስት አትናስያ (monthly) | ቅድስት ዓመተ ክ ክርስቶስ (monthly) | ቅዱስ ቴዎድሮስ ሮማዊ (ሰማዕት) (monthly)
1-29,29,10,21,6,4,60,"ቅድስት አጋታ እመ ምኔት (annual) | ""፲፱፻"" ሰማዕታት (የቅድስት አርሴማ ማሕበር) (annual) | ቅዱስ ዼጥሮስ ተፍጻሜተ ሰማዕት (monthly) | ቅዱስ ማርቆስ ዘቶርማቅ (monthly)"
1-30,30,10,6,4,6,40,ቅዱስ አትናቴዎስ ሐዋርያዊ (annual) | አባ ሣሉሲ ክቡር ጻድቅ (annual) | ቅዱስ ጎርጎርዮስ ዘአርማንያ (annual) | አባ አሮን ዘገሊላ (annual) | ቅዱስ ጎርጎርዮስ ነባቤ መለኮት (monthly) | ቅድስት ሶፍያ ሰማዕት (monthly)
2-1,31,9,13,4,5,44,ቅድስት አንስጣስያ (ድንግል ጻድቅት ሰማዕት) (annual) | ቅድስት ሶስና ድንግል (annual) | ቅድስት ኅርጣን ድንግል (annual) | ቅዱስ በርተሎሜዎስ ሐዋርያ (monthly) | ቅዱስ ሚልኪ ትሩፈ ምግባር (monthly)
2-2,32,8,4,2,6,25,ሊቁ አባ ሕርያቆስ (annual) | ቅዱስ ሳዊሮስ ዘአንጾኪያ (annual) | ቅድስት ቴክላ ሰማዕት (annual) | ቅዱስ ኢዮብ ጻድቅ ተአጋሲ (monthly) | ቅዱስ አቤል ጻድቅ (monthly) | ቅዱስ አባ ዻውሊ ገዳማዊ (ታላቁ) (monthly)
2-3,33,12,11,4,8,33,ቅዱስ ጊዮርጊስ ሐዲስ (ሰማዕት) (annual) | አባ ስምዖን ሊቀ ዻዻሳት (annual) | ቅዱስ ጎርጎርዮስ ዘአርማንያ (annual) | ቅድስት ታኦድራ ልዕልት (annual) | ቅድስት ታኦፊላ (annual) | በዓታ ለእግዝእትነ ማርያም ድንግል ወላዲተ አምላክ (monthly) | ቅዱሳን ሊቃነ ካህናት አበው (ዘካርያስና ስምዖን) (monthly) | ቅዱስ ቄርሎስ ሊቅ (ዓምደ ሃይማኖት) (monthly)
2-4,34,10,9,5,5,50,ቅዱሳን ነገሥት አብርሃ ወአጽብሃ (annual) | ቅዱስ በርተሎሜዎስ ሐዋርያ (annual) | ቅዱስ ባኮስ ሰማዕት (annual) | ቅዱሳን ባባ እና ማማ (annual) | ቅድስት ሶፍያ ሰማዕት (monthly)
2-5,35,10,7,1,9,10,ቅዱስ ኪራኮስ አረጋዊ (ዻዻስ ወሰማዕት) (annual) | ቅድስት ሐና ሰማዕት (እናቱ) (annual) | ቅዱስ ያዕቆብ ወልደ እልፍዮስ (ከ፲፪ቱ ሐዋርያት) (annual) | አባ ዻውሎስ ሰማዕት (አርዮሳውያን አንቀው የገደሉት አባት) (annual) | ቅዱስ ዼጥሮስ ሊቀ ሐዋርያት (monthly) | ቅዱስ ዻውሎስ ብርሃነ ዓለም (monthly) | ቅዱስ ዮሐኒ ኢትዮዽያዊ (monthly) | ቅዱስ አሞኒ ዘናሒሶ (monthly) | ቅድስት አውጋንያ (ሰማዕትና ጻድቅ) (monthly)
2-6,36,19,15,5,14,26,ቅዱስ ዲዮናስዮስ ሐዋርያዊ (annual) | አባ ዸንጠሌዎን ዘጾማዕት (annual) | ከ፩ - ፫ ያንብቡ) (annual) | ቅድስት ሐና ነቢይት (የሳሙኤል እናት - ፩ሳሙ (annual) | ከ፩ - ፪ን ያንብቡ) (annual) | ቅዱሳን ኡሲፎርና ኡርያኖስ (ሰማዕታት) (annual) | ቅዱስ ሄኖስ ነቢይ (annual) | ቅድስት ደብረ ቁስቁዋም (monthly) | አባታችን ኖኅና እናታችን ሐይከል (monthly) | ቅዱስ ባስልዮስ ዘቂሣርያ (monthly) | ቅዱስ ዮሴፍ አረጋዊ (monthly) | ቅድስት ሰሎሜ (monthly) | አባ አርከ ሥሉስ (monthly) | አባ ጽጌ ድንግል (monthly)
2-7,37,11,7,3,8,27,አባ ባውላ መስተጋድል (annual) | አባ ሕዝቅኤል ጻድቅ (annual) | ቅዱስ ሚናስ ሰማዕት (annual) | ቅዱስ ሐናሲ ሰማዕት (annual) | አባ ሲኖዳ (የባሕታውያን አለቃ) (monthly) | አባ ዳንኤል ዘገዳመ ሲሐት (monthly) | አባ ባውላ ገዳማዊ (monthly) | ቅዱስ አትናቴዎስ ሐዋርያዊ (monthly)
2-8,38,11,3,1,10,9,አባ አጋቶን ባሕታዊ (annual) | ቅዱስ መጥራ አረጋዊ (ሰማዕት) (annual) | ቅድስት ሶስናና ልጆቿ (ሰማዕታት) (annual) | አባ ሖር (annual) | ቅድስት በላግያ ሰማዕት (annual) | ቅዱስ ሙሴ ሊቀ ነቢያት (monthly) | ኪሩቤል (አርባዕቱ እንስሳ) (monthly) | አባ ብሶይ (ቢሾይ) (monthly) | አባ ሳሙኤል ዘደብረ ቀልሞን (monthly) | ቅዱስ ማትያስ ሐዋርያ (ከ፲፪ቱ ሐዋርያት) (monthly)
2-9,39,15,9,4,11,27,"ቅዱስ ቶማስ ሐዋርያ (annual) | ቅዱስ እስጢፋኖስ ካልዕ (ሰማዕት) (annual) | ቅዱስ አትናስዮስ ብጹዕ (annual) | ቅዱስ ስምዖን ሰማዕት (annual) | ቅዱስ ሊዋርዮስ ሊቀ ዻዻሳት (annual) | ቅዱስ ባስልዮስ ዘቂሣርያ (annual) | ቅዱስ ቄርሎስ ሊቀ ዻዻሳት (annual) | አፄ ዳዊት ጻድቅ ንጉሠ ኢትዮዽያ (ግማደ መስቀሉን ያመጡ) (annual) | አባ በርሱማ ሶርያዊ (ለሶርያ መነኮሳት ኁሉ አባት) (monthly) | ""፫፲፰ቱ"" ቅዱሳን ሊቃውንት (ርቱዐነ ሃይማኖት ዘኒቅያ) (monthly) | የብሔረ ብፁዐን ጻድቃን (monthly)"
2-10,40,10,6,3,7,30,ቅዱሳን ባኮስና ሰርጊስ (ሰማዕታት) (annual) | ቅዱስ ዮሐንስ መስተጋድል (annual) | አባ አውማንዮስ ሊቀ ዻዻሳት (annual) | ቅዱስ ናትናኤል ሐዋርያ (monthly) | ቅዱስ ኒቆላዎስ ዘሃገረ ሜራ (monthly) | ቅዱስ ያዕቆብ ሐዋርያ (ወልደ እልፍዮስ) (monthly) | ቅድስት ዕሌኒ ንግስት (monthly)
2-11,41,8,10,4,4,50,ቅዱስ አባ ያዕቆብ (ስደተኛው ሊቀ ዻዻሳት) (annual) | ቅድስት ዺላግያ ገዳማዊት (annual) | ቅዱስ አርማሚ ሰማዕት (annual) | ማር ገላውዴዎwስ ሰማዕት (monthly)
2-12,42,12,18,5,7,42,ቅዱስ ዳዊት ልበ አምላክ (የነገሠበት) (annual) | ቅዱስ ማቴዎስ ሐዋርያ (annual) | ቅዱስ ድሜጥሮስ ሊቅ (annual) | ቅድስት ልዕልተ ወይን (annual) | ጻድቃን ዼጥሮስ ወዻውሎስ (annual) | ቅዱስ ዮሐንስ አፈ ወርቅ (monthly) | ቅድስት ክርስቶስ ሠምራ (monthly)
2-13,43,11,15,3,8,27,"ቅዱስ ዮሐንስ አፈ ወርቅ (annual) | አባ ዘካርያስ ገዳማዊ (annual) | አባ ማርዳሪ ጻድቅ (annual) | ቅዱስ አብጥማዎስ ሰማዕት (annual) | ""፺፱ኙ"" ነገደ መላዕክት (monthly) | ቅዱስ አስከናፍር (monthly) | ""፲፫ቱ"" ግኁሳን አባቶች (monthly) | ቅዱስ አርሳንዮስ ጠቢብ ገዳማዊ (monthly)"
2-14,44,10,3,3,7,30,ቅዱስ ፊልዾስ ሐዋርያ (ከ፸፪ቱ አርድእት) (annual) | ቅዱስ ሙሴ መርዓዊ (annual) | ቅድስት እድና (የአረጋዊ እናት) (annual) | አባ ማትያስ (የአረጋዊ ረድዕ) (annual) | አባ ስምዖን ገዳማዊ (monthly) | አባ ዮሐንስ ጻድቅ (monthly) | እናታችን ቅድስት ነሣሒት (monthly)
2-15,45,10,6,2,8,20,"""፲፪ቱ"" ቅዱሳን ሐዋርያት (annual) | ቅዱስ ቢላሞን ሰማዕት (annual) | ""፻፶፰"" ሰማዕታት (የቅዱስ ቢላሞን ማሕበር) (annual) | ቅዱስ ሲላስ ሐዋርያ (annual) | ቅድስት ጾመታ (annual) | ቅዱስ ኤፍሬም ሶርያዊ (አፈ በረከት) (monthly) | ቅድስት እንባ መሪና (monthly) | ቅድስት ክርስጢና (monthly)"
2-16,46,12,3,3,9,25,አባ ያቃቱ ሊቀ ዻዻሳት (annual) | ጻድቃን እለ ድርቂ (annual) | አባ ዻውሊ ገዳማዊ (annual) | አባ ማርቆስ መስተጋድል (annual) | አባ አሮን መስተጋድል (annual) | ቅድስት ኤልሳቤጥ (የመጥምቁ ዮሐንስ እናት) (monthly) | ቅዱስ አኖሬዎስ ንጉሥ ጻድቅ (monthly) | አባ አቡናፍር ገዳማዊ (monthly) | አባ ዳንኤል ጻድቅ (monthly)
2-17,47,13,8,5,8,38,ቅዱስ ፊልያስ ሰማዕት (annual) | ቅድስት ሐና ነቢይት (annual) | አባ ዲዮስቆሮስ ካልዕ (annual) | ቅዱስ ያዕቆብ ሐዋርያ (ወልደ ዘብዴዎስ) (monthly) | ቅዱሳን አበው መክሲሞስና ዱማቴዎስ (monthly) | አባ ዸላሞን ፈላሢ (monthly) | አባ ለትጹን የዋህ (monthly) | ቅዱስ ኤዺፋንዮስ ሊቅ (ዘደሴተ ቆዽሮስ) (monthly)
2-18,48,9,1,1,8,11,ቅዱስ ቴዎፍሎስ ሊቅ (annual) | ቅዱስ ሮማኖስ ሰማዕት (annual) | ቅዱስ ዮሐንስ ሰማዕት (annual) | ቅድስት አስማኒትና ፯ቱ ልጆቿ (annual) | አቡነ አኖሬዎስ ዓቢይ (monthly) | ማር ያዕቆብ ግብጻዊ (monthly) | ቅዱስ ፊልዾስ ሐዋርያ (monthly) | ቅዱስ ያዕቆብ ሐዋርያ (ከ፯፪ቱ አርድእት) (monthly)
2-19,49,11,11,4,7,36,ቅዱስ ዮሐንስ ዘጸይለም (annual) | አባ ስምዖን ገዳማዊ (annual) | ቅዱሳን በርተሎሜዎስና ሚስቱ (ሰማዕታት) (annual) | አበው ኤዺስ ቆዾሳት (ሳምሳጢን ያወገዙ) (annual) | ጻድቃን እለ መጥራ (ቅዱስ ይምርሐነ ቤተ መቅደስ ውስጥ የምናያቸው አጽማቸው የፈሰሰው ቅዱሳን ናቸው) (annual) | ቅዱስ ኤስድሮስ ሰማዕት (monthly) | አቡነ ስነ ኢየሱስ (monthly)
2-20,50,8,4,1,7,12,ቅዱስ አባ ዮሐንስ ሐጺር (annual) | ቅዱስ ኤልሳዕ ነቢይ (annual) | አባ ባይሞይ (annual) | ቅዱስ አክሎግ ቀሲስ (monthly) | ቅዱስ አፄ ካሌብ ጻድቅ (ንጉሠ ኢትዮዽያ) (monthly) | አባ አሞንዮስ ዘሃገረ ቶና (monthly) | ቅድስት ሳድዥ የዋሒት (monthly)
2-21,51,11,21,2,9,18,ቅዱስ አልዓዛር ሐዋርያ (annual) | አባ ዮሐንስ ዘኢየሩሳሌም (annual) | ቅዱስ ኢዩኤል ነቢይ (annual) | ቅዱስ ማትያስ ረድእ (annual) | አበው ጎርጎርዮሳት (monthly) | አቡነ ምዕመነ ድንግል (monthly) | አቡነ አምደ ሥላሴ (monthly) | አባ አሮን ሶርያዊ (monthly) | አባ መርትያኖስ ጻድቅ (monthly)
2-22,52,9,4,1,8,11,"ቅዱስ ሉቃስ ወንጌላዊ ሐዋርያ (annual) | ቅዱስ ሲላስ አረጋዊ (የቅዱስ ሉቃስ ረድእ) (annual) | ቅዱስ ታኦፊላ (annual) | ""፵፻፸፯"" ሰማዕታት (የቅዱስ ሉቃስ ማሕበር) (annual) | ቅዱስ ደቅስዮስ (የእመቤታችን ወዳጅ) (monthly) | አባ እንጦንስ አበ መነኮሳት (monthly) | አባ ዻውሊ የዋህ (monthly) | ቅዱስ ዮልዮስ ሰማዕት (monthly)"
2-23,53,12,13,3,9,25,አባ ዮሴፍ ጻድቅ ሊቀ ዻዻሳት (annual) | ቅዱስ ዲዮናስዮስ ሰማዕት (annual) | ቅዱስ ኢላርዮስ (annual) | ቅድስት እለእስክንድርያ ሰማዕት (annual) | አባ ጢሞቴዎስ ገዳማዊ (monthly) | ቅዱስ ዳንኤል ነቢይ (monthly) | አባ ሳሙኤል (monthly) | አባ ስምዖን (monthly) | አባ ገብርኤል (monthly)
2-24,54,12,12,4,8,33,ቅዱስ አብላርዮስ ገዳማዊ (annual) | ቅድስት አውስያ (annual) | አባ ዻውሎስ ሊቀ ዻዻሳት (annual) | ቅዱስ ቶማስ ዘመርዐስ (monthly) | አቡነ ዘዮሐንስ ጻድቅ ዘክብራን (monthly) | ቅዱስ አጋቢጦስ (ጻድቅ ኤዺስቆዾስ) (monthly) | ቅዱስ አብላርዮስ ታላቁ (monthly) | ቅዱስ አባ ሙሴ ጸሊም (ኢትዮዽያዊ) (monthly)
2-25,55,11,8,2,9,18,አባ ዕብሎይ ገዳማዊ (annual) | ቅዱስ ዮልዮስ ሰማዕት (annual) | ቅዱሳን አብርሃምና ሐሪክ (annual) | ቅዱሳን አሞኒና ሙስያ (የታላቁ ዕብሎ ወላጆች) (annual) | ቅድስት ቴክላ ሐዋርያዊት (monthly) | ቅዱስ አበከረዙን ሰማዕት (monthly) | ቅዱስ ዱማድዮስ ሶርያዊ (monthly) | ቅዱስ አቡፋና ጻድቅ (monthly) | ታላቁ አባ ቢጻርዮን (monthly)
2-26,56,9,3,2,7,22,ቅዱስ ያዕቆብ ሐዋርያ (ወልደ ዮሴፍ) (annual) | ቅዱስ ጢሞና ሐዋርያ ወዲያቆን (annual) | ቅዱስ ፊልዾስ (annual) | ቅዱስ ቶማስ ሐዋርያ (monthly) | አቡነ ሐብተ ማርያም ጻድቅ (monthly) | ቅዱሳን ሰማዕታተ ናግራን (monthly) | ቅዱስ አቡነ ሰላማ ከሣቴ ብርሃን (monthly)
2-27,57,9,15,3,6,33,ቅዱስ መቃርስ ብጹዓዊ (annual) | አባ ጽጌ ድንግል ዘወለቃ (annual) | ቅዱስ መቃርስ (የመነኮሳት ሁሉ አለቃ) (monthly) | ቅዱስ ያዕቆብ ዘግሙድ (monthly) | ቅዱስ ገላውዴዎስ ሰማዕት (ንጉሠ ኢትዮዽያ) (monthly) | ቅዱስ ቢፋሞን ጻድቅና ሰማዕት (monthly)
2-28,58,9,4,1,8,11,አባ ይምዓታ ጻድቅ (ከተስዓቱ ቅዱሳን) (annual) | ቅዱሳን መርትያኖስ ወመርቆሬዎስ (ሰማዕታት) (annual) | አባታችን ያፌት (የኖኅ ልጅ) (annual) | ቅዱሳን አበው (አብርሃም ይስሐቅና ያዕቆብ) (monthly) | ቅዱስ እንድራኒቆስና ሚስቱ ቅድስት አትናስያ (monthly) | ቅድስት ዓመተ ክ ክርስቶስ (monthly) | ቅዱስ ቴዎድሮስ ሮማዊ (ሰማዕት) (monthly) | ቅዱስ አባዲርና ቅድስት ኢራኢ (monthly)
2-29,59,10,12,4,6,40,አባ ጸቃውዐ ድንግል (ዘደብረ ዘኸኝ) (annual) | ቅዱስ ድሜጥሮስ ሰማዕት (annual) | ቅዱስ ስቅጣር ሰማዕት (annual) | ቅዱስ ዼጥሮስ ተፍጻሜተ ሰማዕት (monthly) | ቅዱስ ማርቆስ ዘቶርማቅ (monthly) | ቅድስት አርሴማ ድንግል (monthly)
2-30,60,9,5,2,7,22,ቅዱስ አርስጥቦሎስ (አባቱ) (annual) | ቅድስት ማርያም (እናቱ) (annual) | አባ አብርሃም ገዳማዊ (annual) | ቅዱስ ይስሐቅ ንጉሥ (annual) | ቅዱስ ጐርጐርዮስ ነባቤ መለኮት (monthly) | ቅድስት ሶፍያ ሰማዕት (monthly) | አባ ሣሉሲ ክቡር ጻድቅ (monthly)
3-1,61,7,13,4,3,57,ቅዱሳን መክሲሞስና ባልንጀሮቹ (ሰማዕታት) (annual) | ቅዱስ በርተሎሜዎስ ሐዋርያ (monthly) | ቅዱስ ሚልኪ ትሩፈ ምግባር (monthly)
3-2,62,11,4,2,9,18,አባ ዼጥሮስ ሊቀ ዻዻሳት ሣልስ (annual) | አባ ሱንትዩ ሊቀ ዻዻሳት (annual) | ቅድስት ሴቴንዋ ነቢዪት (annual) | ቅድስት አንስጣስያ (annual) | ቅዱስ ኢዮብ ጻድቅ ተአጋሲ (monthly) | ቅዱስ አቤል ጻድቅ (monthly) | ቅዱስ አባ ዻውሊ ገዳማዊ (ታላቁ) (monthly) | ሊቁ አባ ሕርያቆስ (monthly) | ቅዱስ ሳዊሮስ ዘአንጾኪያ (monthly)
3-3,63,12,14,6,6,50,ቅዱስ ኪርያቆስ ሊቅ (annual) | ቅዱሳን አትናቴዎስና እህቱ ኢራኢ (ሰማዕታት) (annual) | አቡነ ፍሬ ካህን (annual) | በዓታ ለእግዝእትነ ማርያም ድንግል ወላዲተ አምላክ (monthly) | ቅዱሳን ሊቃነ ካህናት አበው (ዘካርያስና ስምዖን) (monthly) | ቅዱስ ቄርሎስ ሊቅ (ዓምደ ሃይማኖት) (monthly)
3-4,64,10,11,5,5,50,ቅዱስ ቶማስ ዘደማስቆ (annual) | ቅዱሳን አቢማኮስ ወአዛርያኖስ (annual) | አባ አበጊዶ ዘትግራይ (annual) | ታላቁ አባ ዘካርያስ (annual) | ቅድስት ሶፍያ ሰማዕት (monthly)
3-5,65,9,14,3,6,33,አባ አሞኒ ዘናሕሶ (annual) | ቅዱስ ለንጊኖስ ሰማዕት (annual) | ቅዱስ ጢሞቴዎስ ሰማዕት (annual) | ቅዱስ ዼጥሮስ ሊቀ ሐዋርያት (monthly) | ቅዱስ ዻውሎስ ብርሃነ ዓለም (monthly) | ቅድስት አውጋንያ (ሰማዕትና ጻድቅ) (monthly)
3-6,66,13,13,3,10,23,ቅድስት ደብረ ቁስቁዋም (ሚጠታ ለማርያም ) (annual) | ቅዱስ ዮሴፍ አረጋዊ (annual) | ቅድስት ሰሎሜ ቡርክት (annual) | ቅዱስ ዮሳ (ወልደ ዮሴፍ) (annual) | ቅዱስ ቴዎፍሎስ ሊቅ (annual) | አባ ጽጌ ድንግል ዘወለቃ (annual) | አባ ፊልክስ ዘሮሜ (annual) | አባታችን ኖኅና እናታችን ሐይከል (monthly) | ቅዱስ ባስልዮስ ዘቂሣርያ (monthly) | አባ አርከ ሥሉስ (monthly)
3-7,67,13,19,5,8,38,ቅዱሳን ዘኖቢስና ዘኖብያ (ሰማዕታት) (annual) | ቅዱስ ሚናስ ዘተመይ (annual) | ቅዱሳን መርቆሬዎስና ዮሐንስ (ጻድቃን ወሰማዕት) (annual) | አባ ናሕርው ሰማዕት (annual) | አባ ሲኖዳ (የባሕታውያን አለቃ) (monthly) | አባ ዳንኤል ዘገዳመ ሲሐት (monthly) | አባ ባውላ ገዳማዊ (monthly) | ቅዱስ አትናቴዎስ ሐዋርያዊ (monthly)
3-8,68,10,10,3,7,30,አባ ቅፍሮንያ ጻድቅ (annual) | ቅዱስ ቆስጠንጢኖስ ንጉሥ (ዘምስለ ቅዱስ መስቀል) (annual) | ቅድስት እግዚእ ክብራ (annual) | ቅዱስ ሙሴ ሊቀ ነቢያት (monthly) | አባ ብሶይ (ቢሾይ) (monthly) | አባ ሳሙኤል ዘደብረ ቀልሞን (monthly) | ቅዱስ ማትያስ ሐዋርያ (ከ፲፪ቱ ሐዋርያት) (monthly)
3-9,69,10,9,3,7,30,ቅዱሳን ፫፲፰ቱ ሊቃውንት (annual) | ቅዱስ እለእስክንድሮስ ሊቅ (annual) | ቅዱስ አትናቴዎስ ሐዋርያዊ (annual) | አባ ይስሐቅ ሊቀ ዻዻሳት (annual) | ሊቁ አካለ ወልድ (annual) | አባ በርሱማ ሶርያዊ (ለሶርያ መነኮሳት ኁሉ አባት) (monthly) | የብሔረ ብፁዐን ጻድቃን (monthly)
3-10,70,12,6,3,9,25,ቅድስት ሶፍያ ሰማዕት (annual) | ደናግለ ሮሜ (ሰማዕታት) (annual) | ቅዱስ ዻውሎስ ሰማዕት (annual) | ቅዱስ ድሜጥሮስ ሊቅ (annual) | ጉቡዓን ኤዺስ ቆዾሳት (annual) | ቅዱስ ናትናኤል ሐዋርያ (monthly) | ቅዱስ ኒቆላዎስ ዘሃገረ ሜራ (monthly) | ቅዱስ ያዕቆብ ሐዋርያ (ወልደ እልፍዮስ) (monthly) | ቅድስት ዕሌኒ ንግስት (monthly)
3-11,71,10,10,3,7,30,ቅድስት ሐና ቡርክት (annual) | ቅዱስ አርኬላዎስ ሰማዕት (annual) | አባ ኤልሳዕ አበ ምኔት (annual) | አባ ዻኩሚስ መነኮስ (annual) | ቅዱስ ሚናስ ሰማዕት (annual) | ቅድስት አውራንያ (የሰማዕቱ እናት) (annual) | ማር ገላውዴዎስ ሰማዕት (monthly)
3-12,72,14,18,4,10,29,ቅዱስ ኢያሱ ነቢይ (annual) | ቅዱሳን ዱራታኦስና ቴዎብስታ (annual) | አፄ በዕደ ማርያም ጻድቅ (annual) | ቅዱስ ዮሐንስ መጥምቅ (annual) | ቅዱስ ባሕራን ቀሲስ (annual) | አባ ፊላታዎስ ሊቀ ዻዻሳት (annual) | ቅዱስ ዮሐንስ አፈ ወርቅ (monthly) | ቅድስት ክርስቶስ ሠምራ (monthly) | ቅዱስ ማቴዎስ ሐዋርያ (monthly) | ቅዱስ ድሜጥሮስ ሊቅ (monthly)
3-13,73,9,16,4,5,44,"ቅዱስ አስከናፍር ሮማዊ (annual) | ""፲፫ቱ"" ግኁሳን አበው (ሽፍቶች የነበሩ) (annual) | ቅዱስ ጢሞቴዎስ ዘእንጽና (annual) | አባ ዘካርያስ ሊቀ ዻዻሳት (annual) | ቅዱስ አርሳንዮስ ጠቢብ ገዳማዊ (monthly)"
3-14,74,11,2,1,10,9,አባ ዳንኤል ገዳማዊ (annual) | አባ መርትያኖስ ካልዕ (ዘጠራክያ) (annual) | አባ ዮሐንስ ዘደብረ ቢዘን (ኤርትራ) (annual) | ቅድስት ደብረ ቀልሞን (annual) | አባ ስምዖን ገዳማዊ (monthly) | አባ ዮሐንስ ጻድቅ (monthly) | እናታችን ቅድስት ነሣሒት (monthly) | ቅዱስ ፊልዾስ ሐዋርያ (ከ፯፪ቱ አርድእት) (monthly) | ቅዱስ ገብረ ክርስቶስ መርዓዊ (monthly) | ቅዱስ ሙሴ መርዓዊ (monthly)
3-15,75,8,6,4,4,50,በዓተ ጾመ ነቢያት (annual) | ቅዱስ ኤፍሬም ሶርያዊ (አፈ በረከት) (monthly) | ቅድስት እንባ መሪና (monthly) | ቅድስት ክርስጢና (monthly)
3-16,76,12,3,5,7,42,አባ ዳንኤል ገዳማዊ (annual) | ቅዱስ አውሎጊስ መነኮስ (annual) | ቅድስት ጣጡስ ሰማዕት (annual) | አባ አቡናፍር ገዳማዊ (annual) | ቅዱስ ኪስጦስ ሰማዕት (annual) | ቅዱስ ፊቅጦር ምዑዝ (annual) | ቅድስት ኤልሳቤጥ (የመጥምቁ ዮሐንስ እናት) (monthly)
3-17,77,13,9,4,9,31,ቅዱስ ዮሐንስ አፈ ወርቅ (ፍልሠቱ) (annual) | አባ ሲኖዳ (ዘደብረ ጽሙና - ጐጃም) (annual) | ጻድቃን እለ ወጺፍ (annual) | ቅዱሳን አብርሃምና ሐሪክ (annual) | ያዕቆብ ሐዋርያ (monthly) | መክሲሞስና ዱማቴዎስ (monthly) | አባ ዸላሞን (monthly) | አባ ለትጹን (monthly) | ቅዱስ ኤዺፋንዮስ (monthly)
3-18,78,8,1,1,7,12,ቅዱስ ፊልዾስ ሐዋርያ (ከ፲፪ቱ) (annual) | ቅዱስ ኤላውትሮስና እናቱ እንትያ (ሰማዕታት) (annual) | ቅዱሳት ደናግል አጥራስስ ወዮና (ሰማዕታት) (annual) | ቅዱስ አትናቴዎስ የዋሕ (annual) | አቡነ አኖሬዎስ ዓቢይ (monthly) | ማር ያዕቆብ ግብጻዊ (monthly) | ቅዱስ ያዕቆብ ሐዋርያ (ከ፯፪ቱ አርድእት) (monthly)
3-19,79,10,8,3,7,30,ቅዱስ ሰርጊስ ሰማዕት (annual) | ቅዱስ ቴዎፍሎስ ሰማዕት (annual) | ቅዱሳን ዸጥሪቃና ደማሊስ (የቅዱሱ ሚስትና ልጅ) (annual) | ቅዱስ በርተሎሜዎስ ሐዋርያ (ልደቱ) (annual) | ቅዱስ ኤስድሮስ ሰማዕት (monthly) | አቡነ ስነ ኢየሱስ (monthly) | ቅዱስ ይምርሐነ ክርስቶስ (monthly)
3-20,80,7,4,1,6,14,ቅዱስ አንያኖስ (አንያኑ) (annual) | ቅዱስ ዮሐንስ ሐፂር (monthly) | ቅዱስ አክሎግ ቀሲስ (monthly) | ቅዱስ አፄ ካሌብ ጻድቅ (ንጉሠ ኢትዮዽያ) (monthly) | አባ አሞንዮስ ዘሃገረ ቶና (monthly) | ቅድስት ሳድዥ የዋሒት (monthly)
3-21,81,11,21,1,10,9,ቅዱስ ጐርጐርዮስ ዘሮሜ (annual) | ቅዱስ ዮሐንስ ዘአስዩጥ (annual) | ቅዱስ ቆዝሞስ ሊቀ ዻዻሳት (annual) | ቅድስት ዲቦራ ዘድልበት (annual) | ቅዱስ ዘኬዎስ ሐጺር (annual) | አበው ጎርጎርዮሳት (monthly) | አቡነ ምዕመነ ድንግል (monthly) | አቡነ አምደ ሥላሴ (monthly) | አባ አሮን ሶርያዊ (monthly) | አባ መርትያኖስ ጻድቅ (monthly)
3-22,82,10,5,2,8,20,"ቅዱሳን ቆዝሞስ ወድምያኖስ (ሰማዕታት) (annual) | ቅድስት ቴዎዳዳ (እናታቸው) (annual) | ""፫፲፩"" ሰማዕታት (የነ ቆዝሞስ ማሕበር) (annual) | ቅዱስ ደቅስዮስ (የእመቤታችን ወዳጅ) (monthly) | አባ እንጦንስ አበ መነኮሳት (monthly) | አባ ዻውሊ የዋህ (monthly) | ቅዱስ ዮልዮስ ሰማዕት (monthly) | ቅዱስ ሉቃስ ወንጌላዊ ሐዋርያ (monthly)"
3-23,83,10,13,3,7,30,ቅዱስ ቆርኔሌዎስ (ሐዋርያዊ ጻድቅ) (annual) | ቅዱስ አብድዩ ነቢይ (annual) | አባ ጢሞቴዎስ ገዳማዊ (monthly) | ቅዱስ ዳንኤል ነቢይ (monthly) | አባ ሳሙኤል (monthly) | አባ ስምዖን (monthly) | አባ ገብርኤል (monthly)
3-24,84,13,13,3,10,23,"ቅዱስ አዝቂር ሰማዕት (annual) | ""፵፰"" ሰማዕታት (ማሕበሩ) (annual) | አባ ዮሴፍ ዘሃገረ ጻን (annual) | ቅዱስ ዲዮስቆሮስ ጥዑመ ዜና (annual) | ቅዱስ ኪርያቅ ሰማዕት (annual) | ቅዱስ ቶማስ ዘመርዐስ (monthly) | አቡነ ዘዮሐንስ ጻድቅ ዘክብራን (monthly) | ቅዱስ አጋቢጦስ (ጻድቅ ኤዺስቆዾስ) (monthly) | ቅዱስ አብላርዮስ ታላቁ (monthly) | ቅዱስ አባ ሙሴ ጸሊም (ኢትዮዽያዊ) (monthly)"
3-25,85,9,8,2,7,22,ቅዱሳን ታቦትና ኖኅ (ወላጆቹ) (annual) | ቅዱስ ሮማኖስ (annual) | ቅድስት ቴክላ ሐዋርያዊት (monthly) | ቅዱስ አበከረዙን ሰማዕት (monthly) | ቅዱስ ዱማድዮስ ሶርያዊ (monthly) | ቅዱስ አቡፋና ጻድቅ (monthly) | ታላቁ አባ ቢጻርዮን (monthly)
3-26,86,9,2,1,8,11,አቡነ ሃብተ ማርያም ንጹሕ (annual) | ቅዱሳን ሰማዕታተ ናግራን (annual) | ቅዱስ ሒሩት አረጋዊ (annual) | ቅዱሳን ቢላርያኖስ ኪልቅያና ታቱስብያ (ሰማዕታት) (annual) | ቅዱስ ጐርጐርዮስ ዘደሴተ ሰንሲላ (annual) | ቅድስት ዮስቴና ቡርክት (annual) | ቅዱስ ቶማስ ሐዋርያ (monthly) | ቅዱስ አቡነ ሰላማ ከሣቴ ብርሃን (monthly)
3-27,87,12,16,4,8,33,ቅዱስ ያዕቆብ ዘግሙድ (annual) | ቅዱስ ፊልሞና ሐዋርያ (annual) | ቅዱስ ቀሌምንጦስ ሰማዕት (annual) | ቅዱስ ጢሞቴዎስ ሰማዕት (annual) | አባ ገብረ ዮሐንስ ጻድቅ (annual) | ቅዱስ መቃርስ (የመነኮሳት ሁሉ አለቃ) (monthly) | ቅዱስ ገላውዴዎስ ሰማዕት (ንጉሠ ኢትዮዽያ) (monthly) | ቅዱስ ቢፋሞን ጻድቅና ሰማዕት (monthly)
3-28,88,8,4,2,6,25,ቅዱስ ሰረባሞን ሰማዕት (annual) | ቅዱሳን አበው (አብርሃም ይስሐቅና ያዕቆብ) (monthly) | ቅዱስ እንድራኒቆስና ሚስቱ ቅድስት አትናስያ (monthly) | ቅድስት ዓመተ ክ ክርስቶስ (monthly) | ቅዱስ ቴዎድሮስ ሮማዊ (ሰማዕት) (monthly) | ቅዱስ አባዲርና ቅድስት ኢራኢ (monthly)
3-29,89,8,12,4,4,50,ቅዱስ ዼጥሮስ ተፍጻሜተ ሰማዕት (annual) | ቅዱስ ቀሌምንጦስ ሐዋርያ (ዘሮም) (annual) | ቅዱስ ማርቆስ ዘቶርማቅ (monthly) | ቅድስት አርሴማ ድንግል (monthly)
3-30,90,10,5,2,8,20,አፄ ገብረ መስቀል ጻድቅ (ንጉሠ ኢትዮዽያ) (annual) | ቅዱስ አካክዮስ ሊቅ (annual) | ቅዱሳን ቆዝሞስ ወድምያኖስ (annual) | ቅዱስ አናንዮስ ዘዓምድ (annual) | አባ መርቆሬዎስ ሰማዕት (annual) | ቅዱስ ጐርጐርዮስ ነባቤ መለኮት (monthly) | ቅድስት ሶፍያ ሰማዕት (monthly) | አባ ሣሉሲ ክቡር ጻድቅ (monthly)
4-1,91,10,18,5,5,50,ቅድስት ቤርሳቤህ (ቤትስባ) (annual) | ናቡቴ ኢይዝራኤላዊ (annual) | አባ ዮሐንስ ሊቀ ጳጳሳት (annual) | ቅዱስ በርተሎሜዎስ ሐዋርያ (monthly) | ቅዱስ ሚልኪ ትሩፈ ምግባር (monthly)
4-2,92,13,6,3,10,23,"አባ ሖር ጻድቅ (annual) | ቅዱስ አውካቲዎስ ሰማዕት (annual) | አባ አንበስ ሰማዕት (annual) | ፯,0፫፫ ሰማዕታት (የቅዱስ ፋሲለደስ ማሕበር) (annual) | ቅዱስ ናትናኤል መነኮስ (annual) | ቅዱስ ኢዮብ ጻድቅ ተአጋሲ (monthly) | ቅዱስ አቤል ጻድቅ (monthly) | ቅዱስ አባ ዻውሊ ገዳማዊ (ታላቁ) (monthly) | ሊቁ አባ ሕርያቆስ (monthly) | ቅዱስ ሳዊሮስ ዘአንጾኪያ (monthly)"
4-3,93,8,11,5,3,62,በዓታ ለእግዝእትነ ማርያም (annual) | ቅዱሳን ካህናት ዘካርያስና ስምዖን (annual) | ቅዱስ ቄርሎስ ሊቅ (ዓምደ ሃይማኖት) (monthly)
4-4,94,7,9,3,4,43,አባ ጻዕ (annual) | አባ ያዕቆብ (annual) | ቅድስት ታዖድራ (annual) | ቅድስት ሶፍያ ሰማዕት (monthly)
4-5,95,8,10,3,5,38,ቅድስት አውጋንያ ተጋዳሊት (annual) | ቅዱስ ፊልዾስ (annual) | ቅዱስ ናሆም ነቢይ (annual) | ቅዱስ ዼጥሮስ ሊቀ ሐዋርያት (monthly) | ቅዱስ ዻውሎስ ብርሃነ ዓለም (monthly)
4-6,96,5,11,1,4,20,"""፩፲፱"" ሰማዕታት (ማሕበሯ) (annual) | ቅዱስ ስምዖን ጻድቅ (ጫማ ሠፊው) (annual) | አባ አብርሃም ሶርያዊ (annual) | ቅዱስ እንጣልዮስ ሰማዕት (annual)"
4-7,97,10,7,3,7,30,ስብከተ ነቢያት (annual) | አባ ዳንኤል ገዳማዊ (annual) | አባ ማቴዎስ ገዳማዊ (annual) | ብጽዕት ዲዮጥርስ (annual) | አባ ሲኖዳ (የባሕታውያን አለቃ) (monthly) | አባ ባውላ ገዳማዊ (monthly) | ቅዱስ አትናቴዎስ ሐዋርያዊ (monthly)
4-8,98,14,4,3,11,21,አባ ሳሙኤል ዘደብረ ቀልሞን (annual) | አባ ዮሐንስ ዘደማስቆ (ሊቁ) (annual) | አባ ኤሲና ቅድስት ቴክላ (annual) | ቅዱሳት በርባራና ዮልያና (annual) | ቅድስት እንባ መሪና (annual) | ቅዱስ ገብረ ማርያም ተአማኒ (annual) | አባ ያሮክላ ሊቀ ዻዻሳት (annual) | አቡነ እስትፋሰ ክርስቶስ (ልደታቸው) (annual) | ቅዱስ ሙሴ ሊቀ ነቢያት (monthly) | አባ ብሶይ (ቢሾይ) (monthly) | ቅዱስ ማትያስ ሐዋርያ (ከ፲፪ቱ ሐዋርያት) (monthly)
4-9,99,9,8,3,6,33,ቅዱስ አባ በአሚን (ጻድቅና ሰማዕት) (annual) | ቅድስት አርምያ (annual) | ቅዱስ ዘካርያስ (annual) | ቅዱሳን ፫፲፰ቱ ሊቃውንት (monthly) | አባ በርሱማ ሶርያዊ (ለሶርያ መነኮሳት ኁሉ አባት) (monthly) | የብሔረ ብፁዐን ጻድቃን (monthly)
4-10,100,12,6,3,9,25,ቅዱስ ኒቆላዎስ ሊቅ (annual) | ቅዱስ ሳዊሮስ ሊቅ (ዘአንጾኪያ) (annual) | ቅድስት ሱርስት ገዳማዊት (annual) | ቅዱስ ጥዋሽ ሕጽው (annual) | ቅዱሳን ተላስስና አልዓዛር (ሰማዕታት) (annual) | ቅዱስ ናትናኤል ሐዋርያ (monthly) | ቅዱስ ኒቆላዎስ ዘሃገረ ሜራ (monthly) | ቅዱስ ያዕቆብ ሐዋርያ (ወልደ እልፍዮስ) (monthly) | ቅድስት ዕሌኒ ንግስት (monthly)
4-11,101,9,10,3,6,33,ታላቁ አባ በኪሞስ (annual) | ቅዱስ በርተሎሜዎስ (annual) | ቅዱስ ቴዎድሮስ (annual) | ቅዱስ በጥላን (annual) | ማር ገላውዴዎስ ሰማዕት (monthly) | ቅድስት ሐና ቡርክት (monthly)
4-12,102,12,18,4,8,33,ቅዱሳን አንቂጦስ ወፎጢኖስ (ሰማዕታት) (annual) | አባ ነድራ (annual) | ቅዱስ ዮሐንስ ተአማኒ (annual) | ጉቡዓን ኤዺስ ቆዾሳት (annual) | ቅዱስ ዮሐንስ አፈ ወርቅ (monthly) | ቅድስት ክርስቶስ ሠምራ (monthly) | ቅዱስ ማቴዎስ ሐዋርያ (monthly) | ቅዱስ ድሜጥሮስ ሊቅ (monthly)
4-13,103,12,19,4,8,33,"ቅዱስ መቃርስ ገዳማዊ (annual) | አባ አብራኮስ ገዳማዊ (annual) | ብጽዕት ሐና (የእመቤታችን እናት) (annual) | አባ በጽንፍርዮስ ሰማዕት (annual) | አባ ሚካኤል ዘቀልሞን (annual) | ቅዱስ አርሳንዮስ ጠቢብ ገዳማዊ (monthly) | ቅዱስ አስከናፍር ሮማዊ (monthly) | ""፲፫ቱ"" ግኁሳን አበው (monthly)"
4-14,104,14,4,1,13,7,"ዕለተ ብርሃን (annual) | ቅዱስ መርምሕናምና እህቱ ሣራ (annual) | ""፬0"" ሰማዕታት (የቅዱሱ ተከታዮች) (annual) | ""፲፯0,000"" ሰማዕታት (የቅዱሱ ሠራዊት) (annual) | ቅድስት ነሣሒት ቡርክት (annual) | ቅዱስ ስምዖን ሰማዕት (annual) | ቅዱስ አሞንዮስ ሰማዕት (annual) | አባ ገብረ ክርቶስ ሊቀ ዻዻሳት (annual) | አባ ስምዖን ገዳማዊ (monthly) | አባ ዮሐንስ ጻድቅ (monthly) | ቅዱስ ፊልዾስ ሐዋርያ (ከ፯፪ቱ አርድእት) (monthly) | ቅዱስ ገብረ ክርስቶስ መርዓዊ (monthly) | ቅዱስ ሙሴ መርዓዊ (monthly)"
4-15,105,9,6,2,7,22,ቅዱስ ጐርጐርዮስ ሊቅ (ዘአርማንያ) (annual) | አቡነ ኤዎስጣቴዎስ ረባን (annual) | ቅዱስ ሉቃስ ዘዓምድ (annual) | አባ ይምላህ (annual) | ቅዱስ ኤፍሬም ሶርያዊ (አፈ በረከት) (monthly) | ቅድስት እንባ መሪና (monthly) | ቅድስት ክርስጢና (monthly)
4-16,106,9,4,3,6,33,ቅዱስ ጌዴዎን ኃያል (annual) | ማርያም እህተ ሙሴ (annual) | ቅድስት ኤልሳቤጥ (የመጥምቁ ዮሐንስ እናት) (monthly) | ቅዱስ አኖሬዎስ ጻድቅ (monthly) | አባ ዳንኤል ገዳማዊ (monthly) | አባ አቡናፍር ገዳማዊ (monthly)
4-17,107,11,8,3,8,27,ቅዱስ ሉቃስ ዘዓምድ (annual) | ቅዱስ ናትናኤል ጻማዊ (annual) | ቅዱስ ማርቆስ (annual) | ቅዱስ ያዕቆብ ሐዋርያ (ወልደ ዘብዴዎስ) (monthly) | ቅዱሳን አበው መክሲሞስና ዱማቴዎስ (monthly) | አባ ዸላሞን ፈላሢ (monthly) | አባ ለትጹን የዋህ (monthly) | ቅዱስ ኤዺፋንዮስ ሊቅ (monthly)
4-18,108,10,2,2,8,20,ቅዱስ ቶማስ ሐዋርያ (ፍልሠቱ) (annual) | ቅዱስ ቲቶ ሐዋርያ (ፍልሠቱ) (annual) | ቅዱስ ፊልሞና ባሕታዊ (annual) | ቅዱስ ኢርቅላ (annual) | አቡነ አኖሬዎስ ዓቢይ (monthly) | ማር ያዕቆብ ግብጻዊ (monthly) | ቅዱስ ያዕቆብ ሐዋርያ (ከ፯፪ቱ) (monthly) | ቅዱስ ፊልዾስ ሐዋርያ (ከ፲፪ቱ) (monthly)
4-19,109,7,12,4,3,57,ቅዱስ ዮሐንስ ዘቡርልስ (annual) | አቡነ ስነ ኢየሱስ ጻድቅ (annual) | ቅዱስ ኤስድሮስ ሰማዕት (monthly)
4-20,110,9,4,1,8,11,ቅዱስ ሐጌ ነቢይ (annual) | አባ አውጋንዮስ (annual) | ታውፊና ንግሥት (annual) | ቅዱስ ዮሐንስ ሐፂር (monthly) | ቅዱስ አክሎግ ቀሲስ (monthly) | ቅዱስ አፄ ካሌብ ጻድቅ (ንጉሠ ኢትዮዽያ) (monthly) | አባ አሞንዮስ ዘሃገረ ቶና (monthly) | ቅድስት ሳድዥ የዋሒት (monthly)
4-21,111,9,21,1,8,11,ኖላዊ ሔር (annual) | ቅዱስ በርናባስ ሐዋርያ (annual) | አባ ይስሐቅ ጻድቅ (annual) | አበው ጎርጎርዮሳት (monthly) | አቡነ ምዕመነ ድንግል (monthly) | አቡነ አምደ ሥላሴ (monthly) | አባ አሮን ሶርያዊ (monthly) | አባ መርትያኖስ ጻድቅ (monthly)
4-22,112,10,11,3,7,30,ተአምረ ማርያም (annual) | ቅዱስ አንስጣስዮስ ሊቅ (annual) | አባ አርኬላዎስ (annual) | አባ እንጦንስ (monthly) | አባ ዻውሊ የዋህ (monthly) | ቅዱስ ዮልዮስ (monthly) | ቅዱስ ሉቃስ ወንጌላዊ (monthly)
4-23,113,9,14,4,5,44,አባ ጢሞቴዎስ ገዳማዊ (annual) | አባ ስምዖን ጻድቅ (annual) | አባ ገብርኤል ጻድቅ (annual) | አባ ይስሐቅ ጻድቅ (annual) | ቅዱስ ዳንኤል ነቢይ (monthly)
4-24,114,14,14,4,10,29,ቅዱሳን ጸጋ ዘአብና እግዚእ ኃረያ (annual) | ቅድስት አስቴር (annual) | አባ ፊሎንጐስ ሊቀ ዻዻሳት (annual) | አባ ዻውሊ ጻድቅ (annual) | ጻድቃን ቅዱሳን ዘከዲህ (annual) | ቅዱስ ቶማስ ዘመርዐስ (monthly) | አቡነ ዘዮሐንስ ጻድቅ ዘክብራን (monthly) | ቅዱስ አጋቢጦስ (ጻድቅ ኤዺስቆዾስ) (monthly) | ቅዱስ አብላርዮስ ታላቁ (monthly) | ቅዱስ አባ ሙሴ ጸሊም (ኢትዮዽያዊ) (monthly)
4-25,115,11,9,3,8,27,ቅዱሳን ፭ቱ መቃብያን (annual) | ቅዱስ ዳንኤል መነኮስ (annual) | ቅዱስ ኒቆላዎስ መኮንን (annual) | ቅድስት ቴክላ ሐዋርያዊት (monthly) | ቅዱስ አበከረዙን ሰማዕት (monthly) | ቅዱስ ዱማድዮስ ሶርያዊ (monthly) | ቅዱስ አባ አቡፋና ጻድቅ (monthly) | ታላቁ አባ ቢጻርዮን ገዳማዊ (monthly)
4-26,116,8,2,1,7,12,ቅድስት አንስጣስያ ሰማዕት (annual) | ቅዱስ አቦሊ ጻድቅ (annual) | ቅድሰት ዮልያና ሰማዕት (annual) | ቅዱስ ቶማስ ሐዋርያ (monthly) | አቡነ ሐብተ ማርያም ጻድቅ (monthly) | ቅዱሳን ሰማዕታተ ናግራን (monthly) | ቅዱስ አቡነ ሰላማ ከሣቴ ብርሃን (monthly)
4-27,117,11,17,4,7,36,ቅዱስ አብሳዲ ሰማዕት (annual) | አባ አላኒቆስ ሰማዕት (annual) | አባ ፊልዾስ (annual) | ቅዱስ መቃርስ (የመነኮሳት ሁሉ አለቃ) (monthly) | ቅዱስ ያዕቆብ ዘግሙድ (monthly) | ቅዱስ ገላውዴዎስ ሰማዕት (ንጉሠ ኢትዮዽያ) (monthly) | ቅዱስ ቢፋሞን ጻድቅና ሰማዕት (monthly)
4-28,118,9,3,1,8,11,"በዓለ ጌና ስቡሕ (annual) | ዕለተ ማርያም ድንግል (annual) | ""፻፸፬"" ሰማዕታት (የቅዱስ ዻውሎስ ማሕበር) (annual) | ቅዱሳን (አብርሃም ይስሐቅና ያዕቆብ) (monthly) | ቅዱስ እንድራኒቆስና ሚስቱ ቅድስት አትናስያ (monthly) | ቅድስት ዓመተ ክ ክርስቶስ (monthly) | ቅዱስ ቴዎድሮስ ሮማዊ (monthly) | ቅዱስ አባዲርና ቅድስት ኢራኢ (monthly)"
4-29,119,15,16,5,10,33,ታኦዶኮስ ( ድንግል ማርያም ) (annual) | ቅዱስ ኢያሱ ነቢይ (ልደቱ) (annual) | ጻድቅ አቃርዮስ (ንጉሠ ሮሃ) (annual) | ቅዱስ ቆሪል ገመላዊ (annual) | ሰብአ ሰገል (annual) | ዮሴፍና ሰሎሜ (annual) | ቅዱሳን ሰማዕታተ አክሚም (annual) | ቅዱስ ዼጥሮስ ተፍጻሜተ ሰማዕት (monthly) | ቅዱስ ማርቆስ ዘቶርማቅ (monthly) | ቅድስት አርሴማ ድንግል (monthly)
4-30,120,9,5,4,5,44,"አባ ዘካርያስ ገዳማዊ (annual) | ""፲፬፼ሺ"" ሕጻናት (ሔሮድስ የገደላቸው) (annual) | ቅዱስ ጐርጐርዮስ ነባቤ መለኮት (monthly) | ቅድስት ሶፍያ ሰማዕት (monthly) | አባ ሣሉሲ ክቡር ጻድቅ (monthly)"
5-1,121,10,17,4,6,40,ቅዱሳን ሰማዕታተ አክሚም (annual) | ቅዱሳን ዲዮስቆሮስ ወሰከላብዮስ (annual) | ቅዱስ ለውንድዮስ ሰማዕት (annual) | አባ መቃርስ ሊቀ ዻዻሳት (annual) | ቅዱስ በርተሎሜዎስ ሐዋርያ (monthly) | ቅዱስ ሚልኪ ትሩፈ ምግባር (monthly)
5-2,122,11,4,2,9,18,ቅዱስ አቤል ጻድቅ (annual) | ቅዱስ ቴዎናስ ሊቀ ዻዻሳት (annual) | ቅዱስ አላኒቆስ ሰማዕት (annual) | ቅድስት ሳቤላ ነቢዪት (annual) | ቅዳሴ ቤቷ ለድንግል (በደብረ አባ ሲኖዳ) (annual) | ቅዱስ ኢዮብ ጻድቅ ተአጋሲ (monthly) | ቅዱስ አባ ዻውሊ ገዳማዊ (ታላቁ) (monthly) | ሊቁ አባ ሕርያቆስ (monthly) | ቅዱስ ሳዊሮስ ዘአንጾኪያ (monthly)
5-3,123,10,11,5,5,50,"""፲፬፬ ሺ"" ቅዱሳን ሕጻናት (annual) | አባ አሞን መስተጋድል (annual) | በዓታ ለእግዝእትነ ማርያም ድንግል (monthly) | ቅዱሳን ካህናት (ዘካርያስና ስምዖን) (monthly) | ቅዱስ ቄርሎስ ዓምደ ሃይማኖት (monthly)"
5-4,124,8,9,4,4,50,አባ ናርዶስ ጻድቅ (ዘደብረ ቢዘን) (annual) | ቅዱስ ጊዮርጊስ (annual) | ቅዱስ ማርቴና (annual) | ቅድስት ሶፍያ ሰማዕት (monthly)
5-5,125,10,7,1,9,10,ቅዱስ አባ ማቴዎስ (annual) | ቅዱስ አውስግንዮስ አረጋዊ (ሰማዕት) (annual) | ቅድስት እስክንድርያ (annual) | ቅድስት አውስያ ሰማዕት (annual) | ቅዱስ ዼጥሮስ ሊቀ ሐዋርያት (monthly) | ቅዱስ ዻውሎስ ብርሃነ ዓለም (monthly) | ቅዱስ ዮሐኒ ኢትዮዽያዊ (monthly) | ቅዱስ አሞኒ ዘናሒሶ (monthly) | ቅድስት አውጋንያ (ሰማዕትና ጻድቅ) (monthly)
5-6,126,13,11,4,9,31,በዓለ ግዝረቱ ለክርስቶስ (annual) | ቅዱስ ኖኅ ጻድቅ (annual) | አባ ሙሴ ገዳማዊ (annual) | አባ ወርክያኖስ (annual) | ቅድስት ደብረ ቁስቁዋም (monthly) | ቅዱስ ዮሴፍ አረጋዊ (monthly) | ቅድስት ሰሎሜ (monthly) | አባ አርከ ሥሉስ (monthly) | አባ ጽጌ ድንግል (monthly)
5-7,127,10,8,3,7,30,ቅዱስ ሶል ዼጥሮስ (annual) | ቅዱስ ኤፍሬም (annual) | ቅዱስ ሰሎሞን (annual) | አባ ሲኖዳ (የባሕታውያን አለቃ) (monthly) | አባ ዳንኤል ዘገዳመ ሲሐት (monthly) | አባ ባውላ ገዳማዊ (monthly) | ቅዱስ አትናቴዎስ ሐዋርያዊ (monthly)
5-8,128,10,5,1,9,10,ታላቁ ቅዱስ መቃርስ (annual) | ቅዱስ ሚክያስ ነቢይ (annual) | አባ እንድራኒቆስ ሊቀ ዻዻሳት (annual) | አባ ብንያሚን ሊቀ ዻዻሳት (annual) | ቅዱስ ሙሴ ሊቀ ነቢያት (monthly) | ኪሩቤል (አርባዕቱ እንስሳ) (monthly) | አባ ብሶይ (ቢሾይ) (monthly) | አባ ሳሙኤል ዘደብረ ቀልሞን (monthly) | ቅዱስ ማትያስ ሐዋርያ (ከ፲፪ቱ ሐዋርያት) (monthly)
5-9,129,10,8,3,7,30,አባ አብርሃም ገዳማዊ (annual) | አባ ገዐርጊ ጻድቅ (annual) | ቅዱስ ዲዮስቅርስ ዘሮሜ (annual) | አባ ኪናፎርያ (annual) | ቅዱሳን ፫፲፰ቱ ሊቃውንት (monthly) | አባ በርሱማ ሶርያዊ (ለሶርያ መነኮሳት ኁሉ አባት) (monthly) | የብሔረ ብፁዐን ጻድቃን (monthly)
5-10,130,11,6,3,8,27,ጾመ ገሃድ (annual) | አባ ታውብንስጦስ ዘሲሐት (annual) | ቅዱስ ኪናርያ (annual) | ቅድስት ጠምያኒ (annual) | ቅዱስ ናትናኤል ሐዋርያ (monthly) | ቅዱስ ኒቆላዎስ ዘሃገረ ሜራ (monthly) | ቅዱስ ያዕቆብ ሐዋርያ (ወልደ እልፍዮስ) (monthly) | ቅድስት ዕሌኒ ንግስት (monthly)
5-11,131,10,12,5,5,50,በዓለ ኤዺፋንያ (annual) | አባ ወቅሪስ ገዳማዊ (annual) | ቅዱስ እንጣልዮስ ሰማዕት (annual) | ማር ገላውዴዎስ ሰማዕት (monthly) | ቅድስት ሐና ቡርክት (monthly)
5-12,132,5,18,1,4,20,"ቃና ዘገሊላ (annual) | ቅዱስ ያዕቆብ እሥራኤል (annual) | ቅዱሳን ለውንድዮስ እና ኒቆሮስ (annual) | ፭ ሚሊየን"" ሰማዕታት (የቅዱስ ቴዎድሮስ ማሕበር) (annual)"
5-13,133,6,15,4,2,67,ቅዱስ አባ ነካሮ (annual) | ቅዱሳን ቃሮስና ሰሚኖስ (annual)
5-14,134,12,3,1,11,8,"ቅዱስ አባ መክሲሞስ (annual) | ቅዱስ አባ አርከሌድስ (annual) | ቅድስት እምራይስ (annual) | ቅድስት ምሕራኤል (annual) | ""፵፻፴፬""ሰማዕታት (ማሕበራነ ቅዱስ ቂርቆስ) (annual) | አባ ስምዖን (monthly) | አባ ዮሐንስ (monthly) | ቅዱስ ገብረ ክርስቶስ (ሙሽራው) (monthly) | ቅዱስ ሙሴ (monthly) | ቅዱስ ፊልዾስ (ከ፯፪ አርድዕት) (monthly) | ቅድስት ነሣሒት (monthly)"
5-15,135,9,6,2,7,22,ቅዱስ አብድዩ ነቢይ (annual) | ቅዱስ ጎርጎርዮስ ዘኑሲስ (annual) | ቅድስት ሶፍያ (annual) | ቅድስት አድምራ (annual) | ቅዱስ ኤፍሬም ሶርያዊ (monthly) | ቅድስት ክርስጢና (monthly) | ቅድስት እንባ መሪና (monthly)
5-16,136,14,3,2,12,14,"ቅዱስ ፊላታዎስ ሰማዕት (annual) | አባ ዸላድዮስ ገዳማዊ (annual) | ማር ዳንኤል ሶርያዊ (annual) | 11,00፬ ሰማዕታት (የቅ/ቂርቆስ ማሕበር) (annual) | 11,50፫ (የቅ/ፊላታዎስ ማሕበር) (annual) | አባ ጽሕማ (ከተስዓቱ ቅዱሳን አንዱ) (annual) | በዓለ ኪዳና ለድንግል (monthly) | ቅዱስ አኖሬዎስ ንጉሥ (monthly) | ቅዱስ ገብረ ማርያም (ንጉሠ ኢትዮዽያ) (monthly) | ቅድስት ኤልሳቤጥ (monthly) | አባ ዳንኤል (monthly) | አባ አቡናፍር ገዳማዊ (monthly)"
5-17,137,7,8,2,5,29,"ቅዱሳን እና ክቡራን የሚሆኑ አባቶቻችን ""መክሲሞስ እና ዱማቴዎስ"" (annual) | ቅዱስ ኤዺፋንዮስ ዘቆዽሮስ (monthly) | አባ ዸላሞን ፈላሲ (monthly) | አባ ለትፁን የዋሕ (monthly) | ቅዱስ ያዕቆብ ሐዋርያ (ወልደ ዘብዴዎስ) (monthly)"
5-18,138,8,12,2,6,25,ቅዱሳት ደናግል ማርያ እና ማርታ (ከ፫፮ቱ ቅዱሳት አንስት) (annual) | ቅዱስ ያዕቆብ ዘንፅቢን (ከ፫፲፰ቱ) (annual) | ቅዱስ ባኮስ ኢትዮዽያዊ (አቤላክ / አቤሜሌክ) (annual) | ቅዱስ ፊልዾስ ሐዋርያ (monthly) | አባ አኖሬዎስ (monthly) | ማር ያዕቆብ ግብፃዊ (monthly)
5-19,139,10,9,4,6,40,አባ ባሱራ (annual) | ቅድስት ኔራ (annual) | ቅድስት በርስጢና (annual) | አባ ዝሑራ (annual) | ቅዱስ ኤስድሮስ ሰማዕት (monthly) | አቡነ ስነ ኢየሱስ (monthly)
5-20,140,12,8,4,8,33,ቅዱስ አክሎግ ቀሲስ (ሰማዕትና ጻድቅ) (annual) | አባ አብድዩ ጻድቅ (annual) | ቅዱስ ብሕኑ ሰማዕት (annual) | ቅዱስ አብሮኮሮስ ሐዋርያ (የወንጌላዊው ቅዱስ ዮሐንስ ደቀ መዝሙር) (annual) | አባ ኖሕ (annual) | ቅዱስ አሞንዮስ (monthly) | ቅዱስ ካሌብ ንጉሠ ኢትዮዽያ (monthly) | ቅድስት ሳድዥ የዋሂት (monthly)
5-21,141,12,21,1,11,8,ቅዱስ ጎርጎርዮስ ዘኑሲስ (ታላቅ ሊቅና ጻድቅ) (annual) | ቅድስት ኢላርያ እናታችን (የዘይኑን ንጉሥ ልጅ) (annual) | ቅዱስ ኤርምያስ ነቢይ (annual) | ቅዱስ ዮሐንስ መጥምቅ (annual) | ቅዱስ ኒቆላዎስ ሰማዕት (annual) | አባ ፊቅጦር (annual) | አባ ምዕመነ ድንግል (monthly) | አባ አምደ ሥላሴ (monthly) | አባ አሮን ሶርያዊ (monthly) | አባ መርትያኖስ (monthly) | አበው ጎርጎርዮሳት (monthly)
5-22,142,6,5,1,5,17,ቅዱስ አባ እንጦንስ (የመነኮሳት አባት - የበርሐው ኮከብ / ልደቱና ዕረፍቱ) (annual) | ቅዱስ ሚናስ ኤዺስ ቆዾስ (annual) | ቅዱስ ሉቃስ ወንጌላዊ (monthly) | ቅዱስ ደቅስዮስ ኤዺስ ቆዾስ (monthly) | አባ ዻውሊ የዋህ (monthly)
5-23,143,11,13,2,9,18,ቅዱስ ጢሞቴዎስ (ሐዋርያና ሰማዕት-የቅ/ዻውሎስ ደቀ መዝሙር) (annual) | ቅዱስ ጌርሎስ ሰማዕት (annual) | ቅዱስ አትናቴዎስ ሰማዕት (annual) | ጻድቅ ንጉሥ ቴዎዶስዮስ (ዘቁስጥንጥንያ) (annual) | ቅዱስ ሰሎሞን ንጉሠ እሥራኤል (monthly) | አባ ጢሞቴዎስ ገዳማዊ (monthly) | አባ ሳሙኤል (monthly) | አባ ስምዖን (monthly) | አባ ገብርኤል (monthly)
5-24,144,11,12,4,7,36,ታላቁ አባ ቢፋ (annual) | አባ አብሳዲ ቀሲስ (annual) | ቅዱሳን ጻድቃነ ሐውዚን (annual) | አቡነ ዘዮሐንስ (ዘክብራን ገብርኤል -ጣና) (monthly) | ቅዱስ ቶማስ ዘመርዓስ (monthly) | ቅዱስ ሙሴ ጸሊም (monthly) | ቅዱስ አጋቢጦስ (monthly)
5-25,145,10,8,2,8,20,ቅዱሳን ባስልዮስና ጎርጎርዮስ (annual) | ብፁዕ አባ ዼጥሮስ ጽሙድ (ለምጽዋት ራሱን የሸጠ አባት) (annual) | ቅዱስ ሰብስትያኖስ ሰማዕት (annual) | ቅዱስ አስኪላ ሰማዕት (annual) | ቅዱስ አበከረዙን ሰማዕት (monthly) | ቅዱስ ዱማድዮስ ሶርያዊ (monthly) | ቅድስት ቴክላ ሐዋርያዊት (monthly) | አባ አቡፋና (monthly)
5-26,146,8,3,1,7,12,"""፵፱"" አረጋውያን ሰማዕታት (ግብፅ ገዳመ አስቄጥስ ውስጥ) (annual) | ቅድስት አንስጣስያ (annual) | ቅዱስ ዮሴፍ (መፍቀሬ ነዳያን) (annual) | አባ ጽሕማ (ከተስዓቱ ቅዱሳን) (annual) | ቅዱስ ቶማስ ሐዋርያ (monthly) | አቡነ ሐብተ ማርያም ኢትዮዽያዊ (monthly) | አቡነ ሰላማ ከሣቴ ብርሃን (monthly)"
5-27,147,11,15,3,8,27,ቅዱስ ኄኖክ ነቢይ (ወደ ብሔረ ሕያዋን ያረገበት) (annual) | ቅዱስ ጢሞቴዎስ ሐዋርያ (ፍልሠቱ) (annual) | ቅዱስ አባ ቢፋሞን ሰማዕት (annual) | ቅዱስ ሰራብዮን ሰማዕት (annual) | አቡነ መባዐ ፅዮን (monthly) | አባ መቃርስ ርዕሰ መነኮሳት (monthly) | ቅዱስ ገላውዴዎስ ሰማዕት (ንጉሠ ኢትዮዽያ) (monthly) | ቅዱስ ያዕቆብ ዘግሙድ (monthly)
5-28,148,9,3,1,8,11,"ቅዱስ ቀሌምንጦስ ሰማዕት (ስለ ሃይማኖት ፯ ጊዜ ሙቶ የተነሳ, ፯ አክሊል የወረደለት) (annual) | ቅዱስ አካውህ መነኮስ (annual) | ""፰00"" ሰማዕታት (annual) | ቅዱስ ዮሴፍ አይሁዳዊ (የእመቤታችን ወዳጅ) (annual) | ቅድስት ሳቤላ (annual) | ቅዱስ ቴዎድሮስ ሮማዊ (monthly) | ቅዱስ እንድራኒቆስና አትናስያ (monthly) | ቅድስት ዓመተ ክርስቶስ (monthly)"
5-29,149,6,11,2,4,33,ጻድቃን ቅዱሳን ማሕበረ ዶጌ (ዴጌ ጻድቃን) (annual) | ቅድስት አርሴማ ሰማዕት (monthly) | ቅዱስ ዼጥሮስ ተፍፃሜተ ሰማዕት (monthly) | ቅዱስ ማርቆስ ዘቶርማቅ (monthly)
5-30,150,11,5,2,9,18,"ቅድስት ሶፍያና ፫ቱ ሰማዕታት ልጆቿ (ጲስጢስ አላዺስና አጋዺስ) (annual) | ቅድስት ኦርኒ ሰማዕት (በ፭ ነገሥታት እጅ የተሰቃየች የሐዋርያው ጢሞቴዎስ ተከታይና ወደ ብሔረ ሕያዋን የተነጠቀች እናት) (annual) | ቅዱስ ጐርጐርዮስ ነባቤ መለኮት (annual) | አባ አክርስጥሮስ (annual) | አምስቱ ደናግል ሰማዕታት (ጤቅላ ማርያ ማርታ አበያ ዓመታ) (annual) | ጻድቃነ ዴጌ (የተሠወሩበት) (annual) | አባ ሚናስ ሊቀ ዻዻሳት (annual) | ""130,000"" ሰማዕታት (የቅ/ኦርኒ ማሕበር) (annual) | አባ ሣሉሲ ክቡር (monthly)"
6-1,151,7,13,3,4,43,ቅዱስ ዼጥሮስ ተፍጻሜተ ሰማዕት (ቅዳሴ ቤቱ) (annual) | ታላቁ ቴዎዶስዮስ ጻድቅ (ንጉሠ ቍስጥንጥንያ) (annual) | ቅዱስ በርተሎሜዎስ ሐዋርያ (monthly) | ቅዱስ ሚልኪ ቁልዝማዊ (monthly)
6-2,152,9,4,2,7,22,ቅዱስ አባ ዻውሊ ገዳማዊ (የባሕታውያን ኁሉ አባት) (annual) | ቅዱስ አባ ለንጊኖስ ሊቀ ምኔት (ደብረ ዝጋግ - ግብፅ) (annual) | ቅዱስ ቶማስ ሐዋርያ (annual) | ቅዱስ ሳዊሮስ ዘአንጾኪያ (የሃይማኖት ጠበቃ) (monthly) | ቅዱስ ኢዮብ ጻድቅ (monthly) | ቅዱስ አቤል ጻድቅ (monthly) | አባ ሕርያቆስ ዘሐገረ ብሕንሳ (monthly)
6-3,153,8,11,2,6,25,ቅዱስ ኤፍሬም ሶርያዊ (አፈ በረከት በዓለ ፍልሰቱ) (annual) | ቅዱስ አባ ዕብሎይ ገዳማዊ (annual) | አባ ያዕቆብ መስተጋድል (annual) | በዓታ ማርያም (monthly) | ቅዱሳን ዘካርያስ ወስምኦን (monthly) | አባ መድኀኒነ እግዚኦ (monthly)
6-4,154,5,9,1,4,20,ሐዋርያው አጋቦስ (annual) | አባ ዘካርያስ (annual) | አባ መቃርዮስ (monthly) | አባ አብርሐ (monthly)
6-5,155,11,8,2,9,18,"ቅዱስ አባ ዕብሎይ ገዳማዊ (annual) | ቅዱስ አባ ብሶይ ጻድቅ (annual) | አባ አክርጵዮስ (annual) | ""49"" አረጋውያን ሰማዕታት (ፍልሠታቸው) (annual) | ቅዱስ አሞኒና ሚስቱ ቅድስት ሙስያ (የታላቁ ዕብሎይ ወላጆች) (annual) | አባ ኖብ ጻድቅ, መነሳንሱ ዘወርቅ (annual) | ቅዱስ ዻውሎስ ሐዋርያ (monthly) | ቅዱስ ዮሐኒ ኢትዮዽያዊ (monthly) | ቅዱስ አሞኒ ዘናሒሶ (monthly)"
6-6,156,14,12,5,9,36,ቅዱሳን አቡቂርና ዮሐንስ (ሰማዕታት) (annual) | ቅድስት አትናስያና ፫ቱ ሰማዕታት ልጆቿ (ቴዎድራ ቴዎፍናና ቴዎዶክስያ) (annual) | ቅድስት ደብረ ቁስቁዋም (monthly) | አባታችን ኖኅና እናታችን ሐይከል (monthly) | ቅዱስ ባስልዮስ ዘቂሣርያ (monthly) | ቅዱስ ዮሴፍ አረጋዊ (monthly) | ቅድስት ሰሎሜ (monthly) | አባ አርከ ሥሉስ (monthly) | አባ ጽጌ ድንግል (monthly)
6-7,157,11,7,3,8,27,አባ አብዱልማስ ገዳማዊ (annual) | አባ ቴዎድሮስ ሊቀ ዻዻሳት (annual) | አባ እለእስክንድሮስ ሊቀ ዻዻሳት (annual) | ቅዱስ አባዲር (annual) | አባ ሲኖዳ (የባሕታውያን አለቃ) (monthly) | አባ ዳንኤል ዘገዳመ ሲሐት (monthly) | አባ ባውላ ገዳማዊ (monthly) | ቅዱስ አትናቴዎስ ሐዋርያዊ (monthly)
6-8,158,10,3,1,9,10,ቅዱስ ስምዖን አረጋዊ (annual) | ቅድስት ሐና ነቢይት (የፋኑኤል ልጅ) (annual) | ቅድስት ዓመተ ክርስቶስ እግዝእት (annual) | አባ ኤልያስ ገዳማዊ (በትህትና ያጌጠ ቅዱስ ሰው) (annual) | ቅዱስ ሙሴ ሊቀ ነቢያት (monthly) | ቅዱስ ማትያስ ሐዋርያ (monthly) | ኪሩቤል (አርባዕቱ እንስሳ) (monthly) | አባ ብሶይ (ቢሾይ) (monthly) | አባ ሳሙኤል ዘደብረ ቀልሞን (monthly)
6-9,159,8,9,4,4,50,"አባ በርሱማ ሶርያዊ (ለሶርያ መነኰሳት ሁሉ አባት) (annual) | ቅዱስ ጳውሎስ ሶርያዊ (ሰማዕት) (annual) | ""፫፻፲፰ቱ"" ቅዱሳን ሊቃውንት (ርቱዐነ ሃይማኖት ዘኒቅያ) (monthly) | የብሔረ ብፁዐን ጻድቃን (monthly)"
6-10,160,6,8,1,5,17,ቅዱስ ያዕቆብ ሐዋርያ (ወልደ እልፍዮስ) (annual) | አባ ኤስድሮስ ጻድቅ (ዘሃገረ ፈርማ) (annual) | አባ ፌሎ ሰማዕት (annual) | ቅዱስ ስምዖን (annual) | ቅዱስ ኒቆላዎስ (annual)
6-11,161,12,10,5,7,42,አባ አውሎግ አንበሳዊ (annual) | አባ አውሎጊን ጻድቅ (የአባ አውሎግ መምሕር) (annual) | አባ በትራ (የጻድቁ አባ ስልዋኖስ ደቀ መዝሙር) (annual) | አባ አብርሃም ኤዺስ ቆዾስ (annual) | አባ መቃቢስ (annual) | አባ ኮንቲ (annual) | ቅዱስ ገላውዴዎስ ሰማዕት (monthly)
6-12,162,12,19,4,8,33,"""30,000 ሰማዕታተ ኢትዮዽያ (ሮማዊው ፋሽስት የገደላቸው) (annual) | ቅዱስ ሶምሶን ረዓይታዊ (የእስራኤል መስፍን) (annual) | ቅዱስ አባ ገላስዮስ ገዳማዊ (annual) | ቅድስት ዶርቃስ (annual) | ቅዱስ ማቴዎስ ሐዋርያ (monthly) | ቅዱስ ድሜጥሮስ (monthly) | ቅዱስ ዮሐንስ አፈ ወርቅ (monthly) | ቅድስት ክርስቶስ ሠምራ (monthly)"
6-13,163,15,18,4,11,27,"ቅዱስ አውሳብዮስ ጻድቅ (ጥዑመ ዜና) (annual) | ቅዱስ ሰርግዮስ ሰማዕት (annual) | ቅዱስ መፁን ቀሲስ (annual) | ቅዱስ ቴዎድሮስ ሰማዕት (የቅ/ፋሲለደስ ልጅ) (annual) | አባ ጢሞቴዎስ ሊቀ ዻዻሳት (annual) | አባ ክፍላ (annual) | አባ ኅብስ (annual) | ""99ኙ"" ነገደ መላዕክት (monthly) | ቅዱስ አስከናፍር (monthly) | ""፲፫ቱ"" ግኁሳን አባቶች (monthly) | ቅዱስ አርሳንዮስ ጠቢብ ገዳማዊ (monthly)"
6-14,164,12,2,1,11,8,ቅዱስ ሳዊሮስ ዘአንጾኪያ (annual) | ቅዱስ ቄርሎስ ሊቀ ዻዻሳት (annual) | አባ ያዕቆብ ሊቀ ዻዻሳት (annual) | ቅዱስ ዳርዮስ (annual) | ቅድስት ሊድና (annual) | ቅዱስ ገብረ ክርስቶስ መርዓዊ (monthly) | ቅዱስ ፊልዾስ ሐዋርያ (monthly) | ቅዱስ ሙሴ ( የእግዚአብሔር ሰው) (monthly) | አባ ስምዖን ገዳማዊ (monthly) | አባ ዮሐንስ ጻድቅ (monthly) | እናታችን ቅድስት ነሣሒት (monthly)
6-15,165,8,6,2,6,25,ቅዱስ ዘካርያስ ነቢይ (ከ፲፪ቱ ደቂቀ ነቢያት አንዱ) (annual) | ቅዱስ አባ በፍኑትዮስ ገዳማዊ (ከጻድቅነቱ ባሻገር በግብፅ በርሃ የሚኖሩ የብዙ ቅዱሳንን ዜና ሕይወት የጻፈ አባት ነው) (annual) | ቅዱሳን አርብዐ ሐራ ሰማይ (፬0 የሰማይ ጭፍሮች) (annual) | ቅዱስ ኤፍሬም ሶርያዊ (አፈ በረከት) (monthly) | ቅድስት እንባ መሪና (monthly) | ቅድስት ክርስጢና (monthly)
6-16,166,7,3,3,4,43,ቅድስት ኤልሳቤጥ (የመጥምቁ ዮሐንስ እናት / የእመቤታችን አክስት / የሶፍያ ልጅ) (annual) | ቅዱስ አኖሬዎስ ንጉሥ ጻድቅ (monthly) | አባ አቡናፍር ገዳማዊ (monthly) | አባ ዳንኤል ጻድቅ (monthly)
6-17,167,9,8,2,7,22,ቅዱስ ሙሴ ሊቀ ነቢያት (በ፩፳ ዓመቱ ደብረ ናባው ላይ ተቀብሯል) (annual) | ቅዱስ ሚናስ ግብጻዊ (ኁለተኛው) (annual) | ቅዱስ ያዕቆብ ሐዋርያ (ወልደ ዘብዴዎስ) (monthly) | ቅዱስ ኤጲፋንዮስ ዘቆዽሮስ (monthly) | ቅዱሳን አበው መክሲሞስና ዱማቴዎስ (monthly) | አባ ጰላሞን ፈላሢ (monthly) | አባ ለትጹን የዋህ (monthly)
6-18,168,6,1,1,5,17,ቅዱስ ያዕቆብ ሐዋርያ (የቅዱስ ዮሴፍ ልጅ ከ፯፪ቱ አርድእት አንዱ) (annual) | ቅዱስ አባ መላልዮስ ጻድቅ ሊቀ ዻዻሳት (annual) | ቅዱስ ፊልዾስ ሐዋርያ (monthly) | አቡነ አኖሬዎስ ዘደብረ ጽጋጋ (monthly) | ማር ያዕቆብ ግብፃዊ (monthly)
6-19,169,6,10,3,3,50,ታላቁ አባ መርትያኖስ (በዝሙት ላለመሰናከል እግራቸውን በእሳት ያቃጠሉ አባት) (annual) | ቅዱስ ኤስድሮስ ሰማዕት (monthly) | አቡነ ስነ ኢየሱስ (monthly)
6-20,170,11,4,1,10,9,አቡነ ክፍለ- ማርያም ዘዲባጋ (የተሰወረበት) (annual) | አቡነ ገብረ-መርዐዊ ዘአግዶ (ኢትዮዽያዊ) (annual) | ቅዱስ ፊልሞን መዐንዝር (ከአዝማሪነት በክርስቶስ አምኖ ለሰማዕትነት የበቃ ቅዱስ ሰው) (annual) | ቅዱስ አስቃሎን አናጉንስጢስ (ሰማዕት) (annual) | ቅዱስ ዼጥሮስ ሊቀ ዻዻሳት (የታላቁ ሐዋርያዊ አትናቴዎስ ደቀ መዝሙር) (annual) | ቅዱስ ዮሐንስ ሐፂር (monthly) | ቅዱስ አክሎግ ቀሲስ (monthly) | ቅዱስ አፄ ካሌብ ጻድቅ (monthly) | አባ አሞንዮስ ዘሃገረ ቶና (monthly) | ቅድስት ሳድዥ የዋሒት (monthly)
6-21,171,12,21,1,11,8,ቅዱስ አናሲሞስ ሐዋርያ (annual) | ፩፥፲፩) (annual) | አባ ዘካርያስ ዘሃገረ ስሃ (annual) | አባ አካክዮስ ጻድቅ (annual) | አባ ገብርኤል ሊቀ ዻዻሳት (annual) | አባ ገብርኤል (የኢትዮዽያ ጳጳስ የነበሩ) (annual) | አበው ጎርጎርዮሳት (monthly) | አቡነ ምዕመነ ድንግል (monthly) | አቡነ አምደ ሥላሴ (monthly) | አባ አሮን ሶርያዊ (monthly) | አባ መርትያኖስ ጻድቅ (monthly)
6-22,172,8,4,1,7,12,ቅዱሳን ሰማዕታተ ፋርስ (ፍልሠታቸውና ቅዳሴ ቤታቸው) (annual) | ቅዱስ አባ ማሩና ጻድቅ ኤዺስ ቆዾስ (የፋርስ ሰማዕታትን አጽም የሠበሠበ) (annual) | ቅዱስ አባ ቡላ (annual) | ቅዱስ ሉቃስ ወንጌላዊ (monthly) | ቅዱስ ደቅስዮስ (የእመቤታችን ወዳጅ) (monthly) | አባ እንጦንዮስ (አበ መነኮሳት) (monthly) | አባ ዻውሊ የዋህ (monthly)
6-23,173,10,13,4,6,40,ቅዱስ አውስግንዮስ ሰማዕት (annual) | ቅዱስ ሰሎሞን ንጉሠ እስራኤል (monthly) | አባ ጢሞቴዎስ ገዳማዊ (monthly) | አባ ሳሙኤል (monthly) | አባ ስምዖን (monthly) | አባ ገብርኤል (monthly)
6-24,174,9,12,3,6,33,ቅዱስ አጋቢጦስ (ጻድቅ ኤዺስቆዾስ) (annual) | ቅዱስ ጢሞቴዎስ ሰማዕት (ዘጋዛ) (annual) | ቅዱስ ሚናስ ዘቆዽሮስ (annual) | ቅዱስ ሙሴ ፀሊም (monthly) | ቅዱስ ቶማስ ዘመርዐስ (monthly) | ቅዱስ አብላርዮስ ታላቁ (monthly)
6-25,175,10,8,2,8,20,ቅዱስ አባ አቡፋና ጻድቅ (annual) | ቅዱስ እንጦኒ /Anthony/ ሐዲስ ሰማዕት (annual) | ቅዱሳን ሰማዕታት -አውሳንዮስ ፊልሞናና ሉቅያ ድንግል (የቅዱስ ዻውሎስ ሐዋርያ ደቀ መዛሙርት) (annual) | ቅዱስ ቶና ዲያቆንና ሰማዕት (annual) | ቅዱስ ሚናስ ዘሃገረ ቁስ (annual) | ቅድስት ቴክላ ሐዋርያዊት (monthly) | ቅዱስ አበከረዙን ሰማዕት (monthly) | ቅዱስ ዱማድዮስ ሶርያዊ (monthly)
6-26,176,8,2,1,7,12,"ቅዱስ ሆሴዕ ነቢይ (ከ፲፪ቱ ደቂቀ ነቢያት) (annual) | ቅዱስ ሳዶቅ ሰማዕት (annual) | ""፰0፰"" ሰማዕታት (ከቅ/ሳዶቅ ጋር የተሰየፉ) (annual) | ቅዱስ ቶማስ ሐዋርያ (monthly) | አቡነ ሐብተ ማርያም ጻድቅ (monthly) | ቅዱሳን ሰማዕታተ ናግራን (monthly) | አቡነ ሰላማ ከሣቴ ብርሃን (monthly)"
6-27,177,8,15,2,6,25,አባ አንስጣስዮስ ርቱዓ ሃይማኖት (ዘአንጾኪያ) (annual) | አቡነ መብዐ ፅዮን ጻድቅ (monthly) | ቅዱስ መቃርስ (የመነኮሳት ሁሉ አለቃ) (monthly) | ቅዱስ ያዕቆብ ዘግሙድ (monthly) | ቅዱስ ገላውዴዎስ ሰማዕት (ንጉሠ ኢትዮጵያ) (monthly) | ቅዱስ ቢፋሞን ጻድቅና ሰማዕት (monthly)
6-28,178,6,7,2,4,33,"""፮,፴፬"" ሰማዕታት (በቅ/ቴዎድሮስ አምላክ አምነው ሰማዕትነት የተቀበሉ) (annual) | ቅዱሳን አበው (አብርሃም ይስሐቅና ያዕቆብ) (monthly) | ቅዱስ እንድራኒቆስና ሚስቱ ቅድስት አትናስያ (monthly) | ቅድስት ዓመተ ክ ክርስቶስ (monthly)"
6-29,179,8,11,3,5,38,ቅዱሱ ሕፃን (የፍቅርተ ክርስቶስ ልጅ) (annual) | ቅዱስ ቢላካርዮስ ዘሃገረ አርሞኒ (አረጋዊ ደራሲ ጻድቅና ሰማዕት) (annual) | ቅድስት አርሴማ ድንግል (monthly) | ቅዱስ ዼጥሮስ ተፍጻሜተ ሰማዕት (monthly) | ቅዱስ ማርቆስ ዘቶርማቅ (monthly)
6-30,180,5,5,2,3,40,አባ ሣሉሲ ክቡር (monthly) | ቅዱስ ጐርጐርዮስ ነባቤ መለኮት (monthly) | ቅድስት ሶፍያ ሰማዕት (monthly)
7-1,181,10,12,3,7,30,አባታችን ማቱሣላ (በ፱፮፱ ዓመቱ ያረፈበት) (annual) | ቅዱስ በርኪሶስ ዘኢየሩሳሌም (annual) | ቅዱስ እለእስክንድሮስ (annual) | ቅዱስ መርቆሬዎስ (annual) | አባ ሚካኤል ዘሀገረ አትሪብና አባ ዮሐንስ ዘሀገረ ቡርልስ (፪ቱ አባቶች ሃይማኖተ አበውን ግፃዌንና ስንክሳርን ያዘጋጁ ናቸው) (annual) | ቅዱስ በርተሎሜዎስ ሐዋርያ (monthly) | ቅዱስ ሚልኪ ትሩፈ ምግባር (monthly)
7-2,182,10,4,2,8,20,ቅዱስ ጎርጎርዮስ ረዓዬ ኅቡዓት (ዘሃገረ ሮሀ) (annual) | አቡነ መክፈልተ ማርያም ጻድቅ (ኢትዮዽያዊ) (annual) | አባ መከራዊ ዘሀገረ ኒቅዮስ (አረጋዊ ጻድቅ ዻዻስና ሰማዕት) (annual) | ቅዱስ ዕዮብ ጻድቅ ተአጋሲ (monthly) | ቅዱስ አቤል ጻድቅ (monthly) | ቅዱስ አባ ዻውሊ ገዳማዊ (ታላቁ) (monthly) | ቅዱስ ሳዊሮስ ዘአንጾኪያ (monthly) | አባ ሕርያቆስ ዘሀገረ ብሕንሳ (monthly)
7-3,183,8,11,4,4,50,ቅዱስ አባ ቆዝሞስ (የእስክንድርያ ሊቀ ዻዻሳት) (annual) | አባ በርፎንዮስ ክቡር (annual) | በዓታ ለእግዝእትነ ማርያም ድንግል ወላዲተ አምላክ (monthly) | ቅዱሳን ሊቃነ ካህናት አበው (ዘካርያስና ስምዖን) (monthly)
7-4,184,6,9,3,3,50,የቅዱሳን ሊቃውንት ጉባዔ (አሞር ደሴት ውስጥ) (annual) | ቅዱስ ሐኑልዮስ መኮንን (ሰማዕት) (annual) | ቅድስት ሶፍያ ሰማዕት (monthly)
7-5,185,9,7,1,8,11,ቅዱስ አባ ሰረባሞን (በምድረ ግብፅ ምንኩስናን ካስፋፉ ታላላቅ ቅዱሳን አንዱ) (annual) | አባ ግርማኖስ ጻድቅ (ሶርያዊ) (annual) | ቅድስት አውዶክስያ ሰማዕት (ከከፋ የኃጢአት ሕይወት ተመልሳ ለቅድስና የበቃች እናት) (annual) | ቅዱሳን ስምዖንና ሚስቱ አቅሌስያ (የአቡነ ገብረ መንፈስ ቅዱስ ወላጆች) (annual) | ቅዱስ ዼጥሮስ ሊቀ ሐዋርያት (monthly) | ቅዱስ ዻውሎስ ሐዋርያ (monthly) | ቅዱስ ዮሐኒ ኢትዮዽያዊ (monthly) | ቅዱስ አሞኒ ዘናሒሶ (monthly)
7-6,186,16,12,4,12,25,ጻድቁ ዐፄ ገብረ መስቀል (የኢትዮዽያ ንጉሥ) (annual) | ቅዱስ ቴዎዶስዮስ ተአማኒ (ዘቆረንቶስ) (annual) | አባ ዘሩፋኤል ጻድቅ (annual) | አባ እንጦንስ ገዳማዊ (annual) | አባ አርከሌድስ ገዳማዊ (annual) | ቅድስት ደብረ ቁስቁዋም (monthly) | አባታችን ኖኅና እናታችን ሐይከል (monthly) | ቅዱስ ባስልዮስ ዘቂሣርያ (monthly) | ቅዱስ ዮሴፍ አረጋዊ (monthly) | ቅድስት ሰሎሜ (monthly) | አባ አርከ ሥሉስ (monthly) | አባ ጽጌ ድንግል (monthly)
7-7,187,11,7,3,8,27,ጻድቁ ኢትዮዽያዊ ንጉሥ ዐፄ ቴዎድሮስ (annual) | ቅዱስ ቴዎዶጦስ ሰማዕት (annual) | ቅዱስ ፊልሞን ሰማዕት (annual) | ቅዱስ አብላንዮስ ሰማዕት (annual) | አባ ሲኖዳ (የባሕታውያን አለቃ) (monthly) | አባ ዳንኤል ዘገዳመ ሲሐት (monthly) | አባ ባውላ ገዳማዊ (monthly) | ቅዱስ አትናቴዎስ ሐዋርያዊ (monthly)
7-8,188,8,3,1,7,12,ቅዱስ ማትያስ ሐዋርያ (ከ፲፪ቱ ሐዋርያት) (annual) | ቅዱስ አርያኖስ ሰማዕት (በዘመነ ሰማዕታት ብዙ ክርስቲያኖችን ያሳድድ የነበረና ጌታ በንስሃ የጠራው) (annual) | ቅዱስ ዮልዮስ ሊቀ ዻዻሳት (annual) | ቅዱስ ሙሴ ሊቀ ነቢያት (monthly) | ኪሩቤል (አርባዕቱ እንስሳ) (monthly) | አባ ብሶይ (ቢሾይ) (monthly) | አባ ሳሙኤል ዘደብረ ቀልሞን (monthly)
7-9,189,10,9,3,7,30,"ቅዱስ ኩትን ሐዋርያ (annual) | ቅዱስ እንድርያኖስ ሰማዕት (annual) | ቅዱስ አውሳብዮስ ሰማዕት (annual) | ""፪,000"" ሰማዕታት (የአባ ኖብ ማሕበር) (annual) | አባ በርሱማ ሶርያዊ (ለሶርያ መነኮሳት ኁሉ አባት) (monthly) | ""፫፻፲፰ቱ"" ቅዱሳን ሊቃውንት (ርቱዐነ ሃይማኖት ዘኒቅያ) (monthly) | የብሔረ ብፁዐን ጻድቃን (monthly)"
7-10,190,9,8,2,7,22,ቅድስት ዕሌኒ ንግሥት (annual) | ቅዱስ ኪራኮስ አረጋዊ (annual) | ቅዱስ መቃርስ ዘኢየሩሳሌም (annual) | ቅዱስ ናትናኤል ሐዋርያ (monthly) | ቅዱስ ኒቆላዎስ ዘሃገረ ሜራ (monthly) | ቅዱስ ቆስጠንጢኖስ ጻድቅ ንጉሥ (monthly) | ቅዱስ ያዕቆብ ሐዋርያ (ወልደ እልፍዮስ) (monthly)
7-11,191,10,10,4,6,40,አባ አሌፍ ጻድቅ (ከተስዓቱ ቅዱሳን) (annual) | ቅዱስ ቴዎቄጤኖስ ሰማዕት (annual) | ቅዱስ ባስሊዖስ (ዻዻስና ሰማዕት) (annual) | አባ ኤፍሬም ሰማዕት (annual) | አባ ኤልያስ ሰማዕት (annual) | ቅዱስ ገላውዴዎስ ሰማዕት (monthly)
7-12,192,9,18,3,6,33,ቅዱስ ድሜጥሮስ ሊቀ ዻዻሳት (ደንግልናው የተገለጠበት) (annual) | ቅድስት ልዕልተ ወይን (annual) | ቅዱስ መላዚ ሰማዕት (annual) | ቅዱስ ማቴዎስ ሐዋርያ (monthly) | ቅዱስ ዮሐንስ አፈ ወርቅ (monthly) | ቅድስት ክርስቶስ ሠምራ (monthly)
7-13,193,11,17,6,5,55,"ቅዱስ ዲዮናስዮስ (ጻድቅ ሊቀ ዻዻሳት) (annual) | ""፱፱ኙ"" ነገደ መላዕክት (monthly) | ቅዱስ አስከናፍር (monthly) | ""፲፫ቱ"" ግኁሳን አባቶች (monthly) | ቅዱስ አርሳንዮስ ጠቢብ ገዳማዊ (monthly)"
7-14,194,11,2,1,10,9,ቅዱስ ቶማስ ሐዋርያ (ጋኔን ያደረባት ሴትን ፈውሶ አሕዛብን ያሳመነበት) (annual) | ቅዱስ አባ ባጥል ትሩፈ ምግባር (ባንድ ወቅት ከእስክንድርያ ዝሙትን ለማጥፋት የተጋደሉ ጻድቅና አረጋዊ አባት) (annual) | ቅዱስ ሲኖዳ (ሺኖዳ) ሰማዕት (annual) | ቅዱስ ቄርሎስ ሊቀ ዻዻሳት (annual) | ቅዱስ ገብረ ክርስቶስ መርዓዊ (monthly) | ቅዱስ ፊልዾስ ሐዋርያ (monthly) | ቅዱስ ሙሴ ( የእግዚአብሔር ሰው) (monthly) | አባ ስምዖን ገዳማዊ (monthly) | አባ ዮሐንስ ጻድቅ (monthly) | እናታችን ቅድስት ነሣሒት (monthly)
7-15,195,9,6,3,6,33,ቅዱስ ሰለፍኮስ ሰማዕት (annual) | አባ ሕልያስ ሰማዕት (annual) | ቅዱስ ጊዮርጊስ ሐዲስ (annual) | ቅዱስ ኤፍሬም ሶርያዊ አፈ በረከት (monthly) | ቅድስት እንባ መሪና (monthly) | ቅድስት ክርስጢና (monthly)
7-16,196,8,3,3,5,38,ቅዱስ አባ ሚካኤል ሊቀ ዻዻሳት (annual) | ቅድስት ኤልሳቤጥ (የመጥምቁ ዮሐንስ እናት) (monthly) | ቅዱስ አኖሬዎስ ንጉሥ ጻድቅ (monthly) | አባ አቡናፍር ገዳማዊ (monthly) | አባ ዳንኤል ጻድቅ (monthly)
7-17,197,12,9,2,10,17,ቅዱስ አልዓዛር ጻድቅ ሐዋርያ (annual) | ቅዱስ ቴዎቅሪጦስ አናጉንስጢስ (ሰማዕት) (annual) | ቅዱስ ተላስስ ሰማዕት (annual) | ቅዱስ ዮሴፍ ኤዺስ ቆዾስ (annual) | ቅዱስ ጊዮርጊስ መስተጋድል (annual) | ቅዱስ ያዕቆብ ሐዋርያ (ወልደ ዘብዴዎስ) (monthly) | ቅዱስ ኤዺፋንዮስ ዘቆዽሮስ (monthly) | ቅዱሳን አበው መክሲሞስና ዱማቴዎስ (monthly) | አባ ዸላሞን ፈላሢ (monthly) | አባ ለትጹን የዋህ (monthly)
7-18,198,5,1,1,4,20,ቅዱስ ኤስድሮስ ሰማዕት (annual) | ቅዱስ ፊልዾስ ሐዋርያ (monthly) | አቡነ አኖሬዎስ ዘደብረ ጽጋጋ (monthly) | ማር ያዕቆብ ግብፃዊ (monthly)
7-19,199,8,8,3,5,38,ቅዱስ አስከናፍር ሚስቱ ማርታ ልጆቹ አርቃድዮስና ዮሐንስ (annual) | ቅዱስ አርስጥቦሎስ ሐዋርያ (ከ፯፪ቱ አርድእት-የቅ/ዻውሎስ ደቀ መዝሙር) (annual) | ሰባቱ ቅዱሳን ሰማዕታት (ከተለያየ ቦታ ተሰብስበው በክርስቶስ ስም የሞቱ) (annual) | ቅዱስ ኤስድሮስ ሰማዕት (monthly) | አቡነ ስነ ኢየሱስ (monthly)
7-20,200,12,4,2,10,17,ቅዱስ አልዓዛር ጻድቅ ሐዋርያ (የጌታ ወዳጅ) (annual) | ቅዱሳን ሰማዕታት (የቅ/አስጠራጦኒቃ ማሕበር) (annual) | እናታችን ቅድስት ጽጌ- ሥላሴ (ኢትዮዽያዊት) (annual) | ቅዱስ አስቃራን ሰማዕት (annual) | አባ ሚካኤል ሊቀ ዻዻሳት (annual) | ቅዱስ ዮሐንስ ሐፂር (monthly) | ቅዱስ አክሎግ ቀሲስ (monthly) | ቅዱስ አፄ ካሌብ ጻድቅ (ንጉሠ ኢትዮዽያ) (monthly) | አባ አሞንዮስ ዘሃገረ ቶና (monthly) | ቅድስት ሳድዥ የዋሒት (monthly)
7-21,201,10,21,1,9,10,ቅዱሱ ቤተሰብ (አልዓዛር ማርያና ማርታ) (annual) | አባታችን ላሜኅ (የማቱሳላ ልጅ-የጻድቁ ኖኅ አባት) (annual) | ቅዱስ ቴዎድሮስ ሰማዕት (annual) | ቅዱስ ጢሞቴዎስ ሰማዕት (annual) | አበው ጎርጎርዮሳት (monthly) | አቡነ ምዕመነ ድንግል (monthly) | አቡነ አምደ ሥላሴ (monthly) | አባ አሮን ሶርያዊ (monthly) | አባ መርትያኖስ ጻድቅ (monthly)
7-22,202,7,4,1,6,14,ቅዱሳን ሐዋርያት ንጹሐን አርድእትና ቅዱሳት አንስት (የጌታችን ፩፳ ቤተሰቦች) (annual) | ቅዱስ ቄርሎስ መንፈሳዊ (annual) | ቅዱስ ሉቃስ ወንጌላዊ (monthly) | ቅዱስ ደቅስዮስ (የእመቤታችን ወዳጅ) (monthly) | አባ እንጦንዮስ (አበ መነኮሳት) (monthly) | አባ ዻውሊ የዋህ (monthly)
7-23,203,8,14,3,5,38,ቅዱስ ሰሎሞን ንጉሠ እስራኤል (monthly) | አባ ጢሞቴዎስ ገዳማዊ (monthly) | አባ ሳሙኤል (monthly) | አባ ስምዖን (monthly) | አባ ገብርኤል (monthly)
7-24,204,9,12,3,6,33,ቅዱሳን እግዚእ ኃረያና ጸጋ ዘአብ (annual) | ቅዱስ አባ መቃርስ ሊቀ ዻዻሳት (annual) | ቅዱስ አጋቢጦስ ጻድቅ (monthly) | ቅዱስ ሙሴ ፀሊም (monthly) | ቅዱስ ቶማስ ዘመርዐስ (monthly) | ቅዱስ አብላርዮስ ታላቁ (monthly)
7-25,205,7,8,2,5,29,ቅዱስ አንሲፎሮስ ሐዋርያ (ከ፯፪ቱ አርድእት) (annual) | ቅድስት ቴክላ ሐዋርያዊት (monthly) | ቅዱስ አበከረዙን ሰማዕት (monthly) | ቅዱስ ዱማድዮስ ሶርያዊ (monthly) | ቅዱስ አባ አቡፋና ጻድቅ (monthly)
7-26,206,8,2,1,7,12,ቅዱሳን ሐርያት (annual) | ቅድስት ድንግል ኢዮዸራቅስያ (annual) | ቅዱስ ፍርፍርዮስ ሰማዕት (annual) | ቅዱስ ቶማስ ሐዋርያ (monthly) | አቡነ ሐብተ ማርያም ጻድቅ (monthly) | ቅዱሳን ሰማዕታተ ናግራን (monthly) | አቡነ ሰላማ ከሣቴ ብርሃን (monthly)
7-27,207,11,22,4,7,36,ቅዱስ ዮሐንስ (ፍቁረ እግዚእ) (annual) | ቅዱሳት አንስት (ከእግረ መስቀሉ ያልተለዩ) (annual) | 500' ቅዱሳን ባልንጀሮች (በጌታ ስቅለት ጊዜ ከሞት የተነሱ) (annual) | ቅዱሳን ዮሴፍና ኒቆዲሞስ (annual) | አቡነ መብዐ ፅዮን ጻድቅ (monthly) | ቅዱስ ያዕቆብ ዘግሙድ (monthly) | ቅዱስ ቢፋሞን ጻድቅና ሰማዕት (monthly)
7-28,208,3,3,2,1,67,ጻድቅ ንጉሥ ቁስጠንጢኖስ እረፍቱ (annual)
7-29,209,18,17,7,11,39,ጥንተ ዕለተ ፍጥረት (ዓለም የተፈጠረችበት) (annual) | በዓለ ትስብእት (የጌታችን ጽንሰቱ) (annual) | ጥንተ በዓለ ትንሳኤ (annual) | ዳግም ምጽዐት (annual) | ቅዱስ ዻውሎስ ሐዋርያ (annual) | ቅዱሳት አንስት (ትንሳኤውን የሰበኩ) (annual) | አብርሃ ወአጽብሐ (ጽንሰታቸው) (annual) | ቅዱስ ኢያሱ ነቢይ (ጽንሰቱ) (annual) | ቅድስት አርሴማ ድንግል (monthly) | ቅዱስ ዼጥሮስ ተፍጻሜተ ሰማዕት (monthly) | ቅዱስ ማርቆስ ዘቶርማቅ (monthly)
7-30,210,10,10,4,6,40,ቅዱስ ሶምሶን (መስፍነ እስራኤል) (annual) | ቅዱስ ያዕቆብ ዘግሙድ (ፍልሠቱ) (annual) | እግዚአብሔር ውሃን ከ፫ ከፈለው (ጠፈርን ፈጠረ) (annual) | አባ ሣሉሲ ክቡር (monthly) | ቅዱስ ጐርጐርዮስ ነባቤ መለኮት (monthly) | ቅድስት ሶፍያ ሰማዕት (monthly)
8-1,211,9,12,3,6,33,ቅዱስ አሮን ካህን (የሊቀ ነቢያት ሙሴ ወንድም) (annual) | አባ ስልዋኖስ ጻድቅ (annual) | ቅዱሳን መነኮሳት (annual) | ቅድስት መጥሮንያ (annual) | ቅዱስ በርተሎሜዎስ ሐዋርያ (monthly) | ቅዱስ ሚልኪ ትሩፈ ምግባር (monthly)
8-2,212,11,4,2,9,18,ቅዱስ ክርስቶፎሮስ (ሐዋርያና ሰማዕት) (annual) | አባ ስምዖን ዘሃገረ ሐሊባ (annual) | ቅዱስ መላልኤል (የያሬድ አባት - ከአዳም ፭ኛ ትውልድ) (annual) | እግዚአብሔር ፀሐይን ጨረቃን ከዋክብትን ፈጠረ (annual) | ቅዱስ ኢዮብ ጻድቅ ተአጋሲ (monthly) | ቅዱስ አቤል ጻድቅ (monthly) | ቅዱስ አባ ዻውሊ ገዳማዊ (ታላቁ) (monthly) | ቅዱስ ሳዊሮስ ዘአንጾኪያ (monthly) | አባ ሕርያቆስ ዘሃገረ ብሕንሳ (monthly)
8-3,213,10,11,4,6,40,ቅዱስ መርቄ ጻድቅ (ክርስቲያናዊ ነጋዴ) (annual) | ቅዱስ ዮሐንስ ዘኢየሩሳሌም (annual) | አባ ሚካኤል ዘእስክንድርያ (annual) | እግዚአብሔር - በእግር የሚራመዱ በክንፍ የሚበሩና በልብ የሚሳቡ በየብስ የሚኖሩ ፍጥረታትን ፈጠረ (annual) | በዓታ ለእግዝእትነ ማርያም ድንግል ወላዲተ አምላክ (monthly) | ቅዱሳን ሊቃነ ካህናት አበው (ዘካርያስና ስምዖን) (monthly)
8-4,214,7,9,3,4,43,እግዚአብሔር የሰው ልጅን ፈጠረ (annual) | ቅዱሳን አብርሃ ወአጽብሐ (ጻድቃን ነገሥት) (annual) | ቅዱሳን ፊቅጦር ዳኬዎስና ኤርሞ (ሰማዕታት) (annual) | ቅድስት ሶፍያ ሰማዕት (monthly)
8-5,215,11,7,1,10,9,እግዚአብሔር ሰንበትን ቀደሰ (annual) | ቅዱስ ሕዝቅኤል ነቢይ (annual) | ቅዱስ ዲዮስቆሮስ (ክፉ ላለመናገር ዲንጋይ ጐርሶ የኖረ አባት) (annual) | ቅድስት ታኦድራ (annual) | ቅዱስ አርሳኒ (annual) | ቅዱስ ያሬድ ካህን (ልደቱ) (annual) | ቅዱስ ዼጥሮስ ሊቀ ሐዋርያት (monthly) | ቅዱስ ዻውሎስ ሐዋርያ (monthly) | ቅዱስ ዮሐኒ ኢትዮዽያዊ (monthly) | ቅዱስ አሞኒ ዘናሒሶ (monthly)
8-6,216,14,13,5,9,36,ቅዱስ ቶማስ ሐዋርያ (የጌታችንን ጐኑን የዳሰሰበት) (annual) | ቅድስት ማርያም ግብፃዊት (ከኃጢአት ሕይወት ተመልሳ በፍፁም ቅድስናዋ የተመሠከረላት እናት) (annual) | ቅድስት ደብረ ቁስቁዋም (monthly) | እናታችን ሐይከል (monthly) | ቅዱስ ባስልዮስ ዘቂሣርያ (monthly) | ቅዱስ ዮሴፍ አረጋዊ (monthly) | ቅድስት ሰሎሜ (monthly) | አባ አርከ ሥሉስ (monthly) | አባ ጽጌ ድንግል (monthly)
8-7,217,11,11,4,7,36,ቅዱስ አጋቦስ ሰማዕት (annual) | ቅድስት ቴዎድራ ሰማዕት (annual) | ቅዱስ አባ መቅሩፋ ጻድቅ (annual) | አባ ሲኖዳ (የባሕታውያን አለቃ) (monthly) | አባ ዳንኤል ዘገዳመ ሲሐት (monthly) | አባ ባውላ ገዳማዊ (monthly) | ቅዱስ አትናቴዎስ ሐዋርያዊ (monthly)
8-8,218,9,3,1,8,11,"ቅዱሳት ደናግል አጋሊዝ ኢራኒና ሱስንያ (annual) | ""፲፭0"" ቅዱሳን ሰማዕታት (ፋርስ (ኢራን) ውስጥ የተሰየፉ) (annual) | አባ ጢሞቴዎስ ሊቀ ዻዻሳት (annual) | ቅዱስ ሙሴ ሊቀ ነቢያት (monthly) | ኪሩቤል (አርባዕቱ እንስሳ) (monthly) | አባ ብሶይ (ቢሾይ) (monthly) | አባ ሳሙኤል ዘደብረ ቀልሞን (monthly) | ቅዱስ ማትያስ ሐዋርያ (ከ፲፪ቱ ሐዋርያት) (monthly)"
8-9,219,8,8,3,5,38,"ቅዱሳን የብሔረ ብጹዐን ጻድቃን (annual) | ቅዱስ ኤስድሮስ ሕጻን ሰማዕት (ገና በ፲ ወር ዕድሜው ሰማዕት የሆነ) (annual) | አባ ሱንቱዩ ሊቀ ዻዻሳት (annual) | አባ በርሱማ ሶርያዊ (ለሶርያ መነኮሳት ኁሉ አባት) (monthly) | ""318ቱ"" ቅዱሳን ሊቃውንት (ርቱዐነ ሃይማኖት ዘኒቅያ) (monthly)"
8-10,220,9,6,2,7,22,ቅዱስ አባ ይስሐቅ ገዳማዊ (የታላቁ ዕብሎይ ደቀ መዝሙር) (annual) | አባ ገብርኤል ሊቀ ዻዻሳት (annual) | ቅዱስ ናትናኤል ሐዋርያ (monthly) | ቅዱስ ኒቆላዎስ ዘሃገረ ሜራ (monthly) | ቅዱስ ቆስጠንጢኖስ ጻድቅ ንጉሥ (monthly) | ቅዱስ ያዕቆብ ሐዋርያ (ወልደ እልፍዮስ) (monthly) | ቅድስት ዕሌኒ ንግስት (monthly)
8-11,221,9,10,4,5,44,ቅድስት ታኦድራ ገዳማዊት (annual) | አባ በኪሞስ ጻድቅ (annual) | ስምኦን ዘለምጽ (annual) | ቅዱስ ዮሐንስ ኤዺስ ቆዾስ (annual) | ቅዱስ ገላውዴዎስ ሰማዕት (monthly)
8-12,222,12,18,4,8,33,ቅዱስ ኤርምያስ ነቢይ (annual) | ቅዱስ አቤሜሌክ ኢትዮዽያዊ (annual) | ቅዱስ ባሮክ (annual) | ቅዱስ እለእስክንድሮስ ዘኢየሩሳሌም (annual) | ቅዱስ ማቴዎስ ሐዋርያ (monthly) | ቅዱስ ዮሐንስ አፈ ወርቅ (monthly) | ቅድስት ክርስቶስ ሠምራ (monthly) | ቅዱስ ድሜጥሮስ (monthly)
8-13,223,11,15,3,8,27,"ቅድስት ዲዮኒስ ዲያቆናዊት (የሐዋርያት ተከታይ የነበረች) (annual) | አባ ኢያሱና አባ ዮሴፍ (ሰማዕታት) (annual) | ቅዱስ መናድሌዎስ (annual) | አባ አኮላቲሞስ (annual) | ""99ኙ"" ነገደ መላዕክት (monthly) | ቅዱስ አስከናፍር (monthly) | ""፲፫ቱ"" ግኁሳን አባቶች (monthly) | ቅዱስ አርሳንዮስ ጠቢብ ገዳማዊ (monthly)"
8-14,224,8,2,1,7,12,አባ መክሲሞስ ሊቀ ጳጳሳት (annual) | ቅዱስ ገብረ ክርስቶስ መርዓዊ (monthly) | ቅዱስ ፊልዾስ ሐዋርያ (monthly) | ቅዱስ ሙሴ ( የእግዚአብሔር ሰው) (monthly) | አባ ስምዖን ገዳማዊ (monthly) | አባ ዮሐንስ ጻድቅ (monthly) | እናታችን ቅድስት ነሣሒት (monthly)
8-15,225,10,13,4,6,40,ቅዱስ ኒቆላዎስ ዘሀገረ ሜራ (ከ፫፲፰ቱ ሊቃውንት) (annual) | ቅዱስ አጋቦስ ሐዋርያ (ከ፯፪ቱ አርድእት) (annual) | ቅድስት እለእስክንድርያ ሰማዕት (annual) | ቅዱስ ኤፍሬም ሶርያዊ (አፈ በረከት) (monthly) | ቅድስት እንባ መሪና (monthly) | ቅድስት ክርስጢና (monthly)
8-16,226,9,3,3,6,33,ቅዱስ አንቲቦስ ዘሀገረ በአርማ (ሐዋርያዊ ዻዻስና ሰማዕት) (annual) | ቅዱስ ሳባ ሰማዕት (annual) | ቅድስት ኤልሳቤጥ (የመጥምቁ ዮሐንስ እናት) (monthly) | ቅዱስ አኖሬዎስ ንጉሥ ጻድቅ (monthly) | አባ አቡናፍር ገዳማዊ (monthly) | አባ ዳንኤል ጻድቅ (monthly)
8-17,227,7,8,2,5,29,ቅዱስ ያዕቆብ ሐዋርያ ወልደ ዘብዴዎስ (ከ፲፪ቱ ሐዋርያት) (annual) | ቅዱስ ኤዺፋንዮስ ዘቆዽሮስ (monthly) | ቅዱሳን አበው መክሲሞስና ዱማቴዎስ (monthly) | አባ ዸላሞን ፈላሢ (monthly) | አባ ለትጹን የዋህ (monthly)
8-18,228,7,1,1,6,14,ቅዱስ አውሳብዮስ ሰማዕት (annual) | አባ ዼጥሮስ ሰማዕት (annual) | ሰማዕታተ ጠርሴስ (annual) | ቅዱስ ፊልዾስ ሐዋርያ (monthly) | አቡነ አኖሬዎስ ዘደብረ ጽጋጋ (monthly) | ማር ያዕቆብ ግብፃዊ (monthly)
8-19,229,7,8,3,4,43,"ቅዱስ ስምዖን ሰማዕት (አርማንያዊ) (annual) | ""፲፭0"" ቅዱሳን ሰማዕታት (የስምዖን ማሕበር) (annual) | ቅዱስ ኤስድሮስ ሰማዕት (monthly) | አቡነ ስነ ኢየሱስ (monthly)"
8-20,230,8,4,1,7,12,ቅዱስ በብኑዳ (ሰማዕት ወጻድቅ) (annual) | ቅዱስ ቄርሎስ ሚስቱና ፲፪ ልጆቹ ሰማዕታት (ከቅዱስ በብኑዳ ጋር የተገደሉ) (annual) | ቅዱስ ዮሐንስ ሐፂር (monthly) | ቅዱስ አክሎግ ቀሲስ (monthly) | ቅዱስ አፄ ካሌብ ጻድቅ (ንጉሠ ኢትዮዽያ) (monthly) | አባ አሞንዮስ ዘሃገረ ቶና (monthly) | ቅድስት ሳድዥ የዋሒት (monthly)
8-21,231,15,27,2,13,13,ቅዱስ ዮሐንስ (ፍቁረ እግዚእ) (annual) | ቅዱሳት አንስት (ከእግረ መስቀሉ ያልተለዩ) (annual) | 500' ቅዱሳን ባልንጀሮች (በጌታ ስቅለት ጊዜ ከሞት የተነሱ) (annual) | ቅዱሳን ዮሴፍና ኒቆዲሞስ (annual) | ቅዱስ ብሩታዎስ ሐዋርያዊ (annual) | አባ ዕንባቆም ጻድቅ ሰባኬ ሃይማኖት ዘደብረ ሊባኖስ (ኢትዮዽያዊ) (annual) | ቅዱስ አካክሪስ (annual) | ቅዱስ ይወራስ (annual) | አበው ጎርጎርዮሳት (monthly) | አቡነ ምዕመነ ድንግል (monthly) | አቡነ አምደ ሥላሴ (monthly) | አባ አሮን ሶርያዊ (monthly) | አባ መርትያኖስ ጻድቅ (monthly)
8-22,232,11,10,2,9,18,ቅዱስ እለእስክንድሮስ ሊቅ (አርዮስን ያወገዘ) (annual) | አባ ይስሐቅ ጻድቅ (annual) | አባ ማርቆስ ሐዲስ (annual) | አባ ሚካኤል ዘኢየሩሳሌም (annual) | አባ ሚካኤል ዘእስክንድርያ (annual) | ቅዱስ ሉቃስ ወንጌላዊ (monthly) | ቅዱስ ደቅስዮስ (የእመቤታችን ወዳጅ) (monthly) | አባ እንጦንዮስ (አበ መነኮሳት) (monthly) | አባ ዻውሊ የዋህ (monthly)
8-23,233,8,13,2,6,25,ቅዱስ ሮቆ ጻድቅ (በስሙ ለተማጸነ ከወባ በሽታ እንዲጠብቀው ጌታ ቃል ኪዳን ገብቶለታል) (annual) | ቅዱስ ሰሎሞን ንጉሠ እስራኤል (monthly) | አባ ጢሞቴዎስ ገዳማዊ (monthly) | አባ ሳሙኤል (monthly) | አባ ስምዖን (monthly) | አባ ገብርኤል (monthly)
8-24,234,12,12,3,9,25,ቅዱስ ፃና ሰማዕት (annual) | አባ ስንትዩ ሊቀ ዻዻሳት (annual) | አባ ይድራ (annual) | የደብረ ሲና ቅዳሴ ቤት (annual) | ቅዱስ አጋቢጦስ (ጻድቅ ኤዺስቆዾስ) (monthly) | ቅዱስ ሙሴ ፀሊም (monthly) | ቅዱስ ቶማስ ዘመርዐስ (monthly) | ቅዱስ አብላርዮስ ታላቁ (monthly) | አቡነ ዘዮሐንስ ጻድቅ (ኢትዮዽያዊ) (monthly)
8-25,235,11,8,2,9,18,ቅድስት ሣራና ፪ ልጆቿ (ሰማዕታት) (annual) | አቡነ ገብረ ማርያም ጻድቅ-ዘልሆኝ (ኢትዮዽያዊ) (annual) | አባ በብኑዳ ባሕታዊ (annual) | ቅዱስ ቴዎድሮስ መስተጋድል (annual) | ቅድስት ዶራ (annual) | ቅድስት ቴክላ ሐዋርያዊት (monthly) | ቅዱስ አበከረዙን ሰማዕት (monthly) | ቅዱስ ዱማድዮስ ሶርያዊ (monthly) | ቅዱስ አባ አቡፋና ጻድቅ (monthly)
8-26,236,10,3,2,8,20,ቅዱስ ዮሐንስ ሰማዕት (ወልደ ፀራቢ) (annual) | ሰማዕታት (የቅዱስ ሱስንዮስ ማኅበር) (annual) | አባ ሠርጋ (annual) | ቅዱስ ይድራስ (annual) | ቅዱስ ቶማስ ሐዋርያ (monthly) | አቡነ ሐብተ ማርያም ጻድቅ (monthly) | ቅዱሳን ሰማዕታተ ናግራን (monthly) | አቡነ ሰላማ ከሣቴ ብርሃን (monthly)
8-27,237,10,15,3,7,30,ቅድስት ማርታ (የፊቅጦር እናት) (annual) | ብጽዕት እስጢፋና ( በክርስቶስ ስላመነች ከ፪ ሰንጥቀው የገደሏት የ፲፭ ዓመት ብላቴና) (annual) | ቅዱሳን ሳሲማና አባ ኖባ (ሰማዕታት) (annual) | ቅዱስ መቃርስ (የመነኮሳት ሁሉ አለቃ) (monthly) | ቅዱስ ያዕቆብ ዘግሙድ (monthly) | ቅዱስ ገላውዴዎስ ሰማዕት (ንጉሠ ኢትዮዽያ) (monthly) | ቅዱስ ቢፋሞን ጻድቅና ሰማዕት (monthly)
8-28,238,8,3,1,7,12,ቅዱስ ሜልዮስ ዘደብረ ኮራሳን (ጻድቅና ሰማዕት) (annual) | አባ ኢያሱና አባ ዮሴፍ (ደቀ መዛሙርቱ) (annual) | ቅዱስ ብስጣውሮስ ሰማዕት (ተንባላት የገደሉት) (annual) | ቅዱሳን አበው (አብርሃም ይስሐቅና ያዕቆብ) (monthly) | ቅዱስ እንድራኒቆስና ሚስቱ ቅድስት አትናስያ (monthly) | ቅድስት ዓመተ ክ ክርስቶስ (monthly) | ቅዱስ ቴዎድሮስ ሮማዊ (ሰማዕት) (monthly)
8-29,239,9,11,3,6,33,ቅዱስ አርስጦስ ሐዋርያ (ከ፯፪ቱ አርድእት) (annual) | አባ አካክዮስ ዘኢየሩሳሌም (ጻድቅና ንጹሕ) (annual) | አባ ገምሶ ሰማዕት (annual) | ቅድስት አርሴማ ድንግል (monthly) | ቅዱስ ዼጥሮስ ተፍጻሜተ ሰማዕት (monthly) | ቅዱስ ማርቆስ ዘቶርማቅ (monthly)
8-30,240,7,5,2,5,29,ቅዱስ አርስጥቦሎስ (አባቱ) (annual) | ቅድስት ማርያም (እናቱ) (annual) | አባ ሣሉሲ ክቡር (monthly) | ቅዱስ ጐርጐርዮስ ነባቤ መለኮት (monthly) | ቅድስት ሶፍያ ሰማዕት (monthly)
9-1,241,7,26,3,4,43,ቴክታና በጥሪቃ (annual) | አባ ሕርያቆስ ዘሃገረ ብሕንሳ (የእመቤታችንን ቅዳሴ የደረሰበት) (annual) | ቅዱስ በርተሎሜዎስ ሐዋርያ (monthly) | ቅዱስ ሚልኪ ትሩፈ ምግባር (monthly)
9-2,242,9,4,2,7,22,"ቅዱስ ኢዮብ ጻድቅ (የትእግስት አባት) (annual) | አባ ቴዎድሮስ ሊቀ ምኔት (የታላቁ ቅዱስ ዻኩሚስ ደቀ መዝሙርና የአቡነ አረጋዊ ጉዋደኛ) (annual) | ""፳፪"" ሰማዕታት (የአባ ኤሲ ማሕበር) (annual) | ቅዱስ አቤል ጻድቅ (monthly) | ቅዱስ አባ ዻውሊ ገዳማዊ (ታላቁ) (monthly) | ቅዱስ ሳዊሮስ ዘአንጾኪያ (monthly) | አባ ሕርያቆስ ዘሃገረ ብሕንሳ (monthly)"
9-3,243,10,11,4,6,40,ቅዱስ ያሶን ሐዋርያ (ከ፯፪ቱ አርድእት አንዱ) (annual) | አባ ብሶይ ሰማዕት (annual) | ቅዱስ አውሳብዮስ ቀሲስ (annual) | ቡርክት ወለተ ማርያም ንግሥት (የዐፄ ልብነ ድንግል እናት) (annual) | በዓታ ለእግዝእትነ ማርያም ድንግል ወላዲተ አምላክ (monthly) | ቅዱሳን ሊቃነ ካህናት አበው (ዘካርያስና ስምዖን) (monthly)
9-4,244,7,11,5,2,71,ቅዱሳን ሶሲማና ኖዳ ሰማዕታት (የታላቁ ፊቅጦር ተከታዮች የነበሩ) (annual) | ቅድስት ሶፍያ ሰማዕት (monthly)
9-5,245,6,7,1,5,17,ቅዱስ ኤርምያስ ነቢይ (ከታላላቆቹ ነቢያት አንዱ) (annual) | ቅዱስ ዼጥሮስ ሊቀ ሐዋርያት (monthly) | ቅዱስ ዻውሎስ ሐዋርያ (monthly) | ቅዱስ ዮሐኒ ኢትዮዽያዊ (monthly) | ቅዱስ አሞኒ ዘናሒሶ (monthly)
9-6,246,17,11,5,12,29,ቅዱስ አባ መቃርስ ገዳማዊ (annual) | አባ ይስሐቅ ጻድቅ (annual) | ቅድስት ዲላጊና ፬ ሴት ልጆቿ (ሰማዕታት) (annual) | ቅዱስ ዳናስዮስ ሰማዕት (annual) | አባ አሞን ጻድቅ (ዽዽስናን አልፈልግም ብሎ የሸሸ አባት) (annual) | ቅድስት ደብረ ቁስቁዋም (monthly) | አባታችን ኖኅና እናታችን ሐይከል (monthly) | ቅዱስ ባስልዮስ ዘቂሣርያ (monthly) | ቅዱስ ዮሴፍ አረጋዊ (monthly) | ቅድስት ሰሎሜ (monthly) | አባ አርከ ሥሉስ (monthly) | አባ ጽጌ ድንግል (monthly)
9-7,247,4,8,1,3,25,ቅዱስ አትናቴዎስ ሐዋርያዊ (annual) | የባሕታውያን አለቃ ታላቁ አባ ሲኖዳ (ጽንሰቱ) (annual) | አባ ሐርስዮስ ገዳማዊ (annual)
9-8,248,7,3,1,6,14,ቅዱሳን የጌታ ቤተሰብ (መቶ ሃያው) (annual) | ቅዱስ ሙሴ ሊቀ ነቢያት (monthly) | ኪሩቤል (አርባዕቱ እንስሳ) (monthly) | አባ ብሶይ (ቢሾይ) (monthly) | አባ ሳሙኤል ዘደብረ ቀልሞን (monthly) | ቅዱስ ማትያስ ሐዋርያ (ከ፲፪ቱ ሐዋርያት) (monthly)
9-9,249,8,9,3,5,38,"ቅድስት እሌኒ ንግሥት (annual) | ቅዱስ ስልዋኖስ (annual) | አባ በርሱማ ሶርያዊ (ለሶርያ መነኮሳት ኁሉ አባት) (monthly) | ""፫፲፰ቱ"" ቅዱሳን ሊቃውንት (ርቱዐነ ሃይማኖት ዘኒቅያ) (monthly) | የብሔረ ብፁዐን ጻድቃን (monthly)"
9-10,250,11,8,3,8,27,ቅዱስ አብርሃም ጸራቢ (ሰማዕት) (annual) | አባ ሚካኤል ገዳማዊ (annual) | አባ ይስሐቅ ግብጻዊ (annual) | ቅዱስ ናትናኤል ሐዋርያ (monthly) | ቅዱስ ኒቆላዎስ ዘሃገረ ሜራ (monthly) | ቅዱስ ቆስጠንጢኖስ ጻድቅ ንጉሥ (monthly) | ቅዱስ ያዕቆብ ሐዋርያ (ወልደ እልፍዮስ) (monthly) | ቅድስት ዕሌኒ ንግስት (monthly)
9-11,251,13,10,5,8,38,ክርስቲናና ይስሐቅ (የቅዱስ ያሬድ ወላጆች) (annual) | ቅድስት ታውክልያ እናታችን (ንግሥናን ንቃ ሰማዕት የሆነች) (annual) | ቅድስት ኤፎምያ ሰማዕት (annual) | ቅድስት ሶፍያ ሰማዕት (annual) | ቅድስት አናሲማ ገዳማዊት (annual) | አባ በፍኑትዮስ ገዳማዊ (annual) | አባ በኪሞስ ጻድቅ (annual) | ቅዱስ ገላውዴዎስ ሰማዕት (monthly)
9-12,252,6,29,3,3,50,ቅዱስ ዮሐንስ አፈ ወርቅ (የዓለም ሁሉ መምሕር) (annual) | ቅዱስ ማቴዎስ ሐዋርያ (monthly) | ቅዱስ ድሜጥሮስ (monthly)
9-13,253,7,15,3,4,43,"ቅዱስ አርሳንዮስ - አርሳኒ (ጠቢብ ገዳማዊ) (annual) | ""፱፱ኙ"" ነገደ መላዕክት (monthly) | ቅዱስ አስከናፍር (monthly) | ""፲፫ቱ"" ግኁሳን አባቶች (monthly)"
9-14,254,9,2,1,8,11,ቅዱስ አባ ዻኩሚስ (አበ መነኮሳት ሣልሳዊ) (annual) | አባ ሲማኮስ ሰማዕት (annual) | ቅዱስ ገብረ ክርስቶስ መርዓዊ (monthly) | ቅዱስ ፊልዾስ ሐዋርያ (monthly) | ቅዱስ ሙሴ ( የእግዚአብሔር ሰው) (monthly) | አባ ስምዖን ገዳማዊ (monthly) | አባ ዮሐንስ ጻድቅ (monthly) | እናታችን ቅድስት ነሣሒት (monthly)
9-15,255,8,6,3,5,38,ቅዱስ ናትናኤል ሐዋርያ (ቀናተኛው ስምዖን) (annual) | ቅዱስ ቀርጢኖስ ሰማዕት (annual) | ቅዱስ ኤፍሬም ሶርያዊ (አፈ በረከት) (monthly) | ቅድስት እንባ መሪና (monthly) | ቅድስት ክርስጢና (monthly)
9-16,256,10,10,4,6,40,ቅዱስ ኢያሱ ሲራክ ነቢይና ጠቢብ (መጽሐፈ ሲራክን የጻፈ) (annual) | ቅድስት እናታችን ዐስበ ሚካኤል (ኢትዮዽያዊት) (annual) | ቅድስት ኤልሳቤጥ (የመጥምቁ ዮሐንስ እናት) (monthly) | ቅዱስ አኖሬዎስ ንጉሥ ጻድቅ (monthly) | አባ አቡናፍር ገዳማዊ (monthly) | አባ ዳንኤል ጻድቅ (monthly)
9-17,257,10,8,2,8,20,ቅዱስ ኤዺፋንዮስ ሊቅ (ዘደሴተ ቆዽሮስ) (annual) | ቅዱስ ኢላርዮን ገዳማዊ (annual) | አባ ሉክያኖስ ጻድቅ (annual) | ቅዱስ ፊላታዎስ ክርስቲያናዊ (annual) | ቅዱስ ያዕቆብ ሐዋርያ (ወልደ ዘብዴዎስ) (monthly) | ቅዱሳን አበው መክሲሞስና ዱማቴዎስ (monthly) | አባ ዸላሞን ፈላሢ (monthly) | አባ ለትጹን የዋህ (monthly)
9-18,258,7,1,1,6,14,ቅዱሳን ሐዋርያት ወአርድእት (annual) | አባ ገዐርጊ ገዳማዊ (annual) | ቅዱስ ሲኖዳ ሰማዕት (annual) | ቅዱስ ፊልዾስ ሐዋርያ (monthly) | አቡነ አኖሬዎስ ዘደብረ ጽጋጋ (monthly) | ማር ያዕቆብ ግብፃዊ (monthly)
9-19,259,8,9,3,5,38,"አቡነ ብስጣውሮስ ዘሐይቅ እስጢፋኖስ (ኢትዮዽያዊ) (annual) | ቅዱስ ኤስድሮስ ሰማዕት ታላቁ (፯ ጊዜ ሙቶ የተነሳ) (annual) | ""፰0፭,00፯"" ሰማዕታት (በአንድ ቀን ብቻ የተገደሉ) (annual) | አባ ይህሳቅ ገዳማዊ (annual) | አቡነ ስነ ኢየሱስ (monthly)"
9-20,260,10,4,1,9,10,ቅዱስ አፄ ካሌብ (መናኙ ንጉሠ ኢትዮዽያ) (annual) | ቅዱስ አሞንዮስ ገዳማዊ (ታላቁ አሞኒ ዘቶና) (annual) | ቅድስት ሳድዥ የዋሂት (annual) | አባ ሖር ጻድቅ (annual) | አባ ዳርማ ገዳማዊ (annual) | ቅዱስ ዘካርያስ አንጾኪያዊ (annual) | አባ ዘትረ ወንጌል ዘደብረ ሊባኖስ (annual) | ቅዱስ ዮሐንስ ሐፂር (monthly) | ቅዱስ አክሎግ ቀሲስ (monthly)
9-21,261,7,21,0,7,0,ቅድስት ደብረ ምጥማቅ (የእመቤታችን መገለጥ) (annual) | አባ መርትያኖስ ጻድቅ (በዝሙት ላለመሰናከል እግራቸውን በእሳት ያቃጠሉ አባት) (annual) | ቅዱስ አሮን ሶርያዊ (annual) | ቅዱስ አሞጽ ነቢይ (annual) | አበው ጎርጎርዮሳት (monthly) | አቡነ ምዕመነ ድንግል (monthly) | አቡነ አምደ ሥላሴ (monthly)
9-22,262,7,4,1,6,14,ቅዱስ እንድራኒቆስ ሐዋርያ (ከ፯፪ቱ አርድእት) (annual) | ቅዱስ ያዕቆብ ምሥራቃዊ ( ለክርስቶስ የታመነ) (annual) | ቅዱስ ሉቃስ ወንጌላዊ (monthly) | ቅዱስ ደቅስዮስ (የእመቤታችን ወዳጅ) (monthly) | አባ እንጦንዮስ (አበ መነኮሳት) (monthly) | አባ ዻውሊ የዋህ (monthly)
9-23,263,12,13,2,10,17,ቅዱስ ዮልዮስ (ዮልያን) ሐዋርያ (ከ፯፪ቱ አርድእት) (annual) | ቅዱስ አፍሮዲጡ ሐዋርያ (ከ፯፪ቱ አርድእት) (annual) | ቅዱሱ ሕጻን ሰማዕት (annual) | አባ አንስያ ሰማዕት (annual) | ቅዱስ ታኦድራጦስ (annual) | ቅዱስ ሰሎሞን ንጉሠ እስራኤል (monthly) | አባ ጢሞቴዎስ ገዳማዊ (monthly) | አባ ሳሙኤል (monthly) | አባ ስምዖን (monthly) | አባ ገብርኤል (monthly)
9-24,264,12,12,4,8,33,ቅዱስ ዕንባቆም ነቢይ (annual) | ቅዱስ አብቁልታ ሰማዕት (annual) | ቅዱስ አልዓዛር ካህን (የአሮን ልጅ) (annual) | ቅዱስ አጋቢጦስ (ጻድቅ ኤዺስቆዾስ) (monthly) | ቅዱስ ሙሴ ፀሊም (monthly) | ቅዱስ ቶማስ ዘመርዐስ (monthly) | ቅዱስ አብላርዮስ ታላቁ (monthly) | አቡነ ዘዮሐንስ ጻድቅ (ኢትዮዽያዊ) (monthly)
9-25,265,11,8,2,9,18,"እናታችን ቅድስት ሰሎሜ (ከ፫፮ቱ ቅዱሳት አንስት) (annual) | ታላቁ አባ ሔሮዳ ሰማዕት (annual) | ""፴,000"" ሰማዕታት (የአባ ሔሮዳ ማሕበር) (annual) | ቅዱስ አብቁልታ ሰማዕት (annual) | ቅዱስ ቅብዐ ሜሮን (annual) | ቅድስት ቴክላ ሐዋርያዊት (monthly) | ቅዱስ አበከረዙን ሰማዕት (monthly) | ቅዱስ ዱማድዮስ ሶርያዊ (monthly) | ቅዱስ አባ አቡፋና ጻድቅ (monthly)"
9-26,266,6,2,1,5,17,ቅዱስ ቶማስ ሐዋርያ (ከ፲፪ቱ ሐዋርያት) (annual) | ቅድስት አርሶንያ (የቅዱስ ቶማስ ተከታይ) (annual) | አቡነ ሐብተ ማርያም ጻድቅ (annual) | ቅዱሳን ሰማዕታተ ናግራን (monthly) | አቡነ ሰላማ ከሣቴ ብርሃን (monthly)
9-27,267,11,15,2,9,18,ቅዱሳን ሐዋርያት ወአርድእት (annual) | ቅዱስ አልዓዛር ጻድቅ ሐዋርያ (annual) | ቅዱሳት ደናግል ማርያ ወማርታ (annual) | አባ ዮሐንስ ሊቀ ዻዻሳት (annual) | አቡነ መብዐ ፅዮን ጻድቅ (monthly) | ቅዱስ መቃርስ (የመነኮሳት ሁሉ አለቃ) (monthly) | ቅዱስ ያዕቆብ ዘግሙድ (monthly) | ቅዱስ ገላውዴዎስ ሰማዕት (ንጉሠ ኢትዮዽያ) (monthly) | ቅዱስ ቢፋሞን ጻድቅና ሰማዕት (monthly)
9-28,268,10,3,1,9,10,"ቅድስት ዓመተ ክርስቶስ ተጋዳሊት (ገዳማዊት) (annual) | ቅዱስ ኤዺፋንዮስ ሊቅ (ሥጋው ቆዽሮስ የደረሰበት) (annual) | አባ መርቆሬዎስ ገዳማዊ (annual) | አባ ጌርሎስ (ጻድቅና ሰማዕት) (annual) | ""፬፭"" ሰማዕታት (የአባ ጌርሎስ ደቀ መዛሙርት) (annual) | ቅዱስ አጋቦስ ሰማዕት (annual) | ቅዱሳን አበው (አብርሃም ይስሐቅና ያዕቆብ) (monthly) | ቅዱስ እንድራኒቆስና ሚስቱ ቅድስት አትናስያ (monthly) | ቅዱስ ቴዎድሮስ ሮማዊ (ሰማዕት) (monthly)"
9-29,269,10,14,3,7,30,አባ አፍፄ (ከዘጠኙ ቅዱሳን) (annual) | አባ ጉባ (ከዘጠኙ ቅዱሳን) (annual) | አባ ስምዖን ገዳማዊ (በ፯ ዓመታቸው መንነው ለ፰፩ ዓመታት በተጋድሎ የኖሩ ሶርያዊ) (annual) | አባ ይስሐቅ ጻድቅ (annual) | ቅድስት አርሴማ ድንግል (monthly) | ቅዱስ ዼጥሮስ ተፍጻሜተ ሰማዕት (monthly) | ቅዱስ ማርቆስ ዘቶርማቅ (monthly)
9-30,270,9,5,2,7,22,ቅድስት አርዋ እናታችን (annual) | ቅዱስ ቆሮስ ሐዋርያ (annual) | ቅዱስ ዲማዲስ ሰማዕት (annual) | አባ ሚካኤል ሊቀ ዻዻሳት (annual) | አባ ሣሉሲ ክቡር (monthly) | ቅዱስ ጐርጐርዮስ ነባቤ መለኮት (monthly) | ቅድስት ሶፍያ ሰማዕት (monthly)
10-1,271,10,12,3,7,30,ቅዱስ ዮሴፍ ጻድቅ (የያዕቆብ ልጅ) (annual) | እናታችን አስኔት (የቅ/ ዮሴፍ ሚስት) (annual) | ቅዱስ ለውንትዮስ ክቡር ሰማዕት (annual) | ቅዱስ ቢፋሞን ሰማዕት (annual) | ቅዱስ ቆዝሞስ ሰማዕት (annual) | ቅዱስ በርተሎሜዎስ ሐዋርያ (monthly) | ቅዱስ ሚልኪ ትሩፈ ምግባር (monthly)
10-2,272,9,4,2,7,22,ቅዱስ ኤልሳዕ ነቢይ (ፍልሠቱ) (annual) | አባ ቀውስጦስ ኢትዮዽያዊ (annual) | ቅዱስ ኢዮብ ጻድቅ ተአጋሲ (monthly) | ቅዱስ አቤል ጻድቅ (monthly) | ቅዱስ አባ ዻውሊ ገዳማዊ (ታላቁ) (monthly) | ቅዱስ ሳዊሮስ ዘአንጾኪያ (monthly) | አባ ሕርያቆስ ዘሃገረ ብሕንሳ (monthly)
10-3,273,10,11,4,6,40,ቅድስት ማርታ ተሐራሚት (annual) | አቡነ ተጠምቀ መድኅን ጻድቅ (ኢትዮዽያዊ) (annual) | ቅዱስ ኢላርዮን ሰማዕት (annual) | ቅዱስ ኮርዮን ሰማዕት (annual) | በዓታ ለእግዝእትነ ማርያም ድንግል ወላዲተ አምላክ (monthly) | ቅዱሳን ሊቃነ ካህናት አበው (ዘካርያስና ስምዖን) (monthly)
10-4,274,8,9,3,5,38,ቅድስት ሶፍያ ተጋዳሊት ወሰማዕት (annual) | ቅዱስ ሳኑሲ ሰማዕት (annual) | ቅድስት ማርያ ሰማዕት (annual) | ቅዱስ አርቃድዮስና ባልንጀሮቹ (ሰማዕታት) (annual) | ቅዱስ አሞን ሰማዕት (annual)
10-5,275,8,7,1,7,12,ቅዱስ አባ ብሶይ (ኃያል ሰማዕት) (annual) | ቅድስት ማርታ ለባሲተ ክርስቶስ (በቅድስናዋ የተወደሰች በስደት ያረፈች እናት ናት) (annual) | ቅዱስ ያዕቆብ ምሥራቃዊ (annual) | ቅዱስ ቢፋሞን ሰማዕት (annual) | ቅዱስ መቃርስ ሰማዕት (annual) | ቅዱስ መርቆሬዎስና ማሕበሩ (ሰማዕታት) (annual) | ጴጥሮስና ጳውሎስ (monthly)
10-6,276,13,11,3,10,23,"ቅዱስ አባ ቴዎድሮስ ሰማዕት (annual) | አባ ገብረ ክርስቶስ (annual) | ""40"" ሰማዕታት (annual) | ቅድስት ደብረ ቁስቁዋም (monthly) | አባታችን ኖኅና እናታችን ሐይከል (monthly) | ቅዱስ ባስልዮስ ዘቂሣርያ (monthly) | ቅዱስ ዮሴፍ አረጋዊ (monthly) | ቅድስት ሰሎሜ (monthly) | አባ አርከ ሥሉስ (monthly) | አባ ጽጌ ድንግል (monthly)"
10-7,277,11,7,3,8,27,"ቅዱስ ያዕቆብ ዘሥሩግ (annual) | ቅዱስ ቡሩክና አሸናፊ አባ አበስኪሮን (ታላቅ ሰማዕትና ባለ ብዙ ተአምራት) (annual) | ""፲፮,000"" ሰማዕታት (በአንድ ቀን የተገደሉ) (annual) | የእመቤታችን ቤተ ክርስቲያን የተከፈተበት በዓል (ከ፯00 ዓመታት በፊት ምስር (CAIRO) ውስጥ) (annual) | አባ ሲኖዳ (የባሕታውያን አለቃ) (monthly) | አባ ዳንኤል ዘገዳመ ሲሐት (monthly) | አባ ባውላ ገዳማዊ (monthly) | ቅዱስ አትናቴዎስ ሐዋርያዊ (monthly)"
10-8,278,11,3,1,10,9,የእመቤታችን ድንግል ማርያም ቅዳሴ ቤት (annual) | የቅዱስ ውሃ (ጸበል) መታሠቢያ (annual) | ቅድስት ትምዳ እናታችን (annual) | ቅዱስ አውሎጊስ (annual) | አባ አትካሮን (annual) | ቅዱስ ሙሴ ሊቀ ነቢያት (monthly) | ኪሩቤል (አርባዕቱ እንስሳ) (monthly) | አባ ብሶይ (ብሾይ) (monthly) | አባ ሳሙኤል ዘደብረ ቀልሞን (monthly) | ቅዱስ ማትያስ ሐዋርያ (ከ፲፪ቱ ሐዋርያት) (monthly)
10-9,279,9,8,3,6,33,"ቅዱስ ሳሙኤል ነቢይ (annual) | ቅዱስ ሉክያኖስ ሰማዕት (annual) | ቅዱስ ዮሐንስ (annual) | አባ በርሱማ ሶርያዊ (ለሶርያ መነኮሳት ኁሉ አባት) (monthly) | ""፫፲፰ቱ"" ቅዱሳን ሊቃውንት (ርቱዐነ ሃይማኖት ዘኒቅያ) (monthly) | የብሔረ ብፁዐን ጻድቃን (monthly)"
10-10,280,12,6,3,9,25,ቅድስት ቤተ ክርስቲያን (annual) | ቅድስት ሶፍያ ሰማዕት (ከታላላቆቹ ሶፍያዎች አንዷ ናት) (annual) | ቅዱሳት ሰማዕታት ደባሞንና ብስጣሞን (የቅድስት ሶፍያ ልጆች) (annual) | ቅዱስ አውሎጊስ ሰማዕት (annual) | ቅዱስ ዋርስኖፋ ሰማዕት (annual) | ቅዱስ ናትናኤል ሐዋርያ (monthly) | ቅዱስ ኒቆላዎስ ዘሃገረ ሜራ (monthly) | ቅዱስ ያዕቆብ ሐዋርያ (ወልደ እልፍዮስ) (monthly) | ቅድስት ዕሌኒ ንግስት (monthly)
10-11,281,9,10,6,3,67,"""፩,0፰፰"" ሰማዕታት (የቅዱስ ገላውዴዎስ ማኅበር) (annual) | አባ ክርዳኑ ሊቀ ዻዻሳት (annual) | የጌታችን ኢየሱስ ክርስቶስ ቅዳሴ ቤቱ (ግብፅ) (annual)"
10-12,282,13,18,5,8,38,ቅዱስ ባሕራን ቀሲስ (annual) | ቅዱስ እለ እስክንድሮስ ሊቅ (annual) | አባ ዮስጦስ ሊቀ ዻዻሳት (የሐዋርያው ቅዱስ ማርቆስ ደቀ መዝሙር) (annual) | አባ ቄርሎስ ሊቀ ዻዻሳት (annual) | ቅዱስ ማቴዎስ ሐዋርያ (monthly) | ቅዱስ ድሜጥሮስ (monthly) | ቅዱስ ዮሐንስ አፈ ወርቅ (monthly) | ቅድስት ክርስቶስ ሠምራ (monthly)
10-13,283,11,20,4,7,36,"አባ ዮሐንስ ዘኢየሩሳሌም (annual) | አባታችን ቃይናን (ከአዳም ፬ኛ ትውልድ) (annual) | አባ ማትያን ጻድቅ (ስደተኛው አባት) (annual) | ""፱፱ኙ"" ነገደ መላዕክት (monthly) | ቅዱስ አስከናፍር (monthly) | ""፲፫ቱ"" ግኁሳን አባቶች (monthly) | ቅዱስ አርሳንዮስ ጠቢብ ገዳማዊ (monthly)"
10-14,284,8,2,1,7,12,ቅዱሳን አበው ሰማዕታት (አባ አክራ አባ ዮሐንስ አባ አብጥልማ አባ ፊልጶስ) (annual) | ቅዱስ ገብረ ክርስቶስ መርዓዊ (monthly) | ቅዱስ ፊልጶስ ሐዋርያ (monthly) | ቅዱስ ሙሴ ( የእግዚአብሔር ሰው) (monthly) | አባ ስምዖን ገዳማዊ (monthly) | አባ ዮሐንስ ጻድቅ (monthly) | እናታችን ቅድስት ነሣሒት (monthly)
10-15,285,5,6,2,3,40,ቅዱስ ኤፍሬም ሶርያዊ (አፈ በረከት) (monthly) | ቅድስት እንባ መሪና (monthly) | ቅድስት ክርስጢና (monthly)
10-16,286,10,3,3,7,30,አባ አቡናፍር ገዳማዊ (ስም አጠራሩ የከበረ ሽምግልናው ያማረ አባት) (annual) | አበው ቅዱሳን ባሕታውያን (annual) | የእግዚአብሔር መልአክ ለዮሴፍ በሕልም ከግብጽ እንዲመለስ የነገረበት (ተዝካረ ሚጠታ ለእግዝእትነ ማርያም ) (annual) | አፄ ይኩኖ አምላክ (ንጉሠ ኢትዮጵያ) (annual) | ቅድስት ኤልሳቤጥ (የመጥምቁ ዮሐንስ እናት) (monthly) | ቅዱስ አኖሬዎስ ንጉሥ ጻድቅ (monthly) | አባ ዳንኤል ጻድቅ (monthly)
10-17,287,9,11,4,5,44,አባ ለትጹን ዐቢይ ወየዋሕ (annual) | አባ ዸላሞን ፈላሲ (annual) | ቅዱስ ያዕቆብ ሐዋርያ (ወልደ ዘብዴዎስ) (monthly) | ቅዱሳን አበው መክሲሞስና ዱማቴዎስ (monthly) | ቅዱስ ኤዺፋንዮስ ሊቅ (ዘደሴተ ቆዽሮስ) (monthly)
10-18,288,6,1,1,5,17,አባ ድምያኖስ ጻድቅ ሊቀ ዻዻሳት (annual) | ቅዱስ ኤስድሮስ ሰማዕት (annual) | ቅዱስ ፊልዾስ ሐዋርያ (monthly) | አቡነ አኖሬዎስ ዘደብረ ጽጋጋ (monthly) | ማር ያዕቆብ ግብፃዊ (monthly)
10-19,289,9,9,4,5,44,"ቅዱስ ጊዮርጊስ ሐዲስ ሰማዕት (annual) | ቅዱሳን ""፭ቱ"" ጭፍሮች (በብዙ ስቃይ ሰማዕት የሆኑ ባልንጀሮች) (annual) | አባቶቻችን የደብረ ቁዋዐት ጻድቃን (annual) | ቅዱስ ኤስድሮስ ሰማዕት (monthly) | አቡነ ስነ ኢየሱስ (monthly)"
10-20,290,10,4,1,9,10,እመቤታችን ቅድስት ድንግል ማርያም (annual) | ቅድስት ቤተ ክርስቲያን (annual) | ቅዱሳን ሐዋርያት (annual) | ቅዱስ ኤልሳዕ ነቢይ (ዕረፍቱ) (annual) | ቅዱስ ዮሐንስ ሐፂር (monthly) | ቅዱስ አክሎግ ቀሲስ (monthly) | ቅዱስ አፄ ካሌብ ጻድቅ (ንጉሠ ኢትዮዽያ) (monthly) | አባ አሞንዮስ ዘሃገረ ቶና (monthly) | ቅድስት ሳድዥ የዋሒት (monthly)
10-21,291,14,22,2,12,14,ቅድስት ቤተ ክርስቲያን (annual) | ቅዱሳን ሐዋርያት (annual) | ቅዱሳን ጳውሎስና በርናባስ (annual) | ቅዱስ ቶማስ ሐዋርያ (annual) | ቅዱስ ባስልዮስ ዘቂሣርያ (annual) | ቅዱስ ጢሞቴዎስ ዘምስር (ሰማዕት) (annual) | አባ ከላድያኖስ ሊቀ ጳጳሳት (annual) | አበው ጎርጎርዮሳት (monthly) | አቡነ ምዕመነ ድንግል (monthly) | አቡነ አምደ ሥላሴ (monthly) | አባ አሮን ሶርያዊ (monthly) | አባ መርትያኖስ ጻድቅ (monthly)
10-22,292,8,5,2,6,25,ቅዱስ አባ ጳውሊ የዋሕ (annual) | ቅዱሳን ወክቡራን ቆዝሞስና ድምያኖስ (ሰማዕታት) (annual) | ቅድስት ቴዎዳዳ ሰማዕት (እናታቸው) (annual) | ቅዱስ ሉቃስ ወንጌላዊ (monthly) | ቅዱስ ደቅስዮስ (የእመቤታችን ወዳጅ) (monthly) | አባ እንጦንዮስ (አበ መነኮሳት) (monthly)
10-23,293,10,14,4,6,40,ቅዱሳን መርቆሬዎስ ፊልዾስና ቶማስ (ሰማዕታት) (annual) | አባ ጢሞቴዎስ ገዳማዊ (monthly) | አባ ሳሙኤል (monthly) | አባ ስምዖን (monthly) | አባ ገብርኤል (monthly) | ቅዱስ ዳንኤል (monthly)
10-24,294,10,12,3,7,30,"ቅዱስ አባ ሙሴ ጸሊም (ኢትዮጵያዊ) (annual) | ""፯ቱ"" ቅዱሳን መነኮሳት (ደቀ መዛሙርቱ) (annual) | አባ ኤስድሮስ ታላቁ (annual) | ቅዱስ አጋቢጦስ (ጻድቅ ኤጲስቆጶስ) (monthly) | ቅዱስ ቶማስ ዘመርዐስ (monthly) | ቅዱስ አብላርዮስ ታላቁ (monthly) | አቡነ ዘዮሐንስ ጻድቅ (ኢትዮጵያዊ) (monthly)"
10-25,295,11,9,3,8,27,ቅዱስ ይሁዳ ሐዋርያ (ከ፯፪ቱ አርድእት) (annual) | ቅድስት አብሮቅላ (ሚስቱ) (annual) | አባ ጴጥሮስ ሊቀ ጳጳሳት (annual) | የጸደይ መውጫ / የክረምት መግቢያ (annual) | ቅድስት ቴክላ ሐዋርያዊት (monthly) | ቅዱስ አበከረዙን ሰማዕት (monthly) | ቅዱስ ዱማድዮስ ሶርያዊ (monthly) | ቅዱስ አባ አቡፋና ጻድቅ (monthly)
10-26,296,7,7,2,5,29,ቅዱስ ኢያሱ ነቢይ ወመስፍን (annual) | ቅዱስ ቶማስ ሐዋርያ (monthly) | አቡነ ሐብተ ማርያም ጻድቅ (monthly) | ቅዱሳን ሰማዕታተ ናግራን (monthly) | አቡነ ሰላማ ከሣቴ ብርሃን (monthly)
10-27,297,12,15,2,10,17,ቅዱስ ሐናንያ ሐዋርያ (ከ፯፪ቱ አርድእት) (annual) | ቅዱስ ቶማስ ሰማዕት (ዘሰንደላት) (annual) | ቅዱስ አልዓዛር ነዳይ (በነዌ ደጅ የወደቀ ቀጥሎ ደግሞ ‪‎በአብርሃም‬ እቅፍ ውስጥ የተገኘ ጻድቅ- ሉቃ (annual) | ፲፮ ፥፲፱)‬‬‬ (annual) | ቅዱስ ማማስ (annual) | አቡነ መብዐ ፅዮን ጻድቅ (monthly) | ቅዱስ መቃርስ (የመነኮሳት ሁሉ አለቃ) (monthly) | ቅዱስ ያዕቆብ ዘግሙድ (monthly) | ቅዱስ ገላውዴዎስ ሰማዕት (ንጉሠ ኢትዮዽያ) (monthly) | ቅዱስ ቢፋሞን ጻድቅና ሰማዕት (monthly)
10-28,298,9,3,2,7,22,አባ ቴዎዶስዮስ ሊቀ ዻዻሳት (annual) | ቅዱስ ባስልዮስ (annual) | ቅዱስ ባሊዲስ (annual) | ቅዱሳን አበው (አብርሃም ይስሐቅና ያዕቆብ) (monthly) | ቅዱስ እንድራኒቆስና ሚስቱ ቅድስት አትናስያ (monthly) | ቅድስት ዓመተ ክ ክርስቶስ (monthly) | ቅዱስ ቴዎድሮስ ሮማዊ (ሰማዕት) (monthly)
10-29,299,11,11,4,7,36,"ቅዱስ ማርቆስ ንጉሠ ሮም (ጻድቅ ንጹሕና ገዳማዊ) (annual) | ቅዱስ ቴዎድሮስ ጻድቅ (ንጉሠ ኢትዮዽያ) (annual) | ቅዱስ ዓምደ ሚካኤል ኢትዮዽያዊ (ፍልሠቱ) (annual) | ""፯ቱ"" ቅዱሳን መስተጋድላን (አባ አብሲዳ አባ ኮቶሎስ አባ አርድማ አባ ኒኮላስ አባ ሙሴ አባ እሴይ አባ ብሶይ) (annual) | ቅድስት አርሴማ ድንግል (monthly) | ቅዱስ ጴጥሮስ ተፍጻሜተ ሰማዕት (monthly) | ቅዱስ ማርቆስ ዘቶርማቅ (monthly)"
10-30,300,8,5,2,6,25,ቅዱሳን ዘካርያስና ኤልሳቤጥ (ወላጆቹ) (annual) | አባ ጌራን መስተጋድል (ሕንዳዊ) (annual) | ቅዱሳት ደናግል ማርያና ማርታ (ከ፫፮ቱ ቅዱሳት አንስት-የአልዓዛር እህቶች) (annual) | አባ ሣሉሲ ክቡር (monthly) | ቅዱስ ጐርጐርዮስ ነባቤ መለኮት (monthly) | ቅድስት ሶፍያ ሰማዕት (monthly)
11-1,301,11,13,4,7,36,አበው ቅዱሳን ብዮክና ብንያሚን (annual) | ቅድስት ቅፍሮንያ (ሰማዕት ወጻድቅት) (annual) | ቅዱስ ቶማስ ሐዋርያ (annual) | አቡነ ገብረ መድኅን ጻድቅ (annual) | አባ ክልዮስ ዘሮሜ (annual) | ቅዱስ በርተሎሜዎስ ሐዋርያ (monthly) | ቅዱስ ሚልኪ ትሩፈ ምግባር (monthly)
11-2,302,7,4,2,5,29,ቅዱስ ኢዮብ ጻድቅ ተአጋሲ (monthly) | ቅዱስ አቤል ጻድቅ (monthly) | ቅዱስ አባ ዻውሊ ገዳማዊ (ታላቁ) (monthly) | ቅዱስ ሳዊሮስ ዘአንጾኪያ (monthly) | አባ ሕርያቆስ ዘሃገረ ብሕንሳ (monthly)
11-3,303,9,12,4,5,44,ቅዱስ ቄርሎስ ሊቅ (ዓምደ ሃይማኖት) (annual) | ቅዱስ ክልስቲያኖስ ዘሮሜ (ታላቅ ጻድቅ ሊቀ ዻዻሳት) (annual) | አባ ሉቅያስ ኤዺስ ቆዾስ (annual) | በዓታ ለእግዝእትነ ማርያም ድንግል ወላዲተ አምላክ (monthly) | ቅዱሳን ሊቃነ ካህናት አበው (ዘካርያስና ስምዖን) (monthly)
11-4,304,7,9,4,3,57,"""፲፪ቱ"" ቅዱሳን ደቂቀ ነቢያት (annual) | ቅዱስ ሶፎንያስ ነቢይ (ዕረፍቱ) (annual) | ቅድስት ሶፍያ ሰማዕት (monthly)"
11-5,305,11,11,2,9,18,ቅዱስ ዻውሎስ ብርሃነ ዓለም (annual) | ቅዱሳን ፯፪ቱ አርድእት (ዛሬ ሁሉም ይታሠባሉ) (annual) | ቅዱስ ሳቁኤል ሊቀ መላእክት (annual) | ቅድስት መስቀል ክብራ (የቅዱስ ላሊበላ ሚስት) (annual) | ቅዱሳን ዘደብረ ዓሣ (annual) | ቅዱሳት አንስት (ዴውርስ፣ ቃርያ፣ አቅባማ፣ አቅረባንያና አክስቲያና-የቅዱስ ዼጥሮስ ተከታዮች) (annual) | ቅዱስ ዮሐኒ ኢትዮዽያዊ (monthly) | ቅዱስ አሞኒ ዘናሒሶ (monthly) | ቅድስት አውጋንያ (ሰማዕትና ጻድቅ) (monthly)
11-6,306,15,11,3,12,20,ቅዱስ መርቄሎስ ሐዋርያ (ከ፯፪ቱ አርድእት) (annual) | ቅዱስ ዕዝራ ነቢይ (annual) | ቅዱስ በርተሎሜዎስ ሐዋርያ (annual) | ቅድስት ቴዎዳስያ ሰማዕት (annual) | ቅድስት ንስተሮኒን ዘኢየሩሳሌም (annual) | ቅድስት ደብረ ቁስቁዋም (monthly) | አባታችን ኖኅና እናታችን ሐይከል (monthly) | ቅዱስ ባስልዮስ ዘቂሣርያ (monthly) | ቅዱስ ዮሴፍ አረጋዊ (monthly) | ቅድስት ሰሎሜ (monthly) | አባ አርከ ሥሉስ (monthly) | አባ ጽጌ ድንግል (monthly)
11-7,307,10,9,2,8,20,ቅዱሳን አብርሃምና ሣራ ( ሥላሴ ን ያስተናገዱ) (annual) | ብሥራተ ልደተ ይስሐቅ (annual) | ታላቁ አባ ሲኖዳ (የባሕታውያን ሁሉ አለቃ) (annual) | አባ መቃቢስ (annual) | አባ አግራጥስ (annual) | አባ ዳንኤል ዘገዳመ ሲሐት (monthly) | አባ ባውላ ገዳማዊ (monthly) | ቅዱስ አትናቴዎስ ሐዋርያዊ (monthly)
11-8,308,10,3,1,9,10,አባ ብሶይ ጻድቅ (ኮከበ ገዳም) (annual) | አባ ሚሳኤል ነዳይ (ጻድቅ) (annual) | አባ ቢማ ሰማዕት (annual) | አባ በላኒ ሰማዕት (annual) | ቅዱሳን አቤሮንና አቶም (ሰማዕታት) (annual) | ቅዱስ ሙሴ ሊቀ ነቢያት (monthly) | ኪሩቤል (አርባዕቱ እንስሳ) (monthly) | አባ ሳሙኤል ዘደብረ ቀልሞን (monthly) | ቅዱስ ማትያስ ሐዋርያ (ከ፲፪ቱ ሐዋርያት) (monthly)
11-9,309,10,8,3,7,30,"አባ ኅልያን ገዳማዊ (annual) | ቅዱስ ቴዎድሮስ ሰማዕት (ዘሐምስቱ አሕጉር) (annual) | ቅዱስ ታውድሮስ ሰማዕት (annual) | ሰማዕታት ሉክዮስና ድግናንዮስ (በንስሃ ለክብር የበቁ የጦር አለቆች) (annual) | አባ በርሱማ ሶርያዊ (ለሶርያ መነኮሳት ኁሉ አባት) (monthly) | ""፫፲፰ቱ"" ቅዱሳን ሊቃውንት (ርቱዐነ ሃይማኖት ዘኒቅያ) (monthly) | የብሔረ ብፁዐን ጻድቃን (monthly)"
11-10,310,9,6,3,6,33,ቅዱስ ናትናኤል ሐዋርያ (ቀናተኛው ስምዖን) (annual) | ታላቁ አባ ብስንዳ ጻድቅ (annual) | አባ ከላድያኖስ ሊቀ ዻዻሳት (annual) | ቅዱስ ኒቆላዎስ ዘሃገረ ሜራ (monthly) | ቅዱስ ያዕቆብ ሐዋርያ (ወልደ እልፍዮስ) (monthly) | ቅድስት ዕሌኒ ንግስት (monthly)
11-11,311,9,10,4,5,44,ቅዱስ አባ ዮሐንስ (ሰማዕት ወጻድቅ) (annual) | ቅዱስ ስምዖን (ደቀ መዝሙሩ) (annual) | አባ ኢሳይያስ ዘገዳመ አስቄጥስ (annual) | አባ ገብርኤል ሊቀ ዻዻሳት (annual) | ማር ገላውዴዎስ ሰማዕት (monthly)
11-12,312,11,18,4,7,36,ቅዱስ ሕዝቅያስ ንጉሥ (annual) | ቅዱስ ኢሳይያስ ልዑለ ቃል (annual) | ቅዱስ አባ ሖር ሰማዕት (annual) | ቅዱስ ማቴዎስ ሐዋርያ (monthly) | ቅዱስ ድሜጥሮስ (monthly) | ቅዱስ ዮሐንስ አፈ ወርቅ (monthly) | ቅድስት ክርስቶስ ሠምራ (monthly)
11-13,313,9,15,3,6,33,"ቅዱስ ብስንድዮስ ሊቅ ወጻድቅ (annual) | ቅዱስ አሞን ሰማዕት (ዘሃገረ ጡህ) (annual) | ""99ኙ"" ነገደ መላዕክት (monthly) | ቅዱስ አስከናፍር (monthly) | ""፲፫ቱ"" ግኁሳን አባቶች (monthly) | ቅዱስ አርሳንዮስ ጠቢብ ገዳማዊ (monthly)"
11-14,314,11,4,1,10,9,ቅዱስ አብሮኮሮንዮስ ሰማዕት (annual) | ቅዱሳን ክርስቶፎሮስና ቴዎዳስያ (ወላጆቹ) (annual) | ታላቁ ቅዱስ መቃርስ (የመነኮሳት አለቃ) (annual) | ቅዱስ አሞንዮስ (annual) | ቅዱስ ገብረ ክርስቶስ መርዓዊ (monthly) | ቅዱስ ፊልዾስ ሐዋርያ (monthly) | ቅዱስ ሙሴ ( የእግዚአብሔር ሰው) (monthly) | አባ ስምዖን ገዳማዊ (monthly) | አባ ዮሐንስ ጻድቅ (monthly) | እናታችን ቅድስት ነሣሒት (monthly)
11-15,315,8,6,2,6,25,ቅዱስ ማር ኤፍሬም ሶርያዊ (አፈ በረከት) (annual) | ብርሃናተ ዓለም ቅዱሳን ሐዋርያት ዼጥሮስ ወዻውሎስ (annual) | አባ ሐርዮንና ደቀ መዛሙርቱ (ሰማዕታት) (annual) | አባ ፍሬምናጦስ መስተጋድል (annual) | ቅድስት እንባ መሪና (monthly) | ቅድስት ክርስጢና (monthly)
11-16,316,7,3,3,4,43,ቅድስት ኤልሳቤጥ (የመጥምቁ ዮሐንስ እናት) (monthly) | ቅዱስ አኖሬዎስ ንጉሥ ጻድቅ (monthly) | አባ አቡናፍር ገዳማዊ (monthly) | አባ ዳንኤል ጻድቅ (monthly)
11-17,317,11,10,3,8,27,ቅዱስ ዮናስ ነቢይ (ከአሣ አንበሪ ሆድ የወጣበት) (annual) | ቅድስት አውፎምያ (ጻድቅትና ሰማዕት) (annual) | ቅዱስ ዘካርያስ (annual) | ቅዱስ ያዕቆብ ሐዋርያ (ወልደ ዘብዴዎስ) (monthly) | ቅዱሳን አበው መክሲሞስና ዱማቴዎስ (monthly) | አባ ዸላሞን ፈላሢ (monthly) | አባ ለትጹን የዋህ (monthly) | ቅዱስ ኤዺፋንዮስ ሊቅ (ዘደሴተ ቆዽሮስ) (monthly)
11-18,318,8,1,1,7,12,"ቅዱስ ያዕቆብ ሐዋርያ (ከ፯፪ቱ አርድእት-የመጀመሪያው የኢየሩሳሌም ሊቀ ዻዻሳት) (annual) | ቅዱስ አትናቴዎስ ሰማዕት (annual) | ቅዱስ እንድራኒቆስ ሰማዕት (annual) | ""፱,000"" ሰማዕታት (የቅዱስ ኤስድሮስ ማሕበር) (annual) | ቅዱስ ፊልዾስ ሐዋርያ (monthly) | አቡነ አኖሬዎስ ዘደብረ ጽጋጋ (monthly) | ማር ያዕቆብ ግብፃዊ (monthly)"
11-19,319,8,12,5,3,62,ቅዱሳን ሰማዕታተ እስና (annual) | ቅዱስ ኤስድሮስ ሰማዕት (monthly) | አቡነ ስነ ኢየሱስ (monthly)
11-20,320,8,4,1,7,12,በዓታ ለእግዝእትነ ማርያም (በ፰0 ዕለት) (annual) | ቅዱስ ጢሞቴዎስ ዘእስክንድርያ (annual) | ቅዱስ ዮሐንስ ሐፂር (monthly) | ቅዱስ አክሎግ ቀሲስ (monthly) | ቅዱስ አፄ ካሌብ ጻድቅ (ንጉሠ ኢትዮዽያ) (monthly) | አባ አሞንዮስ ዘሃገረ ቶና (monthly) | ቅድስት ሳድዥ የዋሒት (monthly)
11-21,321,13,25,4,9,31,አቡነ ኤዎስጣቴዎስ (ኢትዮዽያዊ) ልደታቸው (annual) | ብጹዕ አወ ክርስቶስና ሚስቱ (ጻድቃን) (annual) | ቅዱስ ሱስንዮስ ጻድቅ (annual) | ቅዱስ ዮራኖስ መኮንን (የ100 አለቃው) (annual) | አበው ጎርጎርዮሳት (monthly) | አቡነ ምዕመነ ድንግል (monthly) | አቡነ አምደ ሥላሴ (monthly) | አባ አሮን ሶርያዊ (monthly) | አባ መርትያኖስ ጻድቅ️ (monthly)
11-22,322,9,5,1,8,11,አቡነ ዼጥሮስ ሰማዕት (ኢትዮዽያዊ) (annual) | ቅዱስ መቃርስ ሰማዕት (የፋሲለደስ ልጅ) (annual) | ቅዱስ ለውንትዮስ (ክቡር ሰማዕት) (annual) | አባ እንጦንስ አበ መነኮሳት (ቅዳሴ ቤታቸው) (annual) | ቅዱስ መርካሎስ (annual) | ቅዱስ ሉቃስ ወንጌላዊ (monthly) | ቅዱስ ደቅስዮስ (የእመቤታችን ወዳጅ) (monthly) | አባ ዻውሊ የዋህ (monthly)
11-23,323,11,13,3,8,27,ቅድስት መሪና እናታችን (ታላቁዋ ሰማዕት) (annual) | ቅዱስ ለንጊኖስ ሐራ (ሐዋርያና ሰማዕት) (annual) | ቅዱስ አብጥልማዎስ (annual) | አባ ጢሞቴዎስ ገዳማዊ (monthly) | ቅዱስ ዳንኤል ነቢይ (monthly) | አባ ሳሙኤል (monthly) | አባ ስምዖን (monthly) | አባ ገብርኤል (monthly)
11-24,324,14,13,5,9,36,"አቡነ ዘዮሐንስ ጻድቅ ዘክብራን (ኢትዮዽያዊ) (annual) | ""፲፱0,000"" ሰማዕታት (የአባ ኖብ ማሕበር) (annual) | አቡነ ተወልደ መድኅን (ኢትዮዽያዊ) (annual) | አባ ስምዖን ጻድቅ ሊቀ ዻዻሳት (annual) | ቅድስት ክብራ (መስቀል ክብራ) ዘእንጦንስ ኢየሱስ (annual) | ቅዱስ አጋቢጦስ (ጻድቅ ኤዺስቆዾስ) (monthly) | ቅዱስ ቶማስ ዘመርዐስ (monthly) | ቅዱስ አብላርዮስ ታላቁ (monthly) | ቅዱስ አባ ሙሴ ጸሊም (ኢትዮዽያዊ) (monthly)"
11-25,325,14,9,2,12,14,"ቅዱስ ኄኖክ ነቢይ (ዕርገቱ) (annual) | ቅድስት ቴክላ ሐዋርያዊት (annual) | ቅዱስ አበከረዙን ታላቁ (ጻድቅና ሰማዕት) (annual) | ቅዱስ ዱማድዮስ ሶርያዊ (ጻድቅና ሰማዕት) (annual) | ቅድስት ኢላርያ ሰማዕት (annual) | ቅዱሳት ቴክላ ወሙጊ ሰማዕታት (annual) | ቅዱስ እንዲኒና ሰማዕት (annual) | አባ ይስሐቅ ሰማዕት (annual) | አባ ሕጻን ሞዐ ዘደብረ ሊባኖስ (annual) | ""25,000"" ሰማዕታት (የአትሪብ /ግብፅ/ ሰዎች) (annual) | ቅዱስ ይሁዳ ሐዋርያ (ከ፯፪ቱ አርድእት) (monthly) | ቅዱስ አባ አቡፋና ጻድቅ (monthly)"
11-26,326,8,3,2,6,25,ቅዱስ ዮሴፍ አረጋዊ (የ ድንግል ማርያም ጠባቂ) (annual) | ቅዱስ አባ ጢሞቴዎስ (ዘአልቦ ጥሪት) (annual) | አባ ሮዲስ (annual) | ቅዱስ ቶማስ ሐዋርያ (monthly) | አቡነ ሐብተ ማርያም ጻድቅ (monthly) | ቅዱሳን ሰማዕታተ ናግራን (monthly)
11-27,327,11,22,3,8,27,ቅዱስ ሴት ነቢይ (ወልደ አዳም) (annual) | ቅዱስ ሕዝቅኤል ነቢይ (annual) | ቅዱስ አሞን ሰማዕት (annual) | አቡነ መብዐ ፅዮን ጻድቅ (monthly) | ቅዱስ መቃርስ (የመነኮሳት ሁሉ አለቃ) (monthly) | ቅዱስ ያዕቆብ ዘግሙድ (monthly) | ቅዱስ ገላውዴዎስ ሰማዕት (ንጉሠ ኢትዮዽያ) (monthly) | ቅዱስ ቢፋሞን ጻድቅና ሰማዕት (monthly)
11-28,328,6,6,1,5,17,ቅዱሳን ጻድቃን እንድራኒቆስና አትናስያ (annual) | አቡነ ፊልዾስ ጻድቅ (ዘደብረ ሊባኖስ) (annual) | ቅዱሳን አበው (አብርሃም ይስሐቅና ያዕቆብ) (monthly) | ቅድስት ዓመተ ክ ክርስቶስ (monthly) | ቅዱስ ቴዎድሮስ ሮማዊ (ሰማዕት) (monthly)
11-29,329,9,17,5,4,56,ቅዱስ ዋርስኖፋ ሰማዕት (annual) | ቅድስት አርሴማ ድንግል (monthly) | ቅዱስ ዼጥሮስ ተፍጻሜተ ሰማዕት (monthly) | ቅዱስ ማርቆስ ዘቶርማቅ (monthly)
11-30,330,11,7,3,8,27,ቅዱስ ዻውሎስ መናኒ (ከቤተሰቡ ጋር) (annual) | ቅዱስ ሱርያል (እሥራልዩ) ሊቀ መላእክት (annual) | ቅዱሳን መርቆሬዎስና ኤፍሬም (ሰማዕታት) (annual) | ቅዱስ ጢሞቴዎስ ዘአልቦ ጥሪት (ፍልሠቱ) (annual) | እናታችን ማርያም ክብራ ኢትዮዽያዊት (የዐፄ ናዖድ ሚስት) (annual) | አባ ሣሉሲ ክቡር (monthly) | ቅዱስ ጐርጐርዮስ ነባቤ መለኮት (monthly) | ቅድስት ሶፍያ ሰማዕት (monthly)
12-1,331,12,16,6,6,50,በአተ ጾመ ፍልሠታ (annual) | አበው ሐዋርያት ዮሴፍና ኒቆዲሞስ (annual) | ቅድስት ሐና ነቢይት (ወለተ ፋኑኤል) (annual) | ደናግል ቅዱሳት (የንግስት ሶፍያ ልጆች) (annual) | ቅዱስ በርተሎሜዎስ ሐዋርያ (monthly) | ቅዱስ ሚልኪ ትሩፈ ምግባር (monthly)
12-2,332,10,8,2,8,20,ቅድስት አትናስያ ቡርክት (annual) | ቅድስት ኢዮዸራቅስያ ድንግል (annual) | ቅዱስ ዴሚና ሰማዕት (annual) | ቅዱስ ኢዮብ ጻድቅ ተአጋሲ (monthly) | ቅዱስ አቤል ጻድቅ (monthly) | ቅዱስ አባ ዻውሊ ገዳማዊ (ታላቁ) (monthly) | ቅዱስ ሳዊሮስ ዘአንጾኪያ (monthly) | አባ ሕርያቆስ ዘሃገረ ብሕንሳ (monthly)
12-3,333,9,15,4,5,44,ታላቁ አባ ስምዖን ዘዓምድ (annual) | ቅድስት ሶፍያ ቡርክትና ደናግል ልጆቿ (annual) | በዓታ ለእግዝእትነ ማርያም ድንግል ወላዲተ አምላክ (monthly) | ቅዱሳን ሊቃነ ካህናት አበው (ዘካርያስና ስምዖን) (monthly) | ቅዱስ ቄርሎስ ሊቅ (ዓምደ ሃይማኖት) (monthly)
12-4,334,7,13,3,4,43,ቅዱስ ሕዝቅያስ ጻድቅ (ንጉሠ ይሁዳ) (annual) | አባ ማቴዎስ ገዳማዊ (annual) | ቅዱስ ዳዊት ሰማዕት (annual) | ቅድስት ሶፍያ ሰማዕት (monthly)
12-5,335,10,12,2,8,20,ቅዱስ አባ አብርሃም ገዳማዊ (annual) | ቅድስት ማርያ እህቱ (annual) | ቅዱስ ዮሐንስ ጻድቅ (annual) | ቅዱስ ዼጥሮስ ሊቀ ሐዋርያት (monthly) | ቅዱስ ዻውሎስ ብርሃነ ዓለም (monthly) | ቅዱስ ዮሐኒ ኢትዮዽያዊ (monthly) | ቅዱስ አሞኒ ዘናሒሶ (monthly) | ቅድስት አውጋንያ (ሰማዕትና ጻድቅ) (monthly)
12-6,336,13,16,5,8,38,አባ ዊጻ (የታላቁ ሲኖዳ ደቀ መዝሙር) (annual) | ቅድስት ደብረ ቁስቁዋም (monthly) | አባታችን ኖኅና እናታችን ሐይከል (monthly) | ቅዱስ ባስልዮስ ዘቂሣርያ (monthly) | ቅዱስ ዮሴፍ አረጋዊ (monthly) | ቅድስት ሰሎሜ (monthly) | አባ አርከ ሥሉስ (monthly) | አባ ጽጌ ድንግል (monthly)
12-7,337,14,21,5,9,36,በዓለ ጽንሰታ ለእግዝእትነ ማርያም (annual) | ቅዱስ ዼጥሮስ ሊቀ ሐዋርያት (annual) | አፄ ናዖድ ጻድቅ (ንጉሠ ኢትዮዽያ) (annual) | ቅዱስ ዮሴፍ ጻድቅ (ወልደ ያዕቆብ-ልደቱ) (annual) | አባ ጢሞቴዎስ ሊቀ ዻዻሳት (annual) | አባ ሲኖዳ (የባሕታውያን አለቃ) (monthly) | አባ ዳንኤል ዘገዳመ ሲሐት (monthly) | አባ ባውላ ገዳማዊ (monthly) | ቅዱስ አትናቴዎስ ሐዋርያዊ (monthly)
12-8,338,10,8,1,9,10,"ቅዱስ አልዓዛር ካህን (ሰማዕት) (annual) | ቅድስት ሰሎሜ ሰማዕት (ሚስቱ) (annual) | ""፯ቱ"" ቅዱሳን ሰማዕታት (ልጆቹ) (annual) | ቅዱስ አሞን ሰማዕት (annual) | ቅዱስ ሙሴ ሊቀ ነቢያት (monthly) | ኪሩቤል (አርባዕቱ እንስሳ) (monthly) | አባ ብሶይ (ቢሾይ) (monthly) | አባ ሳሙኤል ዘደብረ ቀልሞን (monthly) | ቅዱስ ማትያስ ሐዋርያ (ከ፲፪ቱ ሐዋርያት) (monthly)"
12-9,339,8,12,3,5,38,"ቅዱስ አባ ኦሪ ቀሲስ (ሰማዕት) (annual) | አባ ዺላጦስ ሊቀ ዻዻሳት (annual) | አባ በርሱማ ሶርያዊ (ለሶርያ መነኮሳት ኁሉ አባት) (monthly) | ""፫፲፰ቱ"" ቅዱሳን ሊቃውንት (ርቱዐነ ሃይማኖት ዘኒቅያ) (monthly) | የብሔረ ብፁዐን ጻድቃን (monthly)"
12-10,340,12,11,4,8,33,"ቅዱስ መጥራ ሰማዕት (annual) | ቅዱስ ሐርስጥፎሮስ ሰማዕት (annual) | ""፴፼"" ሰማዕታት (የሐርስጥፎሮስ ማሕበር) (annual) | ቅዱሳን ቢካቦስና ዮሐንስ (ሰማዕታት) (annual) | ቅዱስ ናትናኤል ሐዋርያ (monthly) | ቅዱስ ኒቆላዎስ ዘሃገረ ሜራ (monthly) | ቅዱስ ያዕቆብ ሐዋርያ (ወልደ እልፍዮስ) (monthly) | ቅድስት ዕሌኒ ንግስት (monthly)"
12-11,341,8,14,4,4,50,"ቅዱስ አባ ሞይስስ (annual) | ቅዱስ አብጥልማዎስ (annual) | ""34"" ሰማዕታት (የቅዱስ ፋሲለደስ ማሕበር) (annual) | ማር ገላውዴዎስ ርንቤተክ (monthly)"
12-12,342,10,28,6,4,60,ቅዱስ ማቴዎስ ሐዋርያ (monthly) | ቅዱስ ድሜጥሮስ (monthly) | ቅዱስ ዮሐንስ አፈ ወርቅ (monthly) | ቅድስት ክርስቶስ ሠምራ (monthly)
12-13,343,14,25,6,8,43,"ቅዱስ ሙሴ ሊቀ ነቢያት (ልደቱ) (annual) | ቅዱሳን አበው ሐዋርያት (annual) | አባ ጋልዮን መስተጋድል (annual) | ቅድስት ኦፍራ ሰማዕት (annual) | ""99ኙ"" ነገደ መላዕክት (monthly) | ቅዱስ አስከናፍር (monthly) | ""፲፫ቱ"" ግኁሳን አባቶች (monthly) | ቅዱስ አርሳንዮስ ጠቢብ ገዳማዊ (monthly)"
12-14,344,10,7,1,9,10,ቅዱስ መስቀለ ክርስቶስ (annual) | ጻድቃን ቅዱሳን (አባ ስምዖንና አባ ዮሐንስ) (annual) | ቅዱስ ባስሊቆስ (ኃያል ሰማዕት) (annual) | ቅዱስ ድምጥያና ደቀ መዛሙርቱ (ሰማዕታት) (annual) | ቅዱስ ገብረ ክርስቶስ መርዓዊ (monthly) | ቅዱስ ፊልዾስ ሐዋርያ (monthly) | ቅዱስ ሙሴ ( የእግዚአብሔር ሰው) (monthly) | አባ ዮሐንስ ጻድቅ (monthly) | እናታችን ቅድስት ነሣሒት (monthly)
12-15,345,8,13,3,5,38,ቅድስት እንባ መሪና ገዳማዊት (annual) | ቅድስት ክርስጢና ሰማዕት (annual) | ቅዱስ ለውረንዮስ ሰማዕት (annual) | ፴፻ ሰማዕታት (የቅድስት ክርስቲና ማሕበር) (annual) | ቅዱስ ማሪ ኤፍሬም ሶርያዊ (አፈ በረከት) (monthly)
12-16,346,11,34,6,5,55,ቅዱሳን ሐዋርያት (annual) | ቅድስት ኤልሳቤጥ (የመጥምቁ ዮሐንስ እናት) (monthly) | ቅዱስ አኖሬዎስ ንጉሥ ጻድቅ (monthly) | አባ አቡናፍር ገዳማዊ (monthly) | አባ ዳንኤል ጻድቅ (monthly)
12-17,347,12,8,2,10,17,ተዝካረ ፍልሠታ ለማርያም ድንግል (annual) | ቅዱስ እንጣዎስ አሞራዊ (ሰማዕት) (annual) | ቅዱስ ያዕቆብ ግብጻዊ (ሰማዕት) (annual) | ቅዱስ አክራጥስ ሰማዕት (annual) | አባ እለእስክንድሮስ ዘቁስጥንጥንያ (annual) | ቅዱስ ያዕቆብ ሐዋርያ (ወልደ ዘብዴዎስ) (monthly) | ቅዱሳን አበው መክሲሞስና ዱማቴዎስ (monthly) | አባ ዸላሞን ፈላሢ (monthly) | አባ ለትጹን የዋህ (monthly) | ቅዱስ ኤዺፋንዮስ ሊቅ (ዘደሴተ ቆዽሮስ) (monthly)
12-18,348,9,1,1,8,11,ተዝካረ ፍልሠታ ለማርያም ድንግል (፫ኛ ቀን) (annual) | ቅዱስ እለእስክንድሮስ ሊቅ (annual) | ቅዱስ እንድራኒቆስ ዲያቆን (annual) | አባ ዘ ክርስቶስ ዘወሎ (ኢትዮዽያዊ ጻድቅ) (annual) | ቅዱስ ፊልዾስ ሐዋርያ (monthly) | አቡነ አኖሬዎስ ዘደብረ ጽጋጋ (monthly) | ማር ያዕቆብ ግብፃዊ (monthly) | ቅዱስ ያዕቆብ ሐዋርያ (ከ፯፪ቱ አርድእት) (monthly)
12-19,349,9,10,5,4,56,ተዝካረ ፍልሠታ ለማርያም ድንግል (፬ኛ ቀን) (annual) | ቅዱስ ፊንሐን ካህን (ወልደ አልዓዛር) (annual) | ቅዱስ ኤስድሮስ ሰማዕት (monthly) | አቡነ ስነ ኢየሱስ (monthly)
12-20,350,10,4,1,9,10,ተዝካረ ፍልሠታ ለማርያም ድንግል (፭ኛ ቀን) (annual) | ቅዱሳን ፯ቱ ደቂቅ (annual) | አቡነ ሰላማ ካልዕ (መተርጉም) (annual) | ቅድስት ሔዛዊ (annual) | ቅዱስ ዮሐንስ ሐፂር (monthly) | ቅዱስ አክሎግ ቀሲስ (monthly) | ቅዱስ አፄ ካሌብ ጻድቅ (ንጉሠ ኢትዮዽያ) (monthly) | አባ አሞንዮስ ዘሃገረ ቶና (monthly) | ቅድስት ሳድዥ የዋሒት (monthly)
12-21,351,10,21,1,9,10,ተዝካረ ፍልሠታ ለማርያም ድንግል (፮ኛ ቀን) (annual) | ቅድስት ኄራኒ ሐዋርያዊት (ሰማዕት) (annual) | ቡርክት ንግሥተ ሳባ (ልደቷ) (annual) | ቅድስት ዕሌኒ ንግሥት (ልደቷ) (annual) | አበው ጎርጎርዮሳት (monthly) | አቡነ ምዕመነ ድንግል (monthly) | አቡነ አምደ ሥላሴ (monthly) | አባ አሮን ሶርያዊ (monthly) | አባ መርትያኖስ ጻድቅ (monthly)
12-22,352,6,4,1,5,17,ቅዱስ ሚክያስ ነቢይ (annual) | ቅዱስ ሉቃስ ወንጌላዊ (monthly) | ቅዱስ ደቅስዮስ (የእመቤታችን ወዳጅ) (monthly) | አባ እንጦንስ አበ መነኮሳት (monthly) | አባ ዻውሊ የዋህ (monthly)
12-23,353,10,13,4,6,40,ቅዱስ ድምያኖስ ሰማዕት (annual) | አባ ጢሞቴዎስ ገዳማዊ (monthly) | ቅዱስ ዳንኤል ነቢይ (monthly) | አባ ሳሙኤል (monthly) | አባ ስምዖን (monthly) | አባ ገብርኤል (monthly)
12-24,354,9,14,4,5,44,ቅዱስ ቶማስ ዘመርዐስ (annual) | አቡነ ዘዮሐንስ ጻድቅ ዘክብራን (monthly) | ቅዱስ አጋቢጦስ (ጻድቅ) (monthly) | ቅዱስ አብላርዮስ ታላቁ (monthly) | ቅዱስ አባ ሙሴ ጸሊም (monthly)
12-25,355,11,8,2,9,18,"ቅዱስ እንድርያኖስ ሰማዕት (annual) | ""፳፬ቱ"" ሰማዕታት (ማሕበሩ) (annual) | ቅድስት ኤልያና (ሚስቱ) (annual) | ታላቁ አባ ቢጻርዮን ገዳማዊ (annual) | ቅዱስ ኤልያኖስና እህቱ አውዶክስያ (ሰማዕታት) (annual) | ቅድስት ቴክላ ሐዋርያዊት (monthly) | ቅዱስ አበከረዙን ሰማዕት (monthly) | ቅዱስ ዱማድዮስ ሶርያዊ (monthly) | ቅዱስ አባ አቡፋና ጻድቅ (monthly)"
12-26,356,8,2,1,7,12,ብጽዕት ሣራ (የአብርሃም ሚስት) (annual) | ቅዱሳን አባ ሞይስስና እህቱ ሣራ (ሰማዕታት) (annual) | ቅዱሳን አጋቦስና ቴክላ (ሰማዕታት) (annual) | ቅዱስ ቶማስ ሐዋርያ (monthly) | አቡነ ሐብተ ማርያም ጻድቅ (monthly) | ቅዱሳን ሰማዕታተ ናግራን (monthly) | ቅዱስ አቡነ ሰላማ ከሣቴ ብርሃን (monthly)
12-27,357,8,15,2,6,25,"""፲፪ቱ"" ደቂቀ ያዕቆብ (እሥራኤል) (annual) | ቅዱስ ሳሙኤል ነቢይ (የተጠራበት) (annual) | ቅዱስ ብንያሚንና እህቱ አውዶከስያ (ሰማዕታት) (annual) | ቅዱስ ፊቅጦርና እናቱ ሣራ (annual) | አባ ባስልዮስ ፓትርያርክ ዘኢትዮዽያ (የተሾሙበት) (annual) | አቡነ መብአፂዮን (monthly)"
12-28,358,3,5,2,1,67,ቅዱስ ይስሐቅ (የአባቶች አለቃ) (annual)
12-29,359,11,11,3,8,27,ቅዱስ አባ ዮሐንስ ሐጺር (ፍልሠቱ) (annual) | ቅዱስ አትናቴዎስ ሰማዕት (annual) | ቅዱሳን ገርሲሞስና ቴዎዶጦስ (ሰማዕታት) (annual) | አባ ባስልዮስ ጻድቅ (ዘትግራይ) (annual) | ቅድስት አርሴማ ድንግል (monthly) | ቅዱስ ዼጥሮስ ተፍጻሜተ ሰማዕት (monthly) | ቅዱስ ማርቆስ ዘቶርማቅ (monthly) | ቅዱስ ላሊበላ (monthly)
12-30,360,8,7,3,5,38,ቅዱስ ሚልክያስ ነቢይ (annual) | አባ ሙሴ ዘሃገረ ፈርማ (annual) | አባ ሣሉሲ ክቡር (monthly) | ቅዱስ ጐርጐርዮስ ነባቤ መለኮት (monthly) | ቅድስት ሶፍያ ሰማዕት (monthly)
13-1,361,5,2,1,4,20,"ቅዱስ ዑቲኮስ ሐዋርያ (ከ፯፪ቱ አርድእት) (annual) | ቅዱስ ብሶይ ቀሲስ (ሰማዕት) (annual) | አባ ዻኩሚስ / ባኹም (የ፫,000 ቅዱሳን አባት) (annual) | አባ ሰራብዮን / ሰራፕዮን (የ፲,000 ቅዱሳን አባት) (annual)"
13-2,362,1,0,0,1,0,ቅዱስ ቲቶ ሐዋርያ (ከ፯፪ቱ አርድእት) (annual)
13-3,363,10,5,2,8,20,ርኅወተ ሰማይ (የሰማይ መከፈት) (annual) | አፄ ዘርዓያ ዕቆብ ንጉሥ (የእመቤታችን ወዳጅ) (annual) | ቅዱስ ሰራዽዮን ዘሰንዱን (annual) | ቅዱስ አኖሬዎስ (annual) | ቅዱስ ቴዎፍሎስ (annual) | አባ ዮሐንስ (annual) | ቅዱስ ጦቢት (annual) | ቅዱሳን ጦብያና ሣራ (annual)
13-4,364,3,0,0,3,0,"ቅዱስ አባ ባይሞን (ዼሜን) (annual) | ""፮ቱ"" ወንድሞቹ (አብርሃም ያዕቆብ ዮሴፍ ኢዮብ ላስልዮስና ዮሐንስ) (annual) | ቅዱስ ሊባርዮስ ሊቅ (annual)"
13-5,365,4,0,0,4,0,ታላቁ አባ በርሶማ (annual) | ቅዱስ አሞጽ ነቢይ (annual) | ቅዱስ ያዕቆብ ዘምስር (annual) | አባ መግደር ( እግዚአብሔር በጸሎቱ ይማረን) (annual)
13-6,366,0,4,0,0,100,
