book_id,title,saint_canonical,ethiopian_month,ethiopian_day,is_annual,notes,sinksar_has_saint,sinksar_actual_on_day,question_action
AM-DRS-001,የቅዱስ ኢያቄምና- የቅድስት ሐና ድርሳን በአማርኛ,ሐና,1,7,1,ANNUAL,NO,እናታችን ቅድስት ኤልሳቤጥ (እናታችን ቅድስት ኤልሳቤጥ); ዲዮስቆሮስ ሊቅ (ቅዱስ ዲዮስቆሮስ ሊቅ (የተዋሕዶ ሃይማኖት አባት); ታላቁ ቅዱስ ሳዊርያኖስ (ታላቁ ቅዱስ ሳዊርያኖስ),In Sinksar NO ሐና on 1/7 but App DB has 1/7 - which correct? REMOVE 1/7?
AM-DRS-001,የቅዱስ ኢያቄምና- የቅድስት ሐና ድርሳን በአማርኛ,ሐና,8,7,1,ANNUAL,NO,ሥሉስ ቅዱስ (ሥሉስ ቅዱስ (አብ ወወልድ ወመንፈስ ቅዱስ)); ጊዮርጊስ ዘጋስጫ (አባ ጊዮርጊስ ዘጋስጫ); ዳንኤል ዘገዳመ ሲሐት (አባ ዳንኤል ዘገዳመ ሲሐት),In Sinksar NO ሐና on 8/7 but App DB has 8/7 - which correct? REMOVE 8/7?
AM-DRS-004,ድርሳነ መድኃኔ ዓለም በአማርኛ,መድኃኔ ዓለም,3,27,1,ANNUAL+MONTHLY,NO,ያዕቆብ ዘግሙድ (ቅዱስ ያዕቆብ ዘግሙድ); ተክለ ሐዋርያት (አቡነ ተክለ ሐዋርያት ጻድቅ); ቀሌምንጦስ (ቅዱስ ቀሌምንጦስ ሰማዕት),In Sinksar NO መድኃኔ ዓለም on 3/27 but App DB has 3/27 - which correct? REMOVE 3/27?
AM-DRS-004,ድርሳነ መድኃኔ ዓለም በአማርኛ,መድኃኔ ዓለም,7,27,1,ANNUAL+MONTHLY,NO,ቅዱሳት አንስት (ቅዱሳት አንስት (ከእግረ መስቀሉ ያልተለዩ)); 500' ቅዱሳን ባልንጀሮች (500' ቅዱሳን ባልንጀሮች (በጌታ ስቅለት ጊዜ ); ዮሴፍና ኒቆዲሞስ (ቅዱሳን ዮሴፍና ኒቆዲሞስ),In Sinksar NO መድኃኔ ዓለም on 7/27 but App DB has 7/27 - which correct? REMOVE 7/27?
AM-DRS-008,ድርሳነ መስቀል በአማርኛ,መስቀል,3,8,1,ANNUAL,NO,፬ቱ እንስሳ (ቅዱሳን ፬ቱ እንስሳ (ኪሩቤል)); አፍኒን ሊቀ መላእክት (ቅዱስ አፍኒን ሊቀ መላእክት); ቆስጠንጢኖስ ንጉሥ (ቅዱስ ቆስጠንጢኖስ ንጉሥ (ዘምስለ ቅዱስ መስቀል),In Sinksar NO መስቀል on 3/8 but App DB has 3/8 - which correct? REMOVE 3/8?
AM-DRS-010,ድርሳነ ቅዱስ ራጉኤል በአማርኛ,ቅዱስ ራጉኤል,13,6,1,ANNUAL,NO,,In Sinksar NO ቅዱስ ራጉኤል on 13/6 but App DB has 13/6 - which correct? REMOVE 13/6?
AM-GDL-004,ገድለ ተክለ ሃይማኖት በአማርኛ,አቡነ ተክለ ሃይማኖት,9,12,1,ANNUAL,NO,ዮሐንስ አፈ ወርቅ (ቅዱስ ዮሐንስ አፈ ወርቅ (የዓለም ሁሉ መምሕር)); ሚካኤል ሊቀ መላዕክት (ቅዱስ ሚካኤል ሊቀ መላዕክት); ቴዎድሮስ ምሥራቃዊ (ቅዱስ ቴዎድሮስ ምሥራቃዊ (ሰማዕት)),In Sinksar NO አቡነ ተክለ ሃይማኖት on 9/12 but App DB has 9/12 - which correct? REMOVE 9/12?
AM-GDL-005,ገድለ ቅድስት ክርስቶስ ሠምራ በአማርኛ,ቅድስት ክርስቶስ ሠምራ,9,12,1,ANNUAL,NO,ዮሐንስ አፈ ወርቅ (ቅዱስ ዮሐንስ አፈ ወርቅ (የዓለም ሁሉ መምሕር)); ሚካኤል ሊቀ መላዕክት (ቅዱስ ሚካኤል ሊቀ መላዕክት); ቴዎድሮስ ምሥራቃዊ (ቅዱስ ቴዎድሮስ ምሥራቃዊ (ሰማዕት)),In Sinksar NO ቅድስት ክርስቶስ ሠምራ on 9/12 but App DB has 9/12 - which correct? REMOVE 9/12?
AM-GDL-010,ገድለ ሰማዕታት በአማርኛ,ሰማዕታት,6,12,1,ANNUAL,NO,"""30,000 ሰማዕታተ ኢትዮዽያ (""30,000 ሰማዕታተ ኢትዮዽያ (ሮማዊው ፋሽስት); ሶምሶን ረዓይታዊ (ቅዱስ ሶምሶን ረዓይታዊ (የእስራኤል መስፍን)); ገላስዮስ ገዳማዊ (ቅዱስ አባ ገላስዮስ ገዳማዊ)",In Sinksar NO ሰማዕታት on 6/12 but App DB has 6/12 - which correct? REMOVE 6/12?
AM-GDL-012,ገድለ አቡነ ዘርዐ ቡሩከ በአማርኛ,አቡነ ዘርዐ ቡሩክ,4,13,1,ANNUAL+MONTHLY,NO,ዘርዓ ቡሩክ (አቡነ ዘርዓ ቡሩክ ጻድቅ); መቃርስ ገዳማዊ (ቅዱስ መቃርስ ገዳማዊ); አብራኮስ ገዳማዊ (አባ አብራኮስ ገዳማዊ),In Sinksar NO አቡነ ዘርዐ ቡሩክ on 4/13 but App DB has 4/13 - which correct? REMOVE 4/13?
AM-GDL-012,ገድለ አቡነ ዘርዐ ቡሩከ በአማርኛ,አቡነ ዘርዐ ቡሩክ,5,13,1,ANNUAL+MONTHLY,NO,ዘርዓ ቡሩክ ኢትዮዽያዊ (አቡነ ዘርዓ ቡሩክ ኢትዮዽያዊ (እረፍታቸው)); ሰባቱ ደቂቅ ቅዱሳን (ሰባቱ ደቂቅ ቅዱሳን (ከኤፌሶን)); ቃሮስና ሰሚኖስ (ቅዱሳን ቃሮስና ሰሚኖስ),In Sinksar NO አቡነ ዘርዐ ቡሩክ on 5/13 but App DB has 5/13 - which correct? REMOVE 5/13?
AM-GDL-016,ገድለ አቡነ አረጋዊ በአማርኛ,አቡነ አረጋዊ,2,14,1,ANNUAL+MONTHLY,NO,ፊልዾስ ሐዋርያ (ቅዱስ ፊልዾስ ሐዋርያ (ከ፸፪ቱ አርድእት)); ገብረ ክርስቶስ መርዓዊ (ቅዱስ ገብረ ክርስቶስ መርዓዊ); ሙሴ መርዓዊ (ቅዱስ ሙሴ መርዓዊ),In Sinksar NO አቡነ አረጋዊ on 2/14 but App DB has 2/14 - which correct? REMOVE 2/14?
AM-GDL-016,ገድለ አቡነ አረጋዊ በአማርኛ,አቡነ አረጋዊ,5,14,1,ANNUAL+MONTHLY,NO,"አርከሌድስ (ቅዱስ አባ አርከሌድስ); ""፵፻፴፬""ሰማዕታት (""፵፻፴፬""ሰማዕታት (ማሕበራነ ቅዱስ ቂርቆስ)); ገብረ ክርስቶስ (ቅዱስ ገብረ ክርስቶስ (ሙሽራው))",In Sinksar NO አቡነ አረጋዊ on 5/14 but App DB has 5/14 - which correct? REMOVE 5/14?
AM-GDL-017,ገድለ አቡነ ገሪማ በአማርኛ,አቡነ ገሪማ,10,17,1,ANNUAL+MONTHLY,NO,ብጹዕ አባ ገሪማ  ዘመደራ (ብጹዕ አባ ገሪማ (ይስሐቅ) ዘመደራ); ለትጹን ዐቢይ ወየዋሕ (አባ ለትጹን ዐቢይ ወየዋሕ); ዸላሞን ፈላሲ (አባ ዸላሞን ፈላሲ),In Sinksar NO አቡነ ገሪማ on 10/17 but App DB has 10/17 - which correct? REMOVE 10/17?
AM-GDL-019,ገድለ አዳም በአማርኛ,አዳም ወሔዋን,8,6,1,ANNUAL+MONTHLY,NO,አዳምና ሔዋን (ቅዱሳን አዳምና ሔዋን (የዕረፍታቸው መታሠቢያ)); ልበ አምላክ ቅዱስ ዳዊት (ልበ አምላክ ቅዱስ ዳዊት (ልደቱ)); አባታችን ቅዱስ ኖኅ (አባታችን ቅዱስ ኖኅ (ልደቱ)),In Sinksar NO አዳም ወሔዋን on 8/6 but App DB has 8/6 - which correct? REMOVE 8/6?
AM-GDL-020,ገድለ እምነ ወለተ ጴጥሮስ በአማርኛ,እምነ ወለተ ጴጥሮስ,3,17,1,ANNUAL+MONTHLY,NO,ዮሐንስ አፈ ወርቅ (ቅዱስ ዮሐንስ አፈ ወርቅ (ፍልሠቱ)); ወለተ ዼጥሮስ ኢትዮዽያዊት (ቅድስት ወለተ ዼጥሮስ ኢትዮዽያዊት); ጻድቃን እለ ወጺፍ (ጻድቃን እለ ወጺፍ),In Sinksar NO እምነ ወለተ ጴጥሮስ on 3/17 but App DB has 3/17 - which correct? REMOVE 3/17?
AM-GDL-021,ገድለ አቡነ ኪሮስ በአማርኛ,አቡነ ኪሮስ,11,8,1,ANNUAL+MONTHLY,NO,ኪሮስ ጻድቅ (አቡነ ኪሮስ ጻድቅ (አረጋዊና ገዳማዊ)); ብሶይ ጻድቅ (አባ ብሶይ ጻድቅ (ኮከበ ገዳም)); ሚሳኤል ነዳይ (አባ ሚሳኤል ነዳይ (ጻድቅ)),In Sinksar NO አቡነ ኪሮስ on 11/8 but App DB has 11/8 - which correct? REMOVE 11/8?
AM-GDL-022,የመባዓ ጽዮን ገድል በአማርኛ,ገድል,2,27,1,ANNUAL+MONTHLY,NO,ጌታችን ኢየሱስ ክርስቶስ (ጌታችን ኢየሱስ ክርስቶስ); መቃርስ ብጹዓዊ (ቅዱስ መቃርስ ብጹዓዊ); መባዓ ጽዮን (አቡነ መብዓ ጽዮን ጻድቅ),In Sinksar NO ገድል on 2/27 but App DB has 2/27 - which correct? REMOVE 2/27?
AM-GOL-001,የሰኔ ጎልጎታ በአማርኛ,ጎልጎታ,10,21,1,ANNUAL+MONTHLY,NO,ድንግል ማርያም (እመቤታችን ቅድስት ድንግል ማርያም); ቤተ ክርስቲያን (ቅድስት ቤተ ክርስቲያን); ጴጥሮስ ሊቀ ሐዋርያት (ቅዱስ ጴጥሮስ ሊቀ ሐዋርያት),In Sinksar NO ጎልጎታ on 10/21 but App DB has 10/21 - which correct? REMOVE 10/21?
AM-MEL-005,መልክዐ መቃርዮስ በአማርኛ,ቅዱስ መቃርዮስ,5,8,1,ANNUAL,NO,ታላቁ ቅዱስ መቃርስ (ታላቁ ቅዱስ መቃርስ); እንድራኒቆስ ሊቀ ዻዻሳት (አባ እንድራኒቆስ ሊቀ ዻዻሳት); ብንያሚን ሊቀ ዻዻሳት (አባ ብንያሚን ሊቀ ዻዻሳት),In Sinksar NO ቅዱስ መቃርዮስ on 5/8 but App DB has 5/8 - which correct? REMOVE 5/8?
AM-MEL-005,መልክዐ መቃርዮስ በአማርኛ,ቅዱስ መቃርዮስ,7,27,1,ANNUAL+MONTHLY,NO,ቅዱሳት አንስት (ቅዱሳት አንስት (ከእግረ መስቀሉ ያልተለዩ)); 500' ቅዱሳን ባልንጀሮች (500' ቅዱሳን ባልንጀሮች (በጌታ ስቅለት ጊዜ ); ዮሴፍና ኒቆዲሞስ (ቅዱሳን ዮሴፍና ኒቆዲሞስ),In Sinksar NO ቅዱስ መቃርዮስ on 7/27 but App DB has 7/27 - which correct? REMOVE 7/27?
AM-MEL-005,መልክዐ መቃርዮስ በአማርኛ,ቅዱስ መቃርዮስ,11,14,1,ANNUAL,NO,አብሮኮሮንዮስ (ቅዱስ አብሮኮሮንዮስ ሰማዕት); ክርስቶፎሮስና ቴዎዳስያ (ቅዱሳን ክርስቶፎሮስና ቴዎዳስያ (ወላጆቹ)); ታላቁ ቅዱስ መቃርስ (ታላቁ ቅዱስ መቃርስ (የመነኮሳት አለቃ)),In Sinksar NO ቅዱስ መቃርዮስ on 11/14 but App DB has 11/14 - which correct? REMOVE 11/14?
AM-MEL-005,መልክዐ መቃርዮስ በአማርኛ,ቅዱስ መቃርዮስ,12,19,1,ANNUAL,NO,ተዝካረ ፍልሠታ ለማርያም ድንግል (ተዝካረ ፍልሠታ ለማርያም ድንግል (፬ኛ ቀን)); ታላቁ ቅዱስ መቃርስ (ታላቁ ቅዱስ መቃርስ (ፍልሠቱ)); አባታችን ቅዱስ አብርሃም (አባታችን ቅዱስ አብርሃም (ጣዖቱን የሰበረበት)),In Sinksar NO ቅዱስ መቃርዮስ on 12/19 but App DB has 12/19 - which correct? REMOVE 12/19?
AM-MEL-012,መልክዐ ቅዱስ መስቀል በአማርኛ,መስቀል,3,8,1,ANNUAL,NO,፬ቱ እንስሳ (ቅዱሳን ፬ቱ እንስሳ (ኪሩቤል)); አፍኒን ሊቀ መላእክት (ቅዱስ አፍኒን ሊቀ መላእክት); ቆስጠንጢኖስ ንጉሥ (ቅዱስ ቆስጠንጢኖስ ንጉሥ (ዘምስለ ቅዱስ መስቀል),In Sinksar NO መስቀል on 3/8 but App DB has 3/8 - which correct? REMOVE 3/8?
AM-MEL-013,መልክዐ ቅዱስ ሚናስ በአማርኛ,ቅዱስ ሚናስ ሰማዕት,3,15,1,ANNUAL+MONTHLY,NO,በዓተ ጾመ ነቢያት (በዓተ ጾመ ነቢያት); ልደተ ቅዱስ ቂርቆስ (ልደተ ቅዱስ ቂርቆስ); ብጽዕት ኢየሉጣ (ብጽዕት ኢየሉጣ),In Sinksar NO ቅዱስ ሚናስ ሰማዕት on 3/15 but App DB has 3/15 - which correct? REMOVE 3/15?
AM-MEL-014,መልክዐ ቅዱስ ራጉኤል በአማርኛ,ቅዱስ ራጉኤል,13,6,1,ANNUAL,NO,,In Sinksar NO ቅዱስ ራጉኤል on 13/6 but App DB has 13/6 - which correct? REMOVE 13/6?
AM-MEL-019,መልክዐ አቡነ ሐራ ድንግል በአማርኛ,ሐራድንግል,5,11,1,ANNUAL+MONTHLY,NO,በዓለ ኤዺፋንያ (በዓለ ኤዺፋንያ); ዮሐንስ መጥምቅ (ቅዱስ ዮሐንስ መጥምቅ); ሐራ ድንግል (አቡነ ሐራ ድንግል ጻድቅ),In Sinksar NO ሐራድንግል on 5/11 but App DB has 5/11 - which correct? REMOVE 5/11?
AM-MEL-019,መልክዐ አቡነ ሐራ ድንግል በአማርኛ,ሐራድንግል,9,11,1,ANNUAL+MONTHLY,NO,ያሬድ ካህን ወማኅሌታይ (ቅዱስ ያሬድ ካህን ወማኅሌታይ); ሐራ ድንግል (አቡነ ሐራ ድንግል ጻድቅ); ክርስቲናና ይስሐቅ (ክርስቲናና ይስሐቅ (የቅዱስ ያሬድ ወላጆች)),In Sinksar NO ሐራድንግል on 9/11 but App DB has 9/11 - which correct? REMOVE 9/11?
AM-MEL-020,መልክዐ አቡነ ዕጨጌ ዮሐንስ በአማርኛ,ዕጨጌዮሐንስ,11,29,1,ANNUAL,NO,ታዴዎስ ሐዋርያ (ቅዱስ ታዴዎስ ሐዋርያ (ፍልሠቱ)); እጨጌ አባ ዮሐንስ (እጨጌ አባ ዮሐንስ (ዘጐንድ)); የፈጣሪያችንና ጌታችን ኢየሱስ ክርስቶስ በዓለ ልደት (የፈጣሪያችንና ጌታችን ኢየሱስ ክርስቶስ በዓለ ል),In Sinksar NO ዕጨጌዮሐንስ on 11/29 but App DB has 11/29 - which correct? REMOVE 11/29?
AM-MEL-023,መልክዐ አዳም ወሔዋን በአማርኛ,አዳም ወሔዋን,8,6,1,ANNUAL+MONTHLY,NO,አዳምና ሔዋን (ቅዱሳን አዳምና ሔዋን (የዕረፍታቸው መታሠቢያ)); ልበ አምላክ ቅዱስ ዳዊት (ልበ አምላክ ቅዱስ ዳዊት (ልደቱ)); አባታችን ቅዱስ ኖኅ (አባታችን ቅዱስ ኖኅ (ልደቱ)),In Sinksar NO አዳም ወሔዋን on 8/6 but App DB has 8/6 - which correct? REMOVE 8/6?
AM-MEL-024,መልክዐ አፍጼ በአማርኛ,አፍጼ,9,29,1,ANNUAL,NO,ስምዖን ገዳማዊ (አባ ስምዖን ገዳማዊ (በ፯ ዓመታቸው መንነው ለ፰); የፈጣሪያችንና ጌታችን ኢየሱስ ክርስቶስ በዓለ ልደት (የፈጣሪያችንና ጌታችን ኢየሱስ ክርስቶስ በዓለ ል); አርሴማ ድንግል (ቅድስት አርሴማ ድንግል),In Sinksar NO አፍጼ on 9/29 but App DB has 9/29 - which correct? REMOVE 9/29?
AM-MEL-025,መልክዐ ኢትዮጵያ በአማርኛ,መልክዐ ኢትዮጵያ,1,1,1,ANNUAL,NO,ርዕሰ ዓውደ ዓመት (ርዕሰ ዓውደ ዓመት); በርተሎሜዎስ (ቅዱስ በርተሎሜዎስ ሐዋርያ); /ማር/ ሚልኪ (ቅዱስ /ማር/ ሚልኪ (ትሩፈ ምግባር)),In Sinksar NO መልክዐ ኢትዮጵያ on 1/1 but App DB has 1/1 - which correct? REMOVE 1/1?
AM-MEL-030,መልክዐ ፍልሰታ በአማርኛ,ፍልሰተ ማርያም,12,2,1,ANNUAL,NO,አትናስያ ቡርክት (ቅድስት አትናስያ ቡርክት); ኢዮዸራቅስያ ድንግል (ቅድስት ኢዮዸራቅስያ ድንግል); ዮሐንስ መጥምቀ መለኮት (ቅዱስ ዮሐንስ መጥምቀ መለኮት),In Sinksar NO ፍልሰተ ማርያም on 12/2 but App DB has 12/2 - which correct? REMOVE 12/2?
AM-MEL-030,መልክዐ ፍልሰታ በአማርኛ,ፍልሰተ ማርያም,12,4,1,ANNUAL,NO,ሕዝቅያስ ጻድቅ (ቅዱስ ሕዝቅያስ ጻድቅ (ንጉሠ ይሁዳ)); ማቴዎስ ገዳማዊ (አባ ማቴዎስ ገዳማዊ); ዮሐንስ ወልደ ነጎድጉዋድ (ቅዱስ ዮሐንስ ወልደ ነጎድጉዋድ (ወንጌላዊው)),In Sinksar NO ፍልሰተ ማርያም on 12/4 but App DB has 12/4 - which correct? REMOVE 12/4?
AM-MEL-030,መልክዐ ፍልሰታ በአማርኛ,ፍልሰተ ማርያም,12,5,1,ANNUAL,NO,አብርሃም ገዳማዊ (ቅዱስ አባ አብርሃም ገዳማዊ); ማርያ እህቱ (ቅድስት ማርያ እህቱ); ፊልዾስ ዘደብረ ቢዘን (አባ ፊልዾስ ዘደብረ ቢዘን),In Sinksar NO ፍልሰተ ማርያም on 12/5 but App DB has 12/5 - which correct? REMOVE 12/5?
AM-MEL-030,መልክዐ ፍልሰታ በአማርኛ,ፍልሰተ ማርያም,12,8,1,ANNUAL,NO,"አልዓዛር ካህን (ቅዱስ አልዓዛር ካህን (ሰማዕት)); ሰሎሜ ሰማዕት (ቅድስት ሰሎሜ ሰማዕት (ሚስቱ)); ""፯ቱ"" ቅዱሳን ሰማዕታት (""፯ቱ"" ቅዱሳን ሰማዕታት (ልጆቹ))",In Sinksar NO ፍልሰተ ማርያም on 12/8 but App DB has 12/8 - which correct? REMOVE 12/8?
AM-MEL-030,መልክዐ ፍልሰታ በአማርኛ,ፍልሰተ ማርያም,12,9,1,ANNUAL,NO,ኦሪ ቀሲስ (ቅዱስ አባ ኦሪ ቀሲስ (ሰማዕት)); ዺላጦስ ሊቀ ዻዻሳት (አባ ዺላጦስ ሊቀ ዻዻሳት); በርሱማ ሶርያዊ (አባ በርሱማ ሶርያዊ (ለሶርያ መነኮሳት ኁሉ አባ),In Sinksar NO ፍልሰተ ማርያም on 12/9 but App DB has 12/9 - which correct? REMOVE 12/9?
AM-MEL-030,መልክዐ ፍልሰታ በአማርኛ,ፍልሰተ ማርያም,12,10,1,ANNUAL,NO,"ዓቢየ እግዚእ ኢትዮዽያዊ (ቅዱስ አባ ዓቢየ እግዚእ ኢትዮዽያዊ (ተአምራትን); ሐርስጥፎሮስ (ቅዱስ ሐርስጥፎሮስ ሰማዕት); ""፴፼"" ሰማዕታት (""፴፼"" ሰማዕታት (የሐርስጥፎሮስ ማሕበር))",In Sinksar NO ፍልሰተ ማርያም on 12/10 but App DB has 12/10 - which correct? REMOVE 12/10?
AM-MEL-030,መልክዐ ፍልሰታ በአማርኛ,ፍልሰተ ማርያም,12,11,1,ANNUAL,NO,"አብጥልማዎስ (ቅዱስ አብጥልማዎስ); ""34"" ሰማዕታት (""34"" ሰማዕታት (የቅዱስ ፋሲለደስ ማሕበር)); ያሬድ ካህን (ቅዱስ ያሬድ ካህን)",In Sinksar NO ፍልሰተ ማርያም on 12/11 but App DB has 12/11 - which correct? REMOVE 12/11?
AM-MEL-030,መልክዐ ፍልሰታ በአማርኛ,ፍልሰተ ማርያም,12,12,1,ANNUAL,NO,ታላቁ ቅዱስ ቆስጠንጢኖስ (ታላቁ ቅዱስ ቆስጠንጢኖስ (ጻድቅ ንጉሥ)); ዕፀ መስቀል (ቅዱስ ዕፀ መስቀል); ሚካኤል ሊቀ መላእክት (ቅዱስ ሚካኤል ሊቀ መላእክት),In Sinksar NO ፍልሰተ ማርያም on 12/12 but App DB has 12/12 - which correct? REMOVE 12/12?
AM-MEL-030,መልክዐ ፍልሰታ በአማርኛ,ፍልሰተ ማርያም,12,13,1,ANNUAL,NO,ደብረ ታቦር / ደብረ ምሥጢር / ደብረ በረከት (ደብረ ታቦር / ደብረ ምሥጢር / ደብረ በረከት); ሙሴ ሊቀ ነቢያት (ቅዱስ ሙሴ ሊቀ ነቢያት (ልደቱ)); አበው ሐዋርያት (ቅዱሳን አበው ሐዋርያት),In Sinksar NO ፍልሰተ ማርያም on 12/13 but App DB has 12/13 - which correct? REMOVE 12/13?
AM-MEL-030,መልክዐ ፍልሰታ በአማርኛ,ፍልሰተ ማርያም,12,14,1,ANNUAL,NO,መስቀለ ክርስቶስ (ቅዱስ መስቀለ ክርስቶስ); ጻድቃን ቅዱሳን (ጻድቃን ቅዱሳን (አባ ስምዖንና አባ ዮሐንስ)); ድምጥያና ደቀ መዛሙርቱ (ቅዱስ ድምጥያና ደቀ መዛሙርቱ (ሰማዕታት)),In Sinksar NO ፍልሰተ ማርያም on 12/14 but App DB has 12/14 - which correct? REMOVE 12/14?
AM-MEL-030,መልክዐ ፍልሰታ በአማርኛ,ፍልሰተ ማርያም,12,15,1,ANNUAL,NO,እንባ መሪና ገዳማዊት (ቅድስት እንባ መሪና ገዳማዊት); ለውረንዮስ (ቅዱስ ለውረንዮስ ሰማዕት); ፴፻ ሰማዕታት (፴፻ ሰማዕታት (የቅድስት ክርስቲና ማሕበር)),In Sinksar NO ፍልሰተ ማርያም on 12/15 but App DB has 12/15 - which correct? REMOVE 12/15?
AM-MEL-032,ኹለተኛ መልክዐ ሥዕል በአማርኛ,መልክዐ ሥዕል,1,26,1,ANNUAL,NO,ድንግል ማርያም (ቅድስት ድንግል ማርያም); ዮሴፍ አረጋዊ (ቅዱስ ዮሴፍ አረጋዊ); ዮሐንስ መጥምቅ (ቅዱስ ዮሐንስ መጥምቅ (ጽንሰቱ)),In Sinksar NO መልክዐ ሥዕል on 1/26 but App DB has 1/26 - which correct? REMOVE 1/26?
AM-MEL-032,ኹለተኛ መልክዐ ሥዕል በአማርኛ,መልክዐ ሥዕል,3,5,1,ANNUAL,NO,ታላቁ ቅዱስ ዮሐኒ (ታላቁ ቅዱስ ዮሐኒ (ዘትግራይ)); አሞኒ ዘናሕሶ (አባ አሞኒ ዘናሕሶ); ቴዎድሮስ ሊቀ ሠራዊት (ቅዱስ ቴዎድሮስ ሊቀ ሠራዊት),In Sinksar NO መልክዐ ሥዕል on 3/5 but App DB has 3/5 - which correct? REMOVE 3/5?
AM-MEL-034,የመድኀኔ ዓለም 3ኛ መልክዕ በአማርኛ,መድኃኔ ዓለም,3,27,1,ANNUAL+MONTHLY,NO,ያዕቆብ ዘግሙድ (ቅዱስ ያዕቆብ ዘግሙድ); ተክለ ሐዋርያት (አቡነ ተክለ ሐዋርያት ጻድቅ); ቀሌምንጦስ (ቅዱስ ቀሌምንጦስ ሰማዕት),In Sinksar NO መድኃኔ ዓለም on 3/27 but App DB has 3/27 - which correct? REMOVE 3/27?
AM-MEL-034,የመድኀኔ ዓለም 3ኛ መልክዕ በአማርኛ,መድኃኔ ዓለም,7,27,1,ANNUAL+MONTHLY,NO,ቅዱሳት አንስት (ቅዱሳት አንስት (ከእግረ መስቀሉ ያልተለዩ)); 500' ቅዱሳን ባልንጀሮች (500' ቅዱሳን ባልንጀሮች (በጌታ ስቅለት ጊዜ ); ዮሴፍና ኒቆዲሞስ (ቅዱሳን ዮሴፍና ኒቆዲሞስ),In Sinksar NO መድኃኔ ዓለም on 7/27 but App DB has 7/27 - which correct? REMOVE 7/27?
AM-MEL-035,የመድኀኔ ዓለም መልክዕ በአማርኛ,መድኃኔ ዓለም,3,27,1,ANNUAL+MONTHLY,NO,ያዕቆብ ዘግሙድ (ቅዱስ ያዕቆብ ዘግሙድ); ተክለ ሐዋርያት (አቡነ ተክለ ሐዋርያት ጻድቅ); ቀሌምንጦስ (ቅዱስ ቀሌምንጦስ ሰማዕት),In Sinksar NO መድኃኔ ዓለም on 3/27 but App DB has 3/27 - which correct? REMOVE 3/27?
AM-MEL-035,የመድኀኔ ዓለም መልክዕ በአማርኛ,መድኃኔ ዓለም,7,27,1,ANNUAL+MONTHLY,NO,ቅዱሳት አንስት (ቅዱሳት አንስት (ከእግረ መስቀሉ ያልተለዩ)); 500' ቅዱሳን ባልንጀሮች (500' ቅዱሳን ባልንጀሮች (በጌታ ስቅለት ጊዜ ); ዮሴፍና ኒቆዲሞስ (ቅዱሳን ዮሴፍና ኒቆዲሞስ),In Sinksar NO መድኃኔ ዓለም on 7/27 but App DB has 7/27 - which correct? REMOVE 7/27?
AM-MEL-036,የሰማዕቱ ቅዱስ ጊጋር መልክዕ በአማርኛ,ቅዱስ ጊጋር ሰማዕት,12,16,1,ANNUAL,NO,ድንግል እግዝእትነ ማርያም (ቅድስት ድንግል እግዝእትነ ማርያም (ፍልሠቷ ትን); ጊዮርጊስ ሊቀ ሰማዕታት (ቅዱስ ጊዮርጊስ ሊቀ ሰማዕታት (ፍልሠቱ)); ጊጋር ሶርያዊ (ቅዱስ ጊጋር ሶርያዊ (ሰማዕት)),In Sinksar NO ቅዱስ ጊጋር ሰማዕት on 12/16 but App DB has 12/16 - which correct? REMOVE 12/16?
AM-MEL-037,የቅዱሳን ሠለስቱ ደቂቅ መልክዕ በአማርኛ,ሠለስቱ ደቂቅ,4,19,1,ANNUAL,NO,ገብርኤል ሊቀ መላእክት (ቅዱስ ገብርኤል ሊቀ መላእክት); ዮሐንስ ዘቡርልስ (ቅዱስ ዮሐንስ ዘቡርልስ); ስነ ኢየሱስ (አቡነ ስነ ኢየሱስ ጻድቅ),In Sinksar NO ሠለስቱ ደቂቅ on 4/19 but App DB has 4/19 - which correct? REMOVE 4/19?
AM-MEL-040,የቅዱስ መስቀል 3ኛ መልክዕ በአማርኛ,መስቀል,3,8,1,ANNUAL,NO,፬ቱ እንስሳ (ቅዱሳን ፬ቱ እንስሳ (ኪሩቤል)); አፍኒን ሊቀ መላእክት (ቅዱስ አፍኒን ሊቀ መላእክት); ቆስጠንጢኖስ ንጉሥ (ቅዱስ ቆስጠንጢኖስ ንጉሥ (ዘምስለ ቅዱስ መስቀል),In Sinksar NO መስቀል on 3/8 but App DB has 3/8 - which correct? REMOVE 3/8?
AM-MEL-042,የቅዱስ ማርቆስ 2ኛ መልክዕ በአማርኛ,ቅዱስ ማርቆስ ወንጌላዊ,2,30,1,ANNUAL+MONTHLY,NO,አርስጥቦሎስ (ቅዱስ አርስጥቦሎስ (አባቱ)); ዮሐንስ መጥምቀ መለኮት (ቅዱስ ዮሐንስ መጥምቀ መለኮት); አብርሃም ገዳማዊ (አባ አብርሃም ገዳማዊ),In Sinksar NO ቅዱስ ማርቆስ ወንጌላዊ on 2/30 but App DB has 2/30 - which correct? REMOVE 2/30?
AM-MEL-042,የቅዱስ ማርቆስ 2ኛ መልክዕ በአማርኛ,ቅዱስ ማርቆስ ወንጌላዊ,8,30,1,ANNUAL+MONTHLY,NO,አርስጥቦሎስ (ቅዱስ አርስጥቦሎስ (አባቱ)); ዮሐንስ መጥምቀ መለኮት (ቅዱስ ዮሐንስ መጥምቀ መለኮት); ሣሉሲ ክቡር (አባ ሣሉሲ ክቡር),In Sinksar NO ቅዱስ ማርቆስ ወንጌላዊ on 8/30 but App DB has 8/30 - which correct? REMOVE 8/30?
AM-MEL-044,የቅዱስ አቦሊ መልክዕ በአማርኛ,ቅዱስ አቦሊ ሰማዕት,12,1,1,ANNUAL+MONTHLY,NO,በአተ ጾመ ፍልሠታ (በአተ ጾመ ፍልሠታ); አበው ሐዋርያት ዮሴፍና ኒቆዲሞስ (አበው ሐዋርያት ዮሴፍና ኒቆዲሞስ); ታላቁ ቅዱስ ዸላሞን ገዳማዊ (ታላቁ ቅዱስ ዸላሞን ገዳማዊ),In Sinksar NO ቅዱስ አቦሊ ሰማዕት on 12/1 but App DB has 12/1 - which correct? REMOVE 12/1?
AM-MEL-049,የቅዱስ ዳዊት መልክዕ በአማርኛ,ቅዱስ ዳዊት ንጉሥ,4,23,1,ANNUAL+MONTHLY,NO,ዳዊት ልበ አምላክ (ቅዱስ ዳዊት ልበ አምላክ); ጢሞቴዎስ ገዳማዊ (አባ ጢሞቴዎስ ገዳማዊ); ጊዮርጊስ ሊቀ ሰማዕታት (ቅዱስ ጊዮርጊስ ሊቀ ሰማዕታት),In Sinksar NO ቅዱስ ዳዊት ንጉሥ on 4/23 but App DB has 4/23 - which correct? REMOVE 4/23?
AM-MEL-049,የቅዱስ ዳዊት መልክዕ በአማርኛ,ቅዱስ ዳዊት ንጉሥ,8,6,1,ANNUAL,NO,አዳምና ሔዋን (ቅዱሳን አዳምና ሔዋን (የዕረፍታቸው መታሠቢያ)); ልበ አምላክ ቅዱስ ዳዊት (ልበ አምላክ ቅዱስ ዳዊት (ልደቱ)); አባታችን ቅዱስ ኖኅ (አባታችን ቅዱስ ኖኅ (ልደቱ)),In Sinksar NO ቅዱስ ዳዊት ንጉሥ on 8/6 but App DB has 8/6 - which correct? REMOVE 8/6?
AM-MEL-057,የአቡነ ተክለ ሃይማኖት 2ኛ መልክዕ በአማርኛ,አቡነ ተክለ ሃይማኖት,9,12,1,ANNUAL,NO,ዮሐንስ አፈ ወርቅ (ቅዱስ ዮሐንስ አፈ ወርቅ (የዓለም ሁሉ መምሕር)); ሚካኤል ሊቀ መላዕክት (ቅዱስ ሚካኤል ሊቀ መላዕክት); ቴዎድሮስ ምሥራቃዊ (ቅዱስ ቴዎድሮስ ምሥራቃዊ (ሰማዕት)),In Sinksar NO አቡነ ተክለ ሃይማኖት on 9/12 but App DB has 9/12 - which correct? REMOVE 9/12?
AM-MEL-058,የአቡነ ተክለ ሃይማኖት መልክዕ በአማርኛ,አቡነ ተክለ ሃይማኖት,9,12,1,ANNUAL,NO,ዮሐንስ አፈ ወርቅ (ቅዱስ ዮሐንስ አፈ ወርቅ (የዓለም ሁሉ መምሕር)); ሚካኤል ሊቀ መላዕክት (ቅዱስ ሚካኤል ሊቀ መላዕክት); ቴዎድሮስ ምሥራቃዊ (ቅዱስ ቴዎድሮስ ምሥራቃዊ (ሰማዕት)),In Sinksar NO አቡነ ተክለ ሃይማኖት on 9/12 but App DB has 9/12 - which correct? REMOVE 9/12?
AM-MEL-061,የአቡነ ዘርዐ ቡሩክ መልክዕ በአማርኛ,አቡነ ዘርዐ ቡሩክ,4,13,1,ANNUAL+MONTHLY,NO,ዘርዓ ቡሩክ (አቡነ ዘርዓ ቡሩክ ጻድቅ); መቃርስ ገዳማዊ (ቅዱስ መቃርስ ገዳማዊ); አብራኮስ ገዳማዊ (አባ አብራኮስ ገዳማዊ),In Sinksar NO አቡነ ዘርዐ ቡሩክ on 4/13 but App DB has 4/13 - which correct? REMOVE 4/13?
AM-MEL-061,የአቡነ ዘርዐ ቡሩክ መልክዕ በአማርኛ,አቡነ ዘርዐ ቡሩክ,5,13,1,ANNUAL+MONTHLY,NO,ዘርዓ ቡሩክ ኢትዮዽያዊ (አቡነ ዘርዓ ቡሩክ ኢትዮዽያዊ (እረፍታቸው)); ሰባቱ ደቂቅ ቅዱሳን (ሰባቱ ደቂቅ ቅዱሳን (ከኤፌሶን)); ቃሮስና ሰሚኖስ (ቅዱሳን ቃሮስና ሰሚኖስ),In Sinksar NO አቡነ ዘርዐ ቡሩክ on 5/13 but App DB has 5/13 - which correct? REMOVE 5/13?
AM-MIK-001,ምክሓ ምእመናን ክርስቶስ በአማርኛ,መድኃኔ ዓለም,3,27,1,ANNUAL+MONTHLY,NO,ያዕቆብ ዘግሙድ (ቅዱስ ያዕቆብ ዘግሙድ); ተክለ ሐዋርያት (አቡነ ተክለ ሐዋርያት ጻድቅ); ቀሌምንጦስ (ቅዱስ ቀሌምንጦስ ሰማዕት),In Sinksar NO መድኃኔ ዓለም on 3/27 but App DB has 3/27 - which correct? REMOVE 3/27?
AM-MIK-001,ምክሓ ምእመናን ክርስቶስ በአማርኛ,መድኃኔ ዓለም,7,27,1,ANNUAL+MONTHLY,NO,ቅዱሳት አንስት (ቅዱሳት አንስት (ከእግረ መስቀሉ ያልተለዩ)); 500' ቅዱሳን ባልንጀሮች (500' ቅዱሳን ባልንጀሮች (በጌታ ስቅለት ጊዜ ); ዮሴፍና ኒቆዲሞስ (ቅዱሳን ዮሴፍና ኒቆዲሞስ),In Sinksar NO መድኃኔ ዓለም on 7/27 but App DB has 7/27 - which correct? REMOVE 7/27?
AM-SEL-001,ሰላም ለፍልሰተ ሥጋኪ በአማርኛ,ፍልሰተ ማርያም,12,2,1,ANNUAL,NO,አትናስያ ቡርክት (ቅድስት አትናስያ ቡርክት); ኢዮዸራቅስያ ድንግል (ቅድስት ኢዮዸራቅስያ ድንግል); ዮሐንስ መጥምቀ መለኮት (ቅዱስ ዮሐንስ መጥምቀ መለኮት),In Sinksar NO ፍልሰተ ማርያም on 12/2 but App DB has 12/2 - which correct? REMOVE 12/2?
AM-SEL-001,ሰላም ለፍልሰተ ሥጋኪ በአማርኛ,ፍልሰተ ማርያም,12,4,1,ANNUAL,NO,ሕዝቅያስ ጻድቅ (ቅዱስ ሕዝቅያስ ጻድቅ (ንጉሠ ይሁዳ)); ማቴዎስ ገዳማዊ (አባ ማቴዎስ ገዳማዊ); ዮሐንስ ወልደ ነጎድጉዋድ (ቅዱስ ዮሐንስ ወልደ ነጎድጉዋድ (ወንጌላዊው)),In Sinksar NO ፍልሰተ ማርያም on 12/4 but App DB has 12/4 - which correct? REMOVE 12/4?
AM-SEL-001,ሰላም ለፍልሰተ ሥጋኪ በአማርኛ,ፍልሰተ ማርያም,12,5,1,ANNUAL,NO,አብርሃም ገዳማዊ (ቅዱስ አባ አብርሃም ገዳማዊ); ማርያ እህቱ (ቅድስት ማርያ እህቱ); ፊልዾስ ዘደብረ ቢዘን (አባ ፊልዾስ ዘደብረ ቢዘን),In Sinksar NO ፍልሰተ ማርያም on 12/5 but App DB has 12/5 - which correct? REMOVE 12/5?
AM-SEL-001,ሰላም ለፍልሰተ ሥጋኪ በአማርኛ,ፍልሰተ ማርያም,12,8,1,ANNUAL,NO,"አልዓዛር ካህን (ቅዱስ አልዓዛር ካህን (ሰማዕት)); ሰሎሜ ሰማዕት (ቅድስት ሰሎሜ ሰማዕት (ሚስቱ)); ""፯ቱ"" ቅዱሳን ሰማዕታት (""፯ቱ"" ቅዱሳን ሰማዕታት (ልጆቹ))",In Sinksar NO ፍልሰተ ማርያም on 12/8 but App DB has 12/8 - which correct? REMOVE 12/8?
AM-SEL-001,ሰላም ለፍልሰተ ሥጋኪ በአማርኛ,ፍልሰተ ማርያም,12,9,1,ANNUAL,NO,ኦሪ ቀሲስ (ቅዱስ አባ ኦሪ ቀሲስ (ሰማዕት)); ዺላጦስ ሊቀ ዻዻሳት (አባ ዺላጦስ ሊቀ ዻዻሳት); በርሱማ ሶርያዊ (አባ በርሱማ ሶርያዊ (ለሶርያ መነኮሳት ኁሉ አባ),In Sinksar NO ፍልሰተ ማርያም on 12/9 but App DB has 12/9 - which correct? REMOVE 12/9?
AM-SEL-001,ሰላም ለፍልሰተ ሥጋኪ በአማርኛ,ፍልሰተ ማርያም,12,10,1,ANNUAL,NO,"ዓቢየ እግዚእ ኢትዮዽያዊ (ቅዱስ አባ ዓቢየ እግዚእ ኢትዮዽያዊ (ተአምራትን); ሐርስጥፎሮስ (ቅዱስ ሐርስጥፎሮስ ሰማዕት); ""፴፼"" ሰማዕታት (""፴፼"" ሰማዕታት (የሐርስጥፎሮስ ማሕበር))",In Sinksar NO ፍልሰተ ማርያም on 12/10 but App DB has 12/10 - which correct? REMOVE 12/10?
AM-SEL-001,ሰላም ለፍልሰተ ሥጋኪ በአማርኛ,ፍልሰተ ማርያም,12,11,1,ANNUAL,NO,"አብጥልማዎስ (ቅዱስ አብጥልማዎስ); ""34"" ሰማዕታት (""34"" ሰማዕታት (የቅዱስ ፋሲለደስ ማሕበር)); ያሬድ ካህን (ቅዱስ ያሬድ ካህን)",In Sinksar NO ፍልሰተ ማርያም on 12/11 but App DB has 12/11 - which correct? REMOVE 12/11?
AM-SEL-001,ሰላም ለፍልሰተ ሥጋኪ በአማርኛ,ፍልሰተ ማርያም,12,12,1,ANNUAL,NO,ታላቁ ቅዱስ ቆስጠንጢኖስ (ታላቁ ቅዱስ ቆስጠንጢኖስ (ጻድቅ ንጉሥ)); ዕፀ መስቀል (ቅዱስ ዕፀ መስቀል); ሚካኤል ሊቀ መላእክት (ቅዱስ ሚካኤል ሊቀ መላእክት),In Sinksar NO ፍልሰተ ማርያም on 12/12 but App DB has 12/12 - which correct? REMOVE 12/12?
AM-SEL-001,ሰላም ለፍልሰተ ሥጋኪ በአማርኛ,ፍልሰተ ማርያም,12,13,1,ANNUAL,NO,ደብረ ታቦር / ደብረ ምሥጢር / ደብረ በረከት (ደብረ ታቦር / ደብረ ምሥጢር / ደብረ በረከት); ሙሴ ሊቀ ነቢያት (ቅዱስ ሙሴ ሊቀ ነቢያት (ልደቱ)); አበው ሐዋርያት (ቅዱሳን አበው ሐዋርያት),In Sinksar NO ፍልሰተ ማርያም on 12/13 but App DB has 12/13 - which correct? REMOVE 12/13?
AM-SEL-001,ሰላም ለፍልሰተ ሥጋኪ በአማርኛ,ፍልሰተ ማርያም,12,14,1,ANNUAL,NO,መስቀለ ክርስቶስ (ቅዱስ መስቀለ ክርስቶስ); ጻድቃን ቅዱሳን (ጻድቃን ቅዱሳን (አባ ስምዖንና አባ ዮሐንስ)); ድምጥያና ደቀ መዛሙርቱ (ቅዱስ ድምጥያና ደቀ መዛሙርቱ (ሰማዕታት)),In Sinksar NO ፍልሰተ ማርያም on 12/14 but App DB has 12/14 - which correct? REMOVE 12/14?
AM-SEL-001,ሰላም ለፍልሰተ ሥጋኪ በአማርኛ,ፍልሰተ ማርያም,12,15,1,ANNUAL,NO,እንባ መሪና ገዳማዊት (ቅድስት እንባ መሪና ገዳማዊት); ለውረንዮስ (ቅዱስ ለውረንዮስ ሰማዕት); ፴፻ ሰማዕታት (፴፻ ሰማዕታት (የቅድስት ክርስቲና ማሕበር)),In Sinksar NO ፍልሰተ ማርያም on 12/15 but App DB has 12/15 - which correct? REMOVE 12/15?
AM-ZNA-002,ዜና አበው በአማርኛ,ዜና አበው,3,4,1,ANNUAL,NO,ቶማስ ዘደማስቆ (ቅዱስ ቶማስ ዘደማስቆ); ያዕቆብና ዮሐንስ (ቅዱሳን ያዕቆብና ዮሐንስ); አቢማኮስ ወአዛርያኖስ (ቅዱሳን አቢማኮስ ወአዛርያኖስ),In Sinksar NO ዜና አበው on 3/4 but App DB has 3/4 - which correct? REMOVE 3/4?
AM-ZNA-002,ዜና አበው በአማርኛ,ዜና አበው,5,26,1,ANNUAL,NO,"""፵፱"" አረጋውያን ሰማዕታት (""፵፱"" አረጋውያን ሰማዕታት (ግብፅ ገዳመ አስቄ); አንስጣስያ (ቅድስት አንስጣስያ); ሐብተ ማርያም ኢትዮዽያዊ (አቡነ ሐብተ ማርያም ኢትዮዽያዊ)",In Sinksar NO ዜና አበው on 5/26 but App DB has 5/26 - which correct? REMOVE 5/26?
GZ-DRS-002,ድርሳነ መስቀል በግእዝ,መስቀል,3,8,1,ANNUAL,NO,፬ቱ እንስሳ (ቅዱሳን ፬ቱ እንስሳ (ኪሩቤል)); አፍኒን ሊቀ መላእክት (ቅዱስ አፍኒን ሊቀ መላእክት); ቆስጠንጢኖስ ንጉሥ (ቅዱስ ቆስጠንጢኖስ ንጉሥ (ዘምስለ ቅዱስ መስቀል),In Sinksar NO መስቀል on 3/8 but App DB has 3/8 - which correct? REMOVE 3/8?
GZ-DRS-003,ድርሳነ ቅዱስ ራጉኤል በግእዝ,ቅዱስ ራጉኤል,13,6,1,ANNUAL,NO,,In Sinksar NO ቅዱስ ራጉኤል on 13/6 but App DB has 13/6 - which correct? REMOVE 13/6?
GZ-DRS-005,ድርሳነ መድኃኔ ዓለም በግእዝ,መድኃኔ ዓለም,3,27,1,ANNUAL+MONTHLY,NO,ያዕቆብ ዘግሙድ (ቅዱስ ያዕቆብ ዘግሙድ); ተክለ ሐዋርያት (አቡነ ተክለ ሐዋርያት ጻድቅ); ቀሌምንጦስ (ቅዱስ ቀሌምንጦስ ሰማዕት),In Sinksar NO መድኃኔ ዓለም on 3/27 but App DB has 3/27 - which correct? REMOVE 3/27?
GZ-DRS-005,ድርሳነ መድኃኔ ዓለም በግእዝ,መድኃኔ ዓለም,7,27,1,ANNUAL+MONTHLY,NO,ቅዱሳት አንስት (ቅዱሳት አንስት (ከእግረ መስቀሉ ያልተለዩ)); 500' ቅዱሳን ባልንጀሮች (500' ቅዱሳን ባልንጀሮች (በጌታ ስቅለት ጊዜ ); ዮሴፍና ኒቆዲሞስ (ቅዱሳን ዮሴፍና ኒቆዲሞስ),In Sinksar NO መድኃኔ ዓለም on 7/27 but App DB has 7/27 - which correct? REMOVE 7/27?
GZ-DRS-007,ድርሳን ዘቅዱስ ኢያቄም ወቅድስት ሐና በግእዝ,ሐና,1,7,1,ANNUAL,NO,እናታችን ቅድስት ኤልሳቤጥ (እናታችን ቅድስት ኤልሳቤጥ); ዲዮስቆሮስ ሊቅ (ቅዱስ ዲዮስቆሮስ ሊቅ (የተዋሕዶ ሃይማኖት አባት); ታላቁ ቅዱስ ሳዊርያኖስ (ታላቁ ቅዱስ ሳዊርያኖስ),In Sinksar NO ሐና on 1/7 but App DB has 1/7 - which correct? REMOVE 1/7?
GZ-DRS-007,ድርሳን ዘቅዱስ ኢያቄም ወቅድስት ሐና በግእዝ,ሐና,8,7,1,ANNUAL,NO,ሥሉስ ቅዱስ (ሥሉስ ቅዱስ (አብ ወወልድ ወመንፈስ ቅዱስ)); ጊዮርጊስ ዘጋስጫ (አባ ጊዮርጊስ ዘጋስጫ); ዳንኤል ዘገዳመ ሲሐት (አባ ዳንኤል ዘገዳመ ሲሐት),In Sinksar NO ሐና on 8/7 but App DB has 8/7 - which correct? REMOVE 8/7?
GZ-GDL-001,ገድለ አቡነ ፊልጶስ ዘደብረ ሊባኖስ በግእዝ,አቡነ ፊልጶስ ዘደብረ ሊባኖስ,7,23,1,ANNUAL,NO,ነቢየ እግዚአብሔር ቅዱስ ዳንኤል (ነቢየ እግዚአብሔር ቅዱስ ዳንኤል (የስሙ ትርጏሜ); ልበ አምላክ ቅዱስ ዳዊት (ልበ አምላክ ቅዱስ ዳዊት); ጊዮርጊስ ሊቀ ሰማዕታት (ቅዱስ ጊዮርጊስ ሊቀ ሰማዕታት),In Sinksar NO አቡነ ፊልጶስ ዘደብረ ሊባኖስ on 7/23 but App DB has 7/23 - which correct? REMOVE 7/23?
GZ-GDL-001,ገድለ አቡነ ፊልጶስ ዘደብረ ሊባኖስ በግእዝ,አቡነ ፊልጶስ ዘደብረ ሊባኖስ,11,28,1,ANNUAL,NO,ጻድቃን እንድራኒቆስና አትናስያ (ቅዱሳን ጻድቃን እንድራኒቆስና አትናስያ); ፊልዾስ ጻድቅ (አቡነ ፊልዾስ ጻድቅ (ዘደብረ ሊባኖስ)); አማኑኤል ቸር አምላካችን (አማኑኤል ቸር አምላካችን),In Sinksar NO አቡነ ፊልጶስ ዘደብረ ሊባኖስ on 11/28 but App DB has 11/28 - which correct? REMOVE 11/28?
GZ-GDL-003,ገድለ እምነ ወለተ ጴጥሮስ በግእዝ,እምነ ወለተ ጴጥሮስ,3,17,1,ANNUAL+MONTHLY,NO,ዮሐንስ አፈ ወርቅ (ቅዱስ ዮሐንስ አፈ ወርቅ (ፍልሠቱ)); ወለተ ዼጥሮስ ኢትዮዽያዊት (ቅድስት ወለተ ዼጥሮስ ኢትዮዽያዊት); ጻድቃን እለ ወጺፍ (ጻድቃን እለ ወጺፍ),In Sinksar NO እምነ ወለተ ጴጥሮስ on 3/17 but App DB has 3/17 - which correct? REMOVE 3/17?
GZ-GDL-004,ገድለ አቡነ ዘርዐ ቡሩከ በግእዝ,አቡነ ዘርዐ ቡሩክ,4,13,1,ANNUAL+MONTHLY,NO,ዘርዓ ቡሩክ (አቡነ ዘርዓ ቡሩክ ጻድቅ); መቃርስ ገዳማዊ (ቅዱስ መቃርስ ገዳማዊ); አብራኮስ ገዳማዊ (አባ አብራኮስ ገዳማዊ),In Sinksar NO አቡነ ዘርዐ ቡሩክ on 4/13 but App DB has 4/13 - which correct? REMOVE 4/13?
GZ-GDL-004,ገድለ አቡነ ዘርዐ ቡሩከ በግእዝ,አቡነ ዘርዐ ቡሩክ,5,13,1,ANNUAL+MONTHLY,NO,ዘርዓ ቡሩክ ኢትዮዽያዊ (አቡነ ዘርዓ ቡሩክ ኢትዮዽያዊ (እረፍታቸው)); ሰባቱ ደቂቅ ቅዱሳን (ሰባቱ ደቂቅ ቅዱሳን (ከኤፌሶን)); ቃሮስና ሰሚኖስ (ቅዱሳን ቃሮስና ሰሚኖስ),In Sinksar NO አቡነ ዘርዐ ቡሩክ on 5/13 but App DB has 5/13 - which correct? REMOVE 5/13?
GZ-GDL-005,ገድለ አቡነ አበክረዙን በግእዝ,አቡነ አበክረዙን,11,3,1,ANNUAL,NO,ቄርሎስ ሊቅ (ቅዱስ ቄርሎስ ሊቅ (ዓምደ ሃይማኖት)); ክልስቲያኖስ ዘሮሜ (ቅዱስ ክልስቲያኖስ ዘሮሜ (ታላቅ ጻድቅ ሊቀ ዻዻ); ሉቅያስ ኤዺስ ቆዾስ (አባ ሉቅያስ ኤዺስ ቆዾስ),In Sinksar NO አቡነ አበክረዙን on 11/3 but App DB has 11/3 - which correct? REMOVE 11/3?
GZ-GDL-012,ገድለ ቅዱስ ቈጵርያኖስ ወቅድስት ኢዩስጣ በግእዝ,ቅዱስ ቈጵርያኖስ ወቅድስት ኢዩስጣ,1,21,1,ANNUAL,NO,"ግሼን ደብረ ከርቤ (ቅድስት ግሼን ደብረ ከርቤ); ብዙኃን ማርያም (ብዙኃን ማርያም); ""፫፲፰ቱ"" ቅዱሳን ሊቃውንት (""፫፲፰ቱ"" ቅዱሳን ሊቃውንት)",In Sinksar NO ቅዱስ ቈጵርያኖስ ወቅድስት ኢዩስጣ on 1/21 but App DB has 1/21 - which correct? REMOVE 1/21?
GZ-GDL-013,ገድለ ዘርዐ አብርሃም በግእዝ,አብርሃም,4,24,1,ANNUAL,NO,ተክለ ሃይማኖት (ቅዱስ አቡነ ተክለ ሃይማኖት); ጸጋ ዘአብና እግዚእ ኃረያ (ቅዱሳን ጸጋ ዘአብና እግዚእ ኃረያ); አግናጥዮስ (ቅዱስ አግናጥዮስ ሐዋርያ),In Sinksar NO አብርሃም on 4/24 but App DB has 4/24 - which correct? REMOVE 4/24?
GZ-GDL-016,ገድለ አቡነ ኪሮስ በግእዝ,አቡነ ኪሮስ,11,8,1,ANNUAL+MONTHLY,NO,ኪሮስ ጻድቅ (አቡነ ኪሮስ ጻድቅ (አረጋዊና ገዳማዊ)); ብሶይ ጻድቅ (አባ ብሶይ ጻድቅ (ኮከበ ገዳም)); ሚሳኤል ነዳይ (አባ ሚሳኤል ነዳይ (ጻድቅ)),In Sinksar NO አቡነ ኪሮስ on 11/8 but App DB has 11/8 - which correct? REMOVE 11/8?
GZ-GDL-019,ገድለ ቅድስት ክርስቶስ ሠምራ በግእዝ,ቅድስት ክርስቶስ ሠምራ,9,12,1,ANNUAL,NO,ዮሐንስ አፈ ወርቅ (ቅዱስ ዮሐንስ አፈ ወርቅ (የዓለም ሁሉ መምሕር)); ሚካኤል ሊቀ መላዕክት (ቅዱስ ሚካኤል ሊቀ መላዕክት); ቴዎድሮስ ምሥራቃዊ (ቅዱስ ቴዎድሮስ ምሥራቃዊ (ሰማዕት)),In Sinksar NO ቅድስት ክርስቶስ ሠምራ on 9/12 but App DB has 9/12 - which correct? REMOVE 9/12?
GZ-GDL-021,ድርሳን ወገድል ዘቅዱስ ያሬድ በግእዝ,ቅዩስ ያሬድ ማኅሌታይ,3,11,1,ANNUAL+MONTHLY,NO,ሐና ቡርክት (ቅድስት ሐና ቡርክት); አርኬላዎስ (ቅዱስ አርኬላዎስ ሰማዕት); ኤልሳዕ አበ ምኔት (አባ ኤልሳዕ አበ ምኔት),In Sinksar NO ቅዩስ ያሬድ ማኅሌታይ on 3/11 but App DB has 3/11 - which correct? REMOVE 3/11?
GZ-GDL-026,ገድለ ቅዱሳን አባዲር ወኢራኢ በግእዝ,ቅዱስ አባዲር ወኢራኢ,1,28,1,ANNUAL,NO,ኢራኢ እህቱ (ቅድስት ኢራኢ እህቱ); ሶስና እናታችን (ቅድስት ሶስና እናታችን); ሉቃስ መነኰስ (ቅዱስ ሉቃስ መነኰስ),In Sinksar NO ቅዱስ አባዲር ወኢራኢ on 1/28 but App DB has 1/28 - which correct? REMOVE 1/28?
GZ-MEL-001,ሐዲስ መልክዐ መድኃኔዓለም በግእዝ,መድኃኔ ዓለም,3,27,1,ANNUAL+MONTHLY,NO,ያዕቆብ ዘግሙድ (ቅዱስ ያዕቆብ ዘግሙድ); ተክለ ሐዋርያት (አቡነ ተክለ ሐዋርያት ጻድቅ); ቀሌምንጦስ (ቅዱስ ቀሌምንጦስ ሰማዕት),In Sinksar NO መድኃኔ ዓለም on 3/27 but App DB has 3/27 - which correct? REMOVE 3/27?
GZ-MEL-001,ሐዲስ መልክዐ መድኃኔዓለም በግእዝ,መድኃኔ ዓለም,7,27,1,ANNUAL+MONTHLY,NO,ቅዱሳት አንስት (ቅዱሳት አንስት (ከእግረ መስቀሉ ያልተለዩ)); 500' ቅዱሳን ባልንጀሮች (500' ቅዱሳን ባልንጀሮች (በጌታ ስቅለት ጊዜ ); ዮሴፍና ኒቆዲሞስ (ቅዱሳን ዮሴፍና ኒቆዲሞስ),In Sinksar NO መድኃኔ ዓለም on 7/27 but App DB has 7/27 - which correct? REMOVE 7/27?
GZ-MEL-007,መልክዐ ሊቀ መላእክት ቅዱስ ራጉኤል በግእዝ,ቅዱስ ራጉኤል,13,6,1,ANNUAL,NO,,In Sinksar NO ቅዱስ ራጉኤል on 13/6 but App DB has 13/6 - which correct? REMOVE 13/6?
GZ-MEL-009,መልክዐ ሊቀ መላእክት ቅዱስ በግእዝ,ቅዱስ ሚካኤል ሊቀ መላእክት,5,12,1,ANNUAL+MONTHLY,NO,ቃና ዘገሊላ (ቃና ዘገሊላ); ያዕቆብ እሥራኤል (ቅዱስ ያዕቆብ እሥራኤል); ቴዎድሮስ በናድሌዎስ (ቅዱስ ቴዎድሮስ በናድሌዎስ),In Sinksar NO ቅዱስ ሚካኤል ሊቀ መላእክት on 5/12 but App DB has 5/12 - which correct? REMOVE 5/12?
GZ-MEL-019,መልክዐ ላሊበላ በግዕዝ,ቅዱስ ላሊበላ,4,29,1,ANNUAL,NO,ልደተ ክርስቶስ ስቡሕ (ልደተ ክርስቶስ ስቡሕ); ኢያሱ ነቢይ (ቅዱስ ኢያሱ ነቢይ (ልደቱ)); ገብረ መንፈስ ቅዱስ (አቡነ ገብረ መንፈስ ቅዱስ (ልደታቸው)),In Sinksar NO ቅዱስ ላሊበላ on 4/29 but App DB has 4/29 - which correct? REMOVE 4/29?
GZ-MEL-019,መልክዐ ላሊበላ በግዕዝ,ቅዱስ ላሊበላ,7,29,1,ANNUAL,NO,ጥንተ ዕለተ ፍጥረት (ጥንተ ዕለተ ፍጥረት (ዓለም የተፈጠረችበት)); በዓለ ትስብእት (በዓለ ትስብእት (የጌታችን ጽንሰቱ)); ጥንተ በዓለ ትንሳኤ (ጥንተ በዓለ ትንሳኤ),In Sinksar NO ቅዱስ ላሊበላ on 7/29 but App DB has 7/29 - which correct? REMOVE 7/29?
GZ-MEL-020,መልክዐ ልደታ በግእዝ,ልደታ ለማርያም,9,1,1,ANNUAL+MONTHLY,NO,ድንግል ማርያም (እመቤታችን ቅድስት ድንግል ማርያም (ልደታ)); ኢያቄም ወሐና (ቅዱሳን ኢያቄም ወሐና); ቴክታና በጥሪቃ (ቴክታና በጥሪቃ),In Sinksar NO ልደታ ለማርያም on 9/1 but App DB has 9/1 - which correct? REMOVE 9/1?
GZ-MEL-021,መልክዐ ሐራ ድንግል በግእዝ,ሐራድንግል,5,11,1,ANNUAL+MONTHLY,NO,በዓለ ኤዺፋንያ (በዓለ ኤዺፋንያ); ዮሐንስ መጥምቅ (ቅዱስ ዮሐንስ መጥምቅ); ሐራ ድንግል (አቡነ ሐራ ድንግል ጻድቅ),In Sinksar NO ሐራድንግል on 5/11 but App DB has 5/11 - which correct? REMOVE 5/11?
GZ-MEL-021,መልክዐ ሐራ ድንግል በግእዝ,ሐራድንግል,9,11,1,ANNUAL+MONTHLY,NO,ያሬድ ካህን ወማኅሌታይ (ቅዱስ ያሬድ ካህን ወማኅሌታይ); ሐራ ድንግል (አቡነ ሐራ ድንግል ጻድቅ); ክርስቲናና ይስሐቅ (ክርስቲናና ይስሐቅ (የቅዱስ ያሬድ ወላጆች)),In Sinksar NO ሐራድንግል on 9/11 but App DB has 9/11 - which correct? REMOVE 9/11?
GZ-MEL-022,መልክዐ ሐና በግእዝ,ሐና,1,7,1,ANNUAL,NO,እናታችን ቅድስት ኤልሳቤጥ (እናታችን ቅድስት ኤልሳቤጥ); ዲዮስቆሮስ ሊቅ (ቅዱስ ዲዮስቆሮስ ሊቅ (የተዋሕዶ ሃይማኖት አባት); ታላቁ ቅዱስ ሳዊርያኖስ (ታላቁ ቅዱስ ሳዊርያኖስ),In Sinksar NO ሐና on 1/7 but App DB has 1/7 - which correct? REMOVE 1/7?
GZ-MEL-022,መልክዐ ሐና በግእዝ,ሐና,8,7,1,ANNUAL,NO,ሥሉስ ቅዱስ (ሥሉስ ቅዱስ (አብ ወወልድ ወመንፈስ ቅዱስ)); ጊዮርጊስ ዘጋስጫ (አባ ጊዮርጊስ ዘጋስጫ); ዳንኤል ዘገዳመ ሲሐት (አባ ዳንኤል ዘገዳመ ሲሐት),In Sinksar NO ሐና on 8/7 but App DB has 8/7 - which correct? REMOVE 8/7?
GZ-MEL-025,መልክዐ ሕፃን ሞዐ በግእዝ,ኢየሱስሞዐ,11,25,1,ANNUAL,NO,መርቆሬዎስ ሰማዕት (ቅዱስ መርቆሬዎስ ሰማዕት (ቅዳሴ ቤቱ)); ኄኖክ ነቢይ (ቅዱስ ኄኖክ ነቢይ (ዕርገቱ)); ቴክላ ሐዋርያዊት (ቅድስት ቴክላ ሐዋርያዊት),In Sinksar NO ኢየሱስሞዐ on 11/25 but App DB has 11/25 - which correct? REMOVE 11/25?
GZ-MEL-026,መልክዐ መቃርዮስ በግእዝ,ቅዱስ መቃርዮስ,5,8,1,ANNUAL,NO,ታላቁ ቅዱስ መቃርስ (ታላቁ ቅዱስ መቃርስ); እንድራኒቆስ ሊቀ ዻዻሳት (አባ እንድራኒቆስ ሊቀ ዻዻሳት); ብንያሚን ሊቀ ዻዻሳት (አባ ብንያሚን ሊቀ ዻዻሳት),In Sinksar NO ቅዱስ መቃርዮስ on 5/8 but App DB has 5/8 - which correct? REMOVE 5/8?
GZ-MEL-026,መልክዐ መቃርዮስ በግእዝ,ቅዱስ መቃርዮስ,7,27,1,ANNUAL+MONTHLY,NO,ቅዱሳት አንስት (ቅዱሳት አንስት (ከእግረ መስቀሉ ያልተለዩ)); 500' ቅዱሳን ባልንጀሮች (500' ቅዱሳን ባልንጀሮች (በጌታ ስቅለት ጊዜ ); ዮሴፍና ኒቆዲሞስ (ቅዱሳን ዮሴፍና ኒቆዲሞስ),In Sinksar NO ቅዱስ መቃርዮስ on 7/27 but App DB has 7/27 - which correct? REMOVE 7/27?
GZ-MEL-026,መልክዐ መቃርዮስ በግእዝ,ቅዱስ መቃርዮስ,11,14,1,ANNUAL,NO,አብሮኮሮንዮስ (ቅዱስ አብሮኮሮንዮስ ሰማዕት); ክርስቶፎሮስና ቴዎዳስያ (ቅዱሳን ክርስቶፎሮስና ቴዎዳስያ (ወላጆቹ)); ታላቁ ቅዱስ መቃርስ (ታላቁ ቅዱስ መቃርስ (የመነኮሳት አለቃ)),In Sinksar NO ቅዱስ መቃርዮስ on 11/14 but App DB has 11/14 - which correct? REMOVE 11/14?
GZ-MEL-026,መልክዐ መቃርዮስ በግእዝ,ቅዱስ መቃርዮስ,12,19,1,ANNUAL,NO,ተዝካረ ፍልሠታ ለማርያም ድንግል (ተዝካረ ፍልሠታ ለማርያም ድንግል (፬ኛ ቀን)); ታላቁ ቅዱስ መቃርስ (ታላቁ ቅዱስ መቃርስ (ፍልሠቱ)); አባታችን ቅዱስ አብርሃም (አባታችን ቅዱስ አብርሃም (ጣዖቱን የሰበረበት)),In Sinksar NO ቅዱስ መቃርዮስ on 12/19 but App DB has 12/19 - which correct? REMOVE 12/19?
GZ-MEL-027,መልክዐ መድኀኔ ዓለም ሣልስ በግዕዝ,መድኃኔ ዓለም,3,27,1,ANNUAL+MONTHLY,NO,ያዕቆብ ዘግሙድ (ቅዱስ ያዕቆብ ዘግሙድ); ተክለ ሐዋርያት (አቡነ ተክለ ሐዋርያት ጻድቅ); ቀሌምንጦስ (ቅዱስ ቀሌምንጦስ ሰማዕት),In Sinksar NO መድኃኔ ዓለም on 3/27 but App DB has 3/27 - which correct? REMOVE 3/27?
GZ-MEL-027,መልክዐ መድኀኔ ዓለም ሣልስ በግዕዝ,መድኃኔ ዓለም,7,27,1,ANNUAL+MONTHLY,NO,ቅዱሳት አንስት (ቅዱሳት አንስት (ከእግረ መስቀሉ ያልተለዩ)); 500' ቅዱሳን ባልንጀሮች (500' ቅዱሳን ባልንጀሮች (በጌታ ስቅለት ጊዜ ); ዮሴፍና ኒቆዲሞስ (ቅዱሳን ዮሴፍና ኒቆዲሞስ),In Sinksar NO መድኃኔ ዓለም on 7/27 but App DB has 7/27 - which correct? REMOVE 7/27?
GZ-MEL-028,መልክዐ መድኃኔ ዓለም በግእዝ,መድኃኔ ዓለም,3,27,1,ANNUAL+MONTHLY,NO,ያዕቆብ ዘግሙድ (ቅዱስ ያዕቆብ ዘግሙድ); ተክለ ሐዋርያት (አቡነ ተክለ ሐዋርያት ጻድቅ); ቀሌምንጦስ (ቅዱስ ቀሌምንጦስ ሰማዕት),In Sinksar NO መድኃኔ ዓለም on 3/27 but App DB has 3/27 - which correct? REMOVE 3/27?
GZ-MEL-028,መልክዐ መድኃኔ ዓለም በግእዝ,መድኃኔ ዓለም,7,27,1,ANNUAL+MONTHLY,NO,ቅዱሳት አንስት (ቅዱሳት አንስት (ከእግረ መስቀሉ ያልተለዩ)); 500' ቅዱሳን ባልንጀሮች (500' ቅዱሳን ባልንጀሮች (በጌታ ስቅለት ጊዜ ); ዮሴፍና ኒቆዲሞስ (ቅዱሳን ዮሴፍና ኒቆዲሞስ),In Sinksar NO መድኃኔ ዓለም on 7/27 but App DB has 7/27 - which correct? REMOVE 7/27?
GZ-MEL-030,መልክዐ ማርቆስ በግእዝ,ቅዱስ ማርቆስ ወንጌላዊ,2,30,1,ANNUAL+MONTHLY,NO,አርስጥቦሎስ (ቅዱስ አርስጥቦሎስ (አባቱ)); ዮሐንስ መጥምቀ መለኮት (ቅዱስ ዮሐንስ መጥምቀ መለኮት); አብርሃም ገዳማዊ (አባ አብርሃም ገዳማዊ),In Sinksar NO ቅዱስ ማርቆስ ወንጌላዊ on 2/30 but App DB has 2/30 - which correct? REMOVE 2/30?
GZ-MEL-030,መልክዐ ማርቆስ በግእዝ,ቅዱስ ማርቆስ ወንጌላዊ,8,30,1,ANNUAL+MONTHLY,NO,አርስጥቦሎስ (ቅዱስ አርስጥቦሎስ (አባቱ)); ዮሐንስ መጥምቀ መለኮት (ቅዱስ ዮሐንስ መጥምቀ መለኮት); ሣሉሲ ክቡር (አባ ሣሉሲ ክቡር),In Sinksar NO ቅዱስ ማርቆስ ወንጌላዊ on 8/30 but App DB has 8/30 - which correct? REMOVE 8/30?
GZ-MEL-033,መልክዐ ሠለስቱ ምዕት በግእዝ,ሠለስቱ ምዕት,3,9,1,ANNUAL,NO,፫፲፰ቱ ሊቃውንት (ቅዱሳን ፫፲፰ቱ ሊቃውንት); እለእስክንድሮስ ሊቅ (ቅዱስ እለእስክንድሮስ ሊቅ); አትናቴዎስ ሐዋርያዊ (ቅዱስ አትናቴዎስ ሐዋርያዊ),In Sinksar NO ሠለስቱ ምዕት on 3/9 but App DB has 3/9 - which correct? REMOVE 3/9?
GZ-MEL-037,መልክዐ ሥዕል ካልእ በግእዝ,መልክዐ ሥዕል,1,26,1,ANNUAL,NO,ድንግል ማርያም (ቅድስት ድንግል ማርያም); ዮሴፍ አረጋዊ (ቅዱስ ዮሴፍ አረጋዊ); ዮሐንስ መጥምቅ (ቅዱስ ዮሐንስ መጥምቅ (ጽንሰቱ)),In Sinksar NO መልክዐ ሥዕል on 1/26 but App DB has 1/26 - which correct? REMOVE 1/26?
GZ-MEL-037,መልክዐ ሥዕል ካልእ በግእዝ,መልክዐ ሥዕል,3,5,1,ANNUAL,NO,ታላቁ ቅዱስ ዮሐኒ (ታላቁ ቅዱስ ዮሐኒ (ዘትግራይ)); አሞኒ ዘናሕሶ (አባ አሞኒ ዘናሕሶ); ቴዎድሮስ ሊቀ ሠራዊት (ቅዱስ ቴዎድሮስ ሊቀ ሠራዊት),In Sinksar NO መልክዐ ሥዕል on 3/5 but App DB has 3/5 - which correct? REMOVE 3/5?
GZ-MEL-041,መልክዐ ሰማዕት ቅዱስ ፋሲለደስ በግእዝ,ቅዱስ ፋሲለደስ,1,11,1,ANNUAL+MONTHLY,NO,ታኦድራ እናታችን (ቅድስት ታኦድራ እናታችን); ቆርኔሌዎስ ሐዋርያዊ (ሐዋ (ቅዱስ ቆርኔሌዎስ ሐዋርያዊ (ሐዋ); ፲ን ያንብቡ) (፲ን ያንብቡ)),In Sinksar NO ቅዱስ ፋሲለደስ on 1/11 but App DB has 1/11 - which correct? REMOVE 1/11?
GZ-MEL-045,መልክዐ ቁስቋም በግእዝ,ቁስቋም,3,6,1,ANNUAL+MONTHLY,NO,ደብረ ቁስቁዋም (ቅድስት ደብረ ቁስቁዋም (ሚጠታ ለማርያም )); ዮሴፍ አረጋዊ (ቅዱስ ዮሴፍ አረጋዊ); ሰሎሜ ቡርክት (ቅድስት ሰሎሜ ቡርክት),In Sinksar NO ቁስቋም on 3/6 but App DB has 3/6 - which correct? REMOVE 3/6?
GZ-MEL-047,መልክዐ ቅዱሳን ሠለስቱ ደቂቅ በግእዝ,ሠለስቱ ደቂቅ,4,19,1,ANNUAL,NO,ገብርኤል ሊቀ መላእክት (ቅዱስ ገብርኤል ሊቀ መላእክት); ዮሐንስ ዘቡርልስ (ቅዱስ ዮሐንስ ዘቡርልስ); ስነ ኢየሱስ (አቡነ ስነ ኢየሱስ ጻድቅ),In Sinksar NO ሠለስቱ ደቂቅ on 4/19 but App DB has 4/19 - which correct? REMOVE 4/19?
GZ-MEL-048,መልክዐ ቅዱሳን ዘመጠራ በግእዝ,ቅዱሳን ዘመጠራ,2,19,1,ANNUAL,NO,ይምርሐነ ክርስቶስ (ቅዱስ ይምርሐነ ክርስቶስ (ጻድቅ ንጉሠ ኢትዮዽያ); ዮሐንስ ዘጸይለም (ቅዱስ ዮሐንስ ዘጸይለም); ስምዖን ገዳማዊ (አባ ስምዖን ገዳማዊ),In Sinksar NO ቅዱሳን ዘመጠራ on 2/19 but App DB has 2/19 - which correct? REMOVE 2/19?
GZ-MEL-050,መልክዐ ቅዱስ መስቀል ሣልስ በግእዝ,መስቀል,3,8,1,ANNUAL,NO,፬ቱ እንስሳ (ቅዱሳን ፬ቱ እንስሳ (ኪሩቤል)); አፍኒን ሊቀ መላእክት (ቅዱስ አፍኒን ሊቀ መላእክት); ቆስጠንጢኖስ ንጉሥ (ቅዱስ ቆስጠንጢኖስ ንጉሥ (ዘምስለ ቅዱስ መስቀል),In Sinksar NO መስቀል on 3/8 but App DB has 3/8 - which correct? REMOVE 3/8?
GZ-MEL-051,መልክዐ ቅዱስ መስቀል በግእዝ,መስቀል,3,8,1,ANNUAL,NO,፬ቱ እንስሳ (ቅዱሳን ፬ቱ እንስሳ (ኪሩቤል)); አፍኒን ሊቀ መላእክት (ቅዱስ አፍኒን ሊቀ መላእክት); ቆስጠንጢኖስ ንጉሥ (ቅዱስ ቆስጠንጢኖስ ንጉሥ (ዘምስለ ቅዱስ መስቀል),In Sinksar NO መስቀል on 3/8 but App DB has 3/8 - which correct? REMOVE 3/8?
GZ-MEL-052,መልክዐ ቅዱስ ሚናስ በግእዝ,ቅዱስ ሚናስ ሰማዕት,3,15,1,ANNUAL+MONTHLY,NO,በዓተ ጾመ ነቢያት (በዓተ ጾመ ነቢያት); ልደተ ቅዱስ ቂርቆስ (ልደተ ቅዱስ ቂርቆስ); ብጽዕት ኢየሉጣ (ብጽዕት ኢየሉጣ),In Sinksar NO ቅዱስ ሚናስ ሰማዕት on 3/15 but App DB has 3/15 - which correct? REMOVE 3/15?
GZ-MEL-053,መልክዐ ቅዱስ ማርቆስ ካልእ በግእዝ,ቅዱስ ማርቆስ ወንጌላዊ,2,30,1,ANNUAL+MONTHLY,NO,አርስጥቦሎስ (ቅዱስ አርስጥቦሎስ (አባቱ)); ዮሐንስ መጥምቀ መለኮት (ቅዱስ ዮሐንስ መጥምቀ መለኮት); አብርሃም ገዳማዊ (አባ አብርሃም ገዳማዊ),In Sinksar NO ቅዱስ ማርቆስ ወንጌላዊ on 2/30 but App DB has 2/30 - which correct? REMOVE 2/30?
GZ-MEL-053,መልክዐ ቅዱስ ማርቆስ ካልእ በግእዝ,ቅዱስ ማርቆስ ወንጌላዊ,8,30,1,ANNUAL+MONTHLY,NO,አርስጥቦሎስ (ቅዱስ አርስጥቦሎስ (አባቱ)); ዮሐንስ መጥምቀ መለኮት (ቅዱስ ዮሐንስ መጥምቀ መለኮት); ሣሉሲ ክቡር (አባ ሣሉሲ ክቡር),In Sinksar NO ቅዱስ ማርቆስ ወንጌላዊ on 8/30 but App DB has 8/30 - which correct? REMOVE 8/30?
GZ-MEL-056,መልክዐ ቅዱስ አባዲር በግእዝ,ቅዱስ አባዲር,1,28,1,ANNUAL,NO,ኢራኢ እህቱ (ቅድስት ኢራኢ እህቱ); ሶስና እናታችን (ቅድስት ሶስና እናታችን); ሉቃስ መነኰስ (ቅዱስ ሉቃስ መነኰስ),In Sinksar NO ቅዱስ አባዲር on 1/28 but App DB has 1/28 - which correct? REMOVE 1/28?
GZ-MEL-057,መልክዐ ቅዱስ አቦሊ በግእዝ,ቅዱስ አቦሊ ሰማዕት,12,1,1,ANNUAL+MONTHLY,NO,በአተ ጾመ ፍልሠታ (በአተ ጾመ ፍልሠታ); አበው ሐዋርያት ዮሴፍና ኒቆዲሞስ (አበው ሐዋርያት ዮሴፍና ኒቆዲሞስ); ታላቁ ቅዱስ ዸላሞን ገዳማዊ (ታላቁ ቅዱስ ዸላሞን ገዳማዊ),In Sinksar NO ቅዱስ አቦሊ ሰማዕት on 12/1 but App DB has 12/1 - which correct? REMOVE 12/1?
GZ-MEL-064,መልክዐ ቅዱስ ዳዊት በግእዝ,ቅዱስ ዳዊት ንጉሥ,4,23,1,ANNUAL+MONTHLY,NO,ዳዊት ልበ አምላክ (ቅዱስ ዳዊት ልበ አምላክ); ጢሞቴዎስ ገዳማዊ (አባ ጢሞቴዎስ ገዳማዊ); ጊዮርጊስ ሊቀ ሰማዕታት (ቅዱስ ጊዮርጊስ ሊቀ ሰማዕታት),In Sinksar NO ቅዱስ ዳዊት ንጉሥ on 4/23 but App DB has 4/23 - which correct? REMOVE 4/23?
GZ-MEL-064,መልክዐ ቅዱስ ዳዊት በግእዝ,ቅዱስ ዳዊት ንጉሥ,8,6,1,ANNUAL,NO,አዳምና ሔዋን (ቅዱሳን አዳምና ሔዋን (የዕረፍታቸው መታሠቢያ)); ልበ አምላክ ቅዱስ ዳዊት (ልበ አምላክ ቅዱስ ዳዊት (ልደቱ)); አባታችን ቅዱስ ኖኅ (አባታችን ቅዱስ ኖኅ (ልደቱ)),In Sinksar NO ቅዱስ ዳዊት ንጉሥ on 8/6 but App DB has 8/6 - which correct? REMOVE 8/6?
GZ-MEL-068,መልክዐ ተክለ ሃይማኖት በግእዝ,አቡነ ተክለ ሃይማኖት,9,12,1,ANNUAL,NO,ዮሐንስ አፈ ወርቅ (ቅዱስ ዮሐንስ አፈ ወርቅ (የዓለም ሁሉ መምሕር)); ሚካኤል ሊቀ መላዕክት (ቅዱስ ሚካኤል ሊቀ መላዕክት); ቴዎድሮስ ምሥራቃዊ (ቅዱስ ቴዎድሮስ ምሥራቃዊ (ሰማዕት)),In Sinksar NO አቡነ ተክለ ሃይማኖት on 9/12 but App DB has 9/12 - which correct? REMOVE 9/12?
GZ-MEL-069,መልክዐ ተክለ ሃይማኖት ካልእ በግእዝ,አቡነ ተክለ ሃይማኖት,9,12,1,ANNUAL,NO,ዮሐንስ አፈ ወርቅ (ቅዱስ ዮሐንስ አፈ ወርቅ (የዓለም ሁሉ መምሕር)); ሚካኤል ሊቀ መላዕክት (ቅዱስ ሚካኤል ሊቀ መላዕክት); ቴዎድሮስ ምሥራቃዊ (ቅዱስ ቴዎድሮስ ምሥራቃዊ (ሰማዕት)),In Sinksar NO አቡነ ተክለ ሃይማኖት on 9/12 but App DB has 9/12 - which correct? REMOVE 9/12?
GZ-MEL-070,መልክዐ ተክለ ማርያም ዘይሰመይ መብዓ ጽዮን በግእዝ,አቡነ ተክለ ማርያም ዘይሰመይ መብዓ ጽዮን,12,13,1,ANNUAL,NO,ደብረ ታቦር / ደብረ ምሥጢር / ደብረ በረከት (ደብረ ታቦር / ደብረ ምሥጢር / ደብረ በረከት); ሙሴ ሊቀ ነቢያት (ቅዱስ ሙሴ ሊቀ ነቢያት (ልደቱ)); አበው ሐዋርያት (ቅዱሳን አበው ሐዋርያት),In Sinksar NO አቡነ ተክለ ማርያም ዘይሰመይ መብዓ ጽዮን on 12/13 but App DB has 12/13 - which correct? REMOVE 12/13?
GZ-MEL-071,መልክዐ ነአኵቶ ለአብ በግእዝ,ነአኵቶለአብ,3,1,1,ANNUAL,NO,ነአኩቶ ለአብ ጻድቅ (ቅዱስ ነአኩቶ ለአብ ጻድቅ (ንጉሠ ኢትዮዽያ)); መክሲሞስና ባልንጀሮቹ (ቅዱሳን መክሲሞስና ባልንጀሮቹ (ሰማዕታት)); ልደታ ለማርያም ድንግል እግዝእትነ (ልደታ ለማርያም ድንግል እግዝእትነ),In Sinksar NO ነአኵቶለአብ on 3/1 but App DB has 3/1 - which correct? REMOVE 3/1?
GZ-MEL-071,መልክዐ ነአኵቶ ለአብ በግእዝ,ነአኵቶለአብ,3,3,1,ANNUAL,NO,መድኃኒነ እግዚእ ጻድቅ (አቡነ መድኃኒነ እግዚእ ጻድቅ (ዘደብረ በንኮል)); ዓምደ ሚካኤል ጻድቅ (ቅዱስ ዓምደ ሚካኤል ጻድቅ (የሠራዊት አለቃ)); ኪርያቆስ ሊቅ (ቅዱስ ኪርያቆስ ሊቅ),In Sinksar NO ነአኵቶለአብ on 3/3 but App DB has 3/3 - which correct? REMOVE 3/3?
GZ-MEL-073,መልክዐ አረጋዊ በግእዝ,አቡነ አረጋዊ,2,14,1,ANNUAL+MONTHLY,NO,ፊልዾስ ሐዋርያ (ቅዱስ ፊልዾስ ሐዋርያ (ከ፸፪ቱ አርድእት)); ገብረ ክርስቶስ መርዓዊ (ቅዱስ ገብረ ክርስቶስ መርዓዊ); ሙሴ መርዓዊ (ቅዱስ ሙሴ መርዓዊ),In Sinksar NO አቡነ አረጋዊ on 2/14 but App DB has 2/14 - which correct? REMOVE 2/14?
GZ-MEL-073,መልክዐ አረጋዊ በግእዝ,አቡነ አረጋዊ,5,14,1,ANNUAL+MONTHLY,NO,"አርከሌድስ (ቅዱስ አባ አርከሌድስ); ""፵፻፴፬""ሰማዕታት (""፵፻፴፬""ሰማዕታት (ማሕበራነ ቅዱስ ቂርቆስ)); ገብረ ክርስቶስ (ቅዱስ ገብረ ክርስቶስ (ሙሽራው))",In Sinksar NO አቡነ አረጋዊ on 5/14 but App DB has 5/14 - which correct? REMOVE 5/14?
GZ-MEL-076,መልክዐ አቡነ መርቆሬዎስ ዘደብረ ድማኅ በግእዝ,አቡነ መርቆሬዎስ ዘደብረ ድማኅ,4,16,1,ANNUAL,NO,ጌዴዎን ኃያል (ቅዱስ ጌዴዎን ኃያል); ማርያም እህተ ሙሴ (ማርያም እህተ ሙሴ); ኪዳነ ምሕረት (ኪዳነ ምሕረት (የሰባቱ ኪዳናት ማሕተም)),In Sinksar NO አቡነ መርቆሬዎስ ዘደብረ ድማኅ on 4/16 but App DB has 4/16 - which correct? REMOVE 4/16?
GZ-MEL-079,መልክዐ አቡነ ሙሴ በግእዝ,አቡነ ሙሴ,1,4,1,ANNUAL,NO,ኢያሱ ወልደ ነዌ (ቅዱስ ኢያሱ ወልደ ነዌ (ነቢይና መስፍን)); ዮሐንስ ወንጌላዊ (ቅዱስ ዮሐንስ ወንጌላዊ (ልደቱ)); ዘብዴዎስና ማርያም ባውፍልያ (ቅዱሳን ዘብዴዎስና ማርያም ባውፍልያ),In Sinksar NO አቡነ ሙሴ on 1/4 but App DB has 1/4 - which correct? REMOVE 1/4?
GZ-MEL-080,መልክዐ አቡነ ማቴዎስ ዘደብረ በርበሬ በግእዝ,አቡነ ማቴዎስ ዘደብረ በርበሬ,5,14,1,ANNUAL,NO,"አርከሌድስ (ቅዱስ አባ አርከሌድስ); ""፵፻፴፬""ሰማዕታት (""፵፻፴፬""ሰማዕታት (ማሕበራነ ቅዱስ ቂርቆስ)); ገብረ ክርስቶስ (ቅዱስ ገብረ ክርስቶስ (ሙሽራው))",In Sinksar NO አቡነ ማቴዎስ ዘደብረ በርበሬ on 5/14 but App DB has 5/14 - which correct? REMOVE 5/14?
GZ-MEL-081,መልክዐ አቡነ ማቴዎስ ዘደብረ በርበሬ በግእዝ ካልእ,አቡነ ማቴዎስ ዘደብረ በርበሬ,3,13,1,ANNUAL,NO,"አእላፍ  ነገደ መላእክት (አእላፍ (፱፱ኙ) ነገደ መላእክት); አስከናፍር ሮማዊ (ቅዱስ አስከናፍር ሮማዊ); ""፲፫ቱ"" ግኁሳን አበው (""፲፫ቱ"" ግኁሳን አበው (ሽፍቶች የነበሩ))",In Sinksar NO አቡነ ማቴዎስ ዘደብረ በርበሬ on 3/13 but App DB has 3/13 - which correct? REMOVE 3/13?
GZ-MEL-082,መልክዐ አቡነ ሠምረ ክርስቶስ በግእዝ,ሠምረክርስቶስ,5,20,1,ANNUAL,NO,አክሎግ ቀሲስ (ቅዱስ አክሎግ ቀሲስ (ሰማዕትና ጻድቅ)); መርምሕናም ሰማዕት (ቅዱስ መርምሕናም ሰማዕት (ቅዳሴ ቤቱ)); ዮሐንስ ወንጌሉ ዘወርቅ (ቅዱስ ዮሐንስ ወንጌሉ ዘወርቅ (ቅዳሴ ቤቱ)),In Sinksar NO ሠምረክርስቶስ on 5/20 but App DB has 5/20 - which correct? REMOVE 5/20?
GZ-MEL-083,መልክዐ አቡነ ሰይፈ ሚካኤል በግእዝ,አቡነ ሰይፈ ሚካኤል,2,19,1,ANNUAL,NO,ይምርሐነ ክርስቶስ (ቅዱስ ይምርሐነ ክርስቶስ (ጻድቅ ንጉሠ ኢትዮዽያ); ዮሐንስ ዘጸይለም (ቅዱስ ዮሐንስ ዘጸይለም); ስምዖን ገዳማዊ (አባ ስምዖን ገዳማዊ),In Sinksar NO አቡነ ሰይፈ ሚካኤል on 2/19 but App DB has 2/19 - which correct? REMOVE 2/19?
GZ-MEL-084,መልክዐ አቡነ ሳሙኤል በግእዝ ሣልስ በግእዝ,ሳሙኤልዘዋልድባ,2,29,1,ANNUAL,NO,ሳሙኤል ጻድቅ (አቡነ ሳሙኤል ጻድቅ (ዘደብረ ወገግ)); ጸቃውዐ ድንግል (አባ ጸቃውዐ ድንግል (ዘደብረ ዘኸኝ)); የፈጣሪያችን ኢየሱስ ክርስቶስ ልደት (የፈጣሪያችን ኢየሱስ ክርስቶስ ልደት),In Sinksar NO ሳሙኤልዘዋልድባ on 2/29 but App DB has 2/29 - which correct? REMOVE 2/29?
GZ-MEL-084,መልክዐ አቡነ ሳሙኤል በግእዝ ሣልስ በግእዝ,ሳሙኤልዘዋልድባ,4,12,1,ANNUAL+MONTHLY,NO,ሳሙኤል ዘዋልድባ (አቡነ ሳሙኤል ዘዋልድባ); አንቂጦስ ወፎጢኖስ (ቅዱሳን አንቂጦስ ወፎጢኖስ (ሰማዕታት)); ዮሐንስ ተአማኒ (ቅዱስ ዮሐንስ ተአማኒ),In Sinksar NO ሳሙኤልዘዋልድባ on 4/12 but App DB has 4/12 - which correct? REMOVE 4/12?
GZ-MEL-084,መልክዐ አቡነ ሳሙኤል በግእዝ ሣልስ በግእዝ,ሳሙኤልዘዋልድባ,4,23,1,ANNUAL,NO,ዳዊት ልበ አምላክ (ቅዱስ ዳዊት ልበ አምላክ); ጢሞቴዎስ ገዳማዊ (አባ ጢሞቴዎስ ገዳማዊ); ጊዮርጊስ ሊቀ ሰማዕታት (ቅዱስ ጊዮርጊስ ሊቀ ሰማዕታት),In Sinksar NO ሳሙኤልዘዋልድባ on 4/23 but App DB has 4/23 - which correct? REMOVE 4/23?
GZ-MEL-084,መልክዐ አቡነ ሳሙኤል በግእዝ ሣልስ በግእዝ,ሳሙኤልዘዋልድባ,8,12,1,ANNUAL+MONTHLY,NO,ሳሙኤል ዘቆየጻ (አቡነ ሳሙኤል ዘቆየጻ (ኢትዮዽያዊ)); አቤሜሌክ ኢትዮዽያዊ (ቅዱስ አቤሜሌክ ኢትዮዽያዊ); እለእስክንድሮስ ዘኢየሩሳሌም (ቅዱስ እለእስክንድሮስ ዘኢየሩሳሌም),In Sinksar NO ሳሙኤልዘዋልድባ on 8/12 but App DB has 8/12 - which correct? REMOVE 8/12?
GZ-MEL-087,መልክዐ አቡነ ሴት በግእዝ,ሴት,3,24,1,ANNUAL,NO,"""፳፬ቱ"" ቅዱሳን ካህናተ ሰማይ (""፳፬ቱ"" ቅዱሳን ካህናተ ሰማይ (ሱራፌል)); ""፵፰"" ሰማዕታት (""፵፰"" ሰማዕታት (ማሕበሩ)); ዮሴፍ ዘሃገረ ጻን (አባ ዮሴፍ ዘሃገረ ጻን)",In Sinksar NO ሴት on 3/24 but App DB has 3/24 - which correct? REMOVE 3/24?
GZ-MEL-088,መልክዐ አቡነ ቡሩከ አምላክ ዘደብረ ኮል በግእዝ,ቡሩከአምላክ,12,14,1,ANNUAL,NO,መስቀለ ክርስቶስ (ቅዱስ መስቀለ ክርስቶስ); ጻድቃን ቅዱሳን (ጻድቃን ቅዱሳን (አባ ስምዖንና አባ ዮሐንስ)); ድምጥያና ደቀ መዛሙርቱ (ቅዱስ ድምጥያና ደቀ መዛሙርቱ (ሰማዕታት)),In Sinksar NO ቡሩከአምላክ on 12/14 but App DB has 12/14 - which correct? REMOVE 12/14?
GZ-MEL-089,መልክዐ አቡነ ብፁዓ አምላክ ዘደብረ ምዕዋን ወዘደብረ ኰዳዱ በግእዝ,ብፁዓአምላክ,4,1,1,ANNUAL,NO,ኤልያስ ርዕሰ ነቢያት (ቅዱስ ኤልያስ ርዕሰ ነቢያት); ጴጥሮስ ዘጋዛ (ቅዱስ ጴጥሮስ ዘጋዛ); ናቡቴ ኢይዝራኤላዊ (ናቡቴ ኢይዝራኤላዊ),In Sinksar NO ብፁዓአምላክ on 4/1 but App DB has 4/1 - which correct? REMOVE 4/1?
GZ-MEL-089,መልክዐ አቡነ ብፁዓ አምላክ ዘደብረ ምዕዋን ወዘደብረ ኰዳዱ በግእዝ,ብፁዓአምላክ,9,9,1,ANNUAL,NO,እሌኒ ንግሥት (ቅድስት እሌኒ ንግሥት); በርሱማ ሶርያዊ (አባ በርሱማ ሶርያዊ (ለሶርያ መነኮሳት ኁሉ አባ); እስትንፋሰ ክርስቶስ (አቡነ እስትንፋሰ ክርስቶስ (ኢትዮዽያዊ)),In Sinksar NO ብፁዓአምላክ on 9/9 but App DB has 9/9 - which correct? REMOVE 9/9?
GZ-MEL-090,መልክዐ አቡነ ተንሥአ መድኅን በግእዝ,ተንሥአ መድኅን,5,19,1,ANNUAL,NO,ጻድቁ አቡነ ያፍቅረነ እግዚእ (ጻድቁ አቡነ ያፍቅረነ እግዚእ (አፍቀረነ እግዚእ); ገብርኤል ሊቀ መላዕክት (ቅዱስ ገብርኤል ሊቀ መላዕክት); ዓቢየ እግዚእ ጻድቅ (አባ ዓቢየ እግዚእ ጻድቅ (ታቦታቸው ጎንደር ከተ),In Sinksar NO ተንሥአ መድኅን on 5/19 but App DB has 5/19 - which correct? REMOVE 5/19?
GZ-MEL-092,መልክዐ አቡነ ተክለ ሃይማኖት በግእዝ,አቡነ ተክለ ሃይማኖት,9,12,1,ANNUAL,NO,ዮሐንስ አፈ ወርቅ (ቅዱስ ዮሐንስ አፈ ወርቅ (የዓለም ሁሉ መምሕር)); ሚካኤል ሊቀ መላዕክት (ቅዱስ ሚካኤል ሊቀ መላዕክት); ቴዎድሮስ ምሥራቃዊ (ቅዱስ ቴዎድሮስ ምሥራቃዊ (ሰማዕት)),In Sinksar NO አቡነ ተክለ ሃይማኖት on 9/12 but App DB has 9/12 - which correct? REMOVE 9/12?
GZ-MEL-094,መልክዐ አቡነ ቶማስ ዘዘናቁዴ በግእዝ,አቡነ ቶማስ ዘዘናቁዴ,3,3,1,ANNUAL,NO,መድኃኒነ እግዚእ ጻድቅ (አቡነ መድኃኒነ እግዚእ ጻድቅ (ዘደብረ በንኮል)); ዓምደ ሚካኤል ጻድቅ (ቅዱስ ዓምደ ሚካኤል ጻድቅ (የሠራዊት አለቃ)); ኪርያቆስ ሊቅ (ቅዱስ ኪርያቆስ ሊቅ),In Sinksar NO አቡነ ቶማስ ዘዘናቁዴ on 3/3 but App DB has 3/3 - which correct? REMOVE 3/3?
GZ-MEL-101,መልክዐ አቡነ አፍጼ በግእዝ,አፍጼ,9,29,1,ANNUAL,NO,ስምዖን ገዳማዊ (አባ ስምዖን ገዳማዊ (በ፯ ዓመታቸው መንነው ለ፰); የፈጣሪያችንና ጌታችን ኢየሱስ ክርስቶስ በዓለ ልደት (የፈጣሪያችንና ጌታችን ኢየሱስ ክርስቶስ በዓለ ል); አርሴማ ድንግል (ቅድስት አርሴማ ድንግል),In Sinksar NO አፍጼ on 9/29 but App DB has 9/29 - which correct? REMOVE 9/29?
GZ-MEL-102,መልክዐ አቡነ እንድርያስ ዘደብረ ስኂን (ፅፉን) በግእዝ,አቡነ እንድርያስ ዘደብረ ስኂን (ፅፉን),7,29,1,ANNUAL,NO,ጥንተ ዕለተ ፍጥረት (ጥንተ ዕለተ ፍጥረት (ዓለም የተፈጠረችበት)); በዓለ ትስብእት (በዓለ ትስብእት (የጌታችን ጽንሰቱ)); ጥንተ በዓለ ትንሳኤ (ጥንተ በዓለ ትንሳኤ),In Sinksar NO አቡነ እንድርያስ ዘደብረ ስኂን (ፅፉን) on 7/29 but App DB has 7/29 - which correct? REMOVE 7/29?
GZ-MEL-103,መልክዐ አቡነ እንድርያስ ዘደብረ ጽጌ በግእዝ,አቡነ እንድርያስ ዘደብረ ጽጌ,6,1,1,ANNUAL,NO,ዼጥሮስ ተፍጻሜተ ሰማዕት (ቅዱስ ዼጥሮስ ተፍጻሜተ ሰማዕት (ቅዳሴ ቤቱ)); ታላቁ ቴዎዶስዮስ ጻድቅ (ታላቁ ቴዎዶስዮስ ጻድቅ (ንጉሠ ቍስጥንጥንያ)); ልደታ ለቅድስት ድንግል ማርያም እግዝእትነ (ልደታ ለቅድስት ድንግል ማርያም እግዝእትነ),In Sinksar NO አቡነ እንድርያስ ዘደብረ ጽጌ on 6/1 but App DB has 6/1 - which correct? REMOVE 6/1?
GZ-MEL-104,መልክዐ አቡነ ዕጨጌ ዮሐንስ በግእዝ,ዕጨጌዮሐንስ,11,29,1,ANNUAL,NO,ታዴዎስ ሐዋርያ (ቅዱስ ታዴዎስ ሐዋርያ (ፍልሠቱ)); እጨጌ አባ ዮሐንስ (እጨጌ አባ ዮሐንስ (ዘጐንድ)); የፈጣሪያችንና ጌታችን ኢየሱስ ክርስቶስ በዓለ ልደት (የፈጣሪያችንና ጌታችን ኢየሱስ ክርስቶስ በዓለ ል),In Sinksar NO ዕጨጌዮሐንስ on 11/29 but App DB has 11/29 - which correct? REMOVE 11/29?
GZ-MEL-105,መልክዐ አቡነ ዘርዐ ቡሩክ በግእዝ,አቡነ ዘርዐ ቡሩክ,4,13,1,ANNUAL+MONTHLY,NO,ዘርዓ ቡሩክ (አቡነ ዘርዓ ቡሩክ ጻድቅ); መቃርስ ገዳማዊ (ቅዱስ መቃርስ ገዳማዊ); አብራኮስ ገዳማዊ (አባ አብራኮስ ገዳማዊ),In Sinksar NO አቡነ ዘርዐ ቡሩክ on 4/13 but App DB has 4/13 - which correct? REMOVE 4/13?
GZ-MEL-105,መልክዐ አቡነ ዘርዐ ቡሩክ በግእዝ,አቡነ ዘርዐ ቡሩክ,5,13,1,ANNUAL+MONTHLY,NO,ዘርዓ ቡሩክ ኢትዮዽያዊ (አቡነ ዘርዓ ቡሩክ ኢትዮዽያዊ (እረፍታቸው)); ሰባቱ ደቂቅ ቅዱሳን (ሰባቱ ደቂቅ ቅዱሳን (ከኤፌሶን)); ቃሮስና ሰሚኖስ (ቅዱሳን ቃሮስና ሰሚኖስ),In Sinksar NO አቡነ ዘርዐ ቡሩክ on 5/13 but App DB has 5/13 - which correct? REMOVE 5/13?
GZ-MEL-108,መልክዐ አቡነ ይምአታ በግእዝ,አቡነ ይምአታ,2,28,1,ANNUAL,NO,ይምዓታ ጻድቅ (አባ ይምዓታ ጻድቅ (ከተስዓቱ ቅዱሳን)); መርትያኖስ ወመርቆሬዎስ (ቅዱሳን መርትያኖስ ወመርቆሬዎስ (ሰማዕታት)); አባታችን ያፌት (አባታችን ያፌት (የኖኅ ልጅ)),In Sinksar NO አቡነ ይምአታ on 2/28 but App DB has 2/28 - which correct? REMOVE 2/28?
GZ-MEL-110,መልክዐ አቡነ ዮሐንስ ዘድብረ ዳጋ በግእዝ,አቡነ ዮሐንስ ዘድብረ ዳጋ,12,8,1,ANNUAL,NO,"አልዓዛር ካህን (ቅዱስ አልዓዛር ካህን (ሰማዕት)); ሰሎሜ ሰማዕት (ቅድስት ሰሎሜ ሰማዕት (ሚስቱ)); ""፯ቱ"" ቅዱሳን ሰማዕታት (""፯ቱ"" ቅዱሳን ሰማዕታት (ልጆቹ))",In Sinksar NO አቡነ ዮሐንስ ዘድብረ ዳጋ on 12/8 but App DB has 12/8 - which correct? REMOVE 12/8?
GZ-MEL-112,መልክዐ አቡነ ዮስጢኖስ በግእዝ,ዮስጢኖስ,12,16,1,ANNUAL,NO,ድንግል እግዝእትነ ማርያም (ቅድስት ድንግል እግዝእትነ ማርያም (ፍልሠቷ ትን); ጊዮርጊስ ሊቀ ሰማዕታት (ቅዱስ ጊዮርጊስ ሊቀ ሰማዕታት (ፍልሠቱ)); ጊጋር ሶርያዊ (ቅዱስ ጊጋር ሶርያዊ (ሰማዕት)),In Sinksar NO ዮስጢኖስ on 12/16 but App DB has 12/16 - which correct? REMOVE 12/16?
GZ-MEL-113,መልክዐ አቡነ ዮናስ ዘደብረ ድኁኃን ዘደብረ ጽጌ ወዘደብረ ጽዮን በግእዝ,አቡነ ዮናስ ዘደብረ ድኁኃን,3,17,1,ANNUAL,NO,ዮሐንስ አፈ ወርቅ (ቅዱስ ዮሐንስ አፈ ወርቅ (ፍልሠቱ)); ወለተ ዼጥሮስ ኢትዮዽያዊት (ቅድስት ወለተ ዼጥሮስ ኢትዮዽያዊት); ጻድቃን እለ ወጺፍ (ጻድቃን እለ ወጺፍ),In Sinksar NO አቡነ ዮናስ ዘደብረ ድኁኃን on 3/17 but App DB has 3/17 - which correct? REMOVE 3/17?
GZ-MEL-113,መልክዐ አቡነ ዮናስ ዘደብረ ድኁኃን ዘደብረ ጽጌ ወዘደብረ ጽዮን በግእዝ,አቡነ ዮናስ ዘደብረ ድኁኃን,7,17,1,ANNUAL,NO,ቴዎቅሪጦስ አናጉንስጢስ (ቅዱስ ቴዎቅሪጦስ አናጉንስጢስ (ሰማዕት)); ዮሴፍ ኤዺስ ቆዾስ (ቅዱስ ዮሴፍ ኤዺስ ቆዾስ); ጊዮርጊስ መስተጋድል (ቅዱስ ጊዮርጊስ መስተጋድል),In Sinksar NO አቡነ ዮናስ ዘደብረ ድኁኃን on 7/17 but App DB has 7/17 - which correct? REMOVE 7/17?
GZ-MEL-115,መልክዐ አቡነ ጰንጠሌዎን በግእዝ,አባ ጰንጠሌዎን ጻድቅ,2,6,1,ANNUAL,NO,ዲዮናስዮስ ሐዋርያዊ (ቅዱስ ዲዮናስዮስ ሐዋርያዊ); ዸንጠሌዎን ዘጾማዕት (አባ ዸንጠሌዎን ዘጾማዕት); ዕንባቆም ነቢይ (ዕን (ቅዱስ ዕንባቆም ነቢይ (ዕን),In Sinksar NO አባ ጰንጠሌዎን ጻድቅ on 2/6 but App DB has 2/6 - which correct? REMOVE 2/6?
GZ-MEL-116,መልክዐ አቡነ ጼዋ ለጽድቅ በግእዝ,ጼዋለጽድቅ,3,29,1,ANNUAL,NO,ሰማዕታተ ክርስቶስ (ቅዱሳን ሰማዕታተ ክርስቶስ (ሁሉም)); ዼጥሮስ ተፍጻሜተ (ቅዱስ ዼጥሮስ ተፍጻሜተ ሰማዕት); ቀሌምንጦስ ሐዋርያ (ቅዱስ ቀሌምንጦስ ሐዋርያ (ዘሮም)),In Sinksar NO ጼዋለጽድቅ on 3/29 but App DB has 3/29 - which correct? REMOVE 3/29?
GZ-MEL-122,መልክዐ አባ ኖብ ሰማዕት በግእዝ,አባኖብ,1,18,1,ANNUAL,NO,ኤዎስጣቴዎስ ረባን (አቡነ ኤዎስጣቴዎስ ረባን); አኖሬዎስ ዓቢይ (አቡነ አኖሬዎስ ዓቢይ); ማር ያዕቆብ ግብጻዊ (ማር ያዕቆብ ግብጻዊ),In Sinksar NO አባኖብ on 1/18 but App DB has 1/18 - which correct? REMOVE 1/18?
GZ-MEL-122,መልክዐ አባ ኖብ ሰማዕት በግእዝ,አባኖብ,3,7,1,ANNUAL,NO,ጊዮርጊስ ሊቀ ሰማዕታት (ቅዱስ ጊዮርጊስ ሊቀ ሰማዕታት (ቅዳሴ ቤቱ)); ጊዮርጊስ እስክንድርያዊ (ቅዱስ ጊዮርጊስ እስክንድርያዊ); ዘኖቢስና ዘኖብያ (ቅዱሳን ዘኖቢስና ዘኖብያ (ሰማዕታት)),In Sinksar NO አባኖብ on 3/7 but App DB has 3/7 - which correct? REMOVE 3/7?
GZ-MEL-122,መልክዐ አባ ኖብ ሰማዕት በግእዝ,አባኖብ,6,5,1,ANNUAL,NO,"ዕብሎይ ገዳማዊ (ቅዱስ አባ ዕብሎይ ገዳማዊ); አክርጵዮስ (አባ አክርጵዮስ); ""49"" አረጋውያን ሰማዕታት (""49"" አረጋውያን ሰማዕታት (ፍልሠታቸው))",In Sinksar NO አባኖብ on 6/5 but App DB has 6/5 - which correct? REMOVE 6/5?
GZ-MEL-122,መልክዐ አባ ኖብ ሰማዕት በግእዝ,አባኖብ,7,9,1,ANNUAL,NO,"እንድርያኖስ (ቅዱስ እንድርያኖስ ሰማዕት); አውሳብዮስ (ቅዱስ አውሳብዮስ ሰማዕት); ""፪,000"" ሰማዕታት (""፪,000"" ሰማዕታት (የአባ ኖብ ማሕበር))",In Sinksar NO አባኖብ on 7/9 but App DB has 7/9 - which correct? REMOVE 7/9?
GZ-MEL-122,መልክዐ አባ ኖብ ሰማዕት በግእዝ,አባኖብ,10,19,1,ANNUAL,NO,"ጊዮርጊስ ሐዲስ (ቅዱስ ጊዮርጊስ ሐዲስ ሰማዕት); ብሶይ አኖብ ሰማዕት (አባ ብሶይ አኖብ ሰማዕት (በአንበሳ ጀርባ ላይ ); ""፭ቱ"" ጭፍሮች (ቅዱሳን ""፭ቱ"" ጭፍሮች (በብዙ ስቃይ ሰማዕት የ)",In Sinksar NO አባኖብ on 10/19 but App DB has 10/19 - which correct? REMOVE 10/19?
GZ-MEL-122,መልክዐ አባ ኖብ ሰማዕት በግእዝ,አባኖብ,10,23,1,ANNUAL,NO,ነቢየ ጽድቅ ቅዱስ ሰሎሞን (ነቢየ ጽድቅ ቅዱስ ሰሎሞን (ንጉሠ እሥራኤል)); መርቆሬዎስ ፊልዾስና ቶማስ (ቅዱሳን መርቆሬዎስ ፊልዾስና ቶማስ (ሰማዕታት)); ልበ አምላክ ቅዱስ ዳዊት (ልበ አምላክ ቅዱስ ዳዊት),In Sinksar NO አባኖብ on 10/23 but App DB has 10/23 - which correct? REMOVE 10/23?
GZ-MEL-122,መልክዐ አባ ኖብ ሰማዕት በግእዝ,አባኖብ,11,24,1,ANNUAL,NO,"ዘዮሐንስ ጻድቅ ዘክብራን (አቡነ ዘዮሐንስ ጻድቅ ዘክብራን (ኢትዮዽያዊ)); ""፲፱0,000"" ሰማዕታት (""፲፱0,000"" ሰማዕታት (የአባ ኖብ ማሕበር)); ተክለ አዶናይ ዘደብረ ሊባኖስ (አባ ተክለ አዶናይ ዘደብረ ሊባኖስ)",In Sinksar NO አባኖብ on 11/24 but App DB has 11/24 - which correct? REMOVE 11/24?
GZ-MEL-127,መልክዐ አዳም ወሔዋን በግእዝ,አዳም ወሔዋን,8,6,1,ANNUAL+MONTHLY,NO,አዳምና ሔዋን (ቅዱሳን አዳምና ሔዋን (የዕረፍታቸው መታሠቢያ)); ልበ አምላክ ቅዱስ ዳዊት (ልበ አምላክ ቅዱስ ዳዊት (ልደቱ)); አባታችን ቅዱስ ኖኅ (አባታችን ቅዱስ ኖኅ (ልደቱ)),In Sinksar NO አዳም ወሔዋን on 8/6 but App DB has 8/6 - which correct? REMOVE 8/6?
GZ-MEL-129,መልክዐ ኢትዮጵያ በግዕዝ,መልክዐ ኢትዮጵያ,1,1,1,ANNUAL,NO,ርዕሰ ዓውደ ዓመት (ርዕሰ ዓውደ ዓመት); በርተሎሜዎስ (ቅዱስ በርተሎሜዎስ ሐዋርያ); /ማር/ ሚልኪ (ቅዱስ /ማር/ ሚልኪ (ትሩፈ ምግባር)),In Sinksar NO መልክዐ ኢትዮጵያ on 1/1 but App DB has 1/1 - which correct? REMOVE 1/1?
GZ-MEL-130,መልክዐ ኢየሱስ ሞዐ በግእዝ,ኢየሱስሞዐ,3,26,1,ANNUAL+MONTHLY,NO,ኢየሱስ ሞዐ ዘሐይቅ (አቡነ ኢየሱስ ሞዐ ዘሐይቅ); ሃብተ ማርያም ንጹሕ (አቡነ ሃብተ ማርያም ንጹሕ); ሰማዕታተ ናግራን (ቅዱሳን ሰማዕታተ ናግራን),In Sinksar NO ኢየሱስሞዐ on 3/26 but App DB has 3/26 - which correct? REMOVE 3/26?
GZ-MEL-133,መልክዐ ኢያቄም በግእዝ,ኢያቄም,1,7,1,ANNUAL,NO,እናታችን ቅድስት ኤልሳቤጥ (እናታችን ቅድስት ኤልሳቤጥ); ዲዮስቆሮስ ሊቅ (ቅዱስ ዲዮስቆሮስ ሊቅ (የተዋሕዶ ሃይማኖት አባት); ታላቁ ቅዱስ ሳዊርያኖስ (ታላቁ ቅዱስ ሳዊርያኖስ),In Sinksar NO ኢያቄም on 1/7 but App DB has 1/7 - which correct? REMOVE 1/7?
GZ-MEL-133,መልክዐ ኢያቄም በግእዝ,ኢያቄም,3,11,1,ANNUAL+MONTHLY,NO,ሐና ቡርክት (ቅድስት ሐና ቡርክት); አርኬላዎስ (ቅዱስ አርኬላዎስ ሰማዕት); ኤልሳዕ አበ ምኔት (አባ ኤልሳዕ አበ ምኔት),In Sinksar NO ኢያቄም on 3/11 but App DB has 3/11 - which correct? REMOVE 3/11?
GZ-MEL-133,መልክዐ ኢያቄም በግእዝ,ኢያቄም,4,13,1,ANNUAL,NO,ዘርዓ ቡሩክ (አቡነ ዘርዓ ቡሩክ ጻድቅ); መቃርስ ገዳማዊ (ቅዱስ መቃርስ ገዳማዊ); አብራኮስ ገዳማዊ (አባ አብራኮስ ገዳማዊ),In Sinksar NO ኢያቄም on 4/13 but App DB has 4/13 - which correct? REMOVE 4/13?
GZ-MEL-133,መልክዐ ኢያቄም በግእዝ,ኢያቄም,8,7,1,ANNUAL,NO,ሥሉስ ቅዱስ (ሥሉስ ቅዱስ (አብ ወወልድ ወመንፈስ ቅዱስ)); ጊዮርጊስ ዘጋስጫ (አባ ጊዮርጊስ ዘጋስጫ); ዳንኤል ዘገዳመ ሲሐት (አባ ዳንኤል ዘገዳመ ሲሐት),In Sinksar NO ኢያቄም on 8/7 but App DB has 8/7 - which correct? REMOVE 8/7?
GZ-MEL-138,መልክዐ እንጦንዮስ በግእዝ,አባ እንጦንስ አበ መነኮሳት,5,22,1,ANNUAL,NO,ዑራኤል ሊቀ መላዕክት (ቅዱስ ዑራኤል ሊቀ መላዕክት (ለተጠሙ ጽዋዓ ልቡ); ሚናስ ኤዺስ ቆዾስ (ቅዱስ ሚናስ ኤዺስ ቆዾስ); ሉቃስ ወንጌላዊ (ቅዱስ ሉቃስ ወንጌላዊ),In Sinksar NO አባ እንጦንስ አበ መነኮሳት on 5/22 but App DB has 5/22 - which correct? REMOVE 5/22?
GZ-MEL-143,መልክዐ ክርስቶስ ሠምራ በግእዝ,ቅድስት ክርስቶስ ሠምራ,9,12,1,ANNUAL,NO,ዮሐንስ አፈ ወርቅ (ቅዱስ ዮሐንስ አፈ ወርቅ (የዓለም ሁሉ መምሕር)); ሚካኤል ሊቀ መላዕክት (ቅዱስ ሚካኤል ሊቀ መላዕክት); ቴዎድሮስ ምሥራቃዊ (ቅዱስ ቴዎድሮስ ምሥራቃዊ (ሰማዕት)),In Sinksar NO ቅድስት ክርስቶስ ሠምራ on 9/12 but App DB has 9/12 - which correct? REMOVE 9/12?
GZ-MEL-145,መልክዐ ዓቢየ እግዚእ በግእዝ,ዓቢየእግዚእ,9,19,1,ANNUAL+MONTHLY,NO,ዓቢየ እግዚእ ጻድቅ (አባ ዓቢየ እግዚእ ጻድቅ (ኢትዮዽያዊ)); ዮሴፍ ብርሃነ ዓለም (አቡነ ዮሴፍ ብርሃነ ዓለም (የ፲፪ቱ ሐዋርያት መ); ብስጣውሮስ ዘሐይቅ እስጢፋኖስ (አቡነ ብስጣውሮስ ዘሐይቅ እስጢፋኖስ (ኢትዮዽያዊ),In Sinksar NO ዓቢየእግዚእ on 9/19 but App DB has 9/19 - which correct? REMOVE 9/19?
GZ-MEL-145,መልክዐ ዓቢየ እግዚእ በግእዝ,ዓቢየእግዚእ,12,10,1,ANNUAL,NO,"ዓቢየ እግዚእ ኢትዮዽያዊ (ቅዱስ አባ ዓቢየ እግዚእ ኢትዮዽያዊ (ተአምራትን); ሐርስጥፎሮስ (ቅዱስ ሐርስጥፎሮስ ሰማዕት); ""፴፼"" ሰማዕታት (""፴፼"" ሰማዕታት (የሐርስጥፎሮስ ማሕበር))",In Sinksar NO ዓቢየእግዚእ on 12/10 but App DB has 12/10 - which correct? REMOVE 12/10?
GZ-MEL-145,መልክዐ ዓቢየ እግዚእ በግእዝ,ዓቢየእግዚእ,12,13,1,ANNUAL,NO,ደብረ ታቦር / ደብረ ምሥጢር / ደብረ በረከት (ደብረ ታቦር / ደብረ ምሥጢር / ደብረ በረከት); ሙሴ ሊቀ ነቢያት (ቅዱስ ሙሴ ሊቀ ነቢያት (ልደቱ)); አበው ሐዋርያት (ቅዱሳን አበው ሐዋርያት),In Sinksar NO ዓቢየእግዚእ on 12/13 but App DB has 12/13 - which correct? REMOVE 12/13?
GZ-MEL-146,መልክዐ ያሬድ በግእዝ,ቅዱስ ያሬድ ማኅሌታይ,3,11,1,ANNUAL+MONTHLY,NO,ሐና ቡርክት (ቅድስት ሐና ቡርክት); አርኬላዎስ (ቅዱስ አርኬላዎስ ሰማዕት); ኤልሳዕ አበ ምኔት (አባ ኤልሳዕ አበ ምኔት),In Sinksar NO ቅዱስ ያሬድ ማኅሌታይ on 3/11 but App DB has 3/11 - which correct? REMOVE 3/11?
GZ-MEL-147,መልክዐ ያሬድ ካልዕ በግእዝ,ቅዱስ ያሬው ማኅሌታይ,3,11,1,ANNUAL+MONTHLY,NO,ሐና ቡርክት (ቅድስት ሐና ቡርክት); አርኬላዎስ (ቅዱስ አርኬላዎስ ሰማዕት); ኤልሳዕ አበ ምኔት (አባ ኤልሳዕ አበ ምኔት),In Sinksar NO ቅዱስ ያሬው ማኅሌታይ on 3/11 but App DB has 3/11 - which correct? REMOVE 3/11?
GZ-MEL-160,መልክዐ ጻድቃን ዘባርክናሃ በግእዝ,ጻድቃንዘባርክናሃ,4,29,1,ANNUAL,NO,ልደተ ክርስቶስ ስቡሕ (ልደተ ክርስቶስ ስቡሕ); ኢያሱ ነቢይ (ቅዱስ ኢያሱ ነቢይ (ልደቱ)); ገብረ መንፈስ ቅዱስ (አቡነ ገብረ መንፈስ ቅዱስ (ልደታቸው)),In Sinksar NO ጻድቃንዘባርክናሃ on 4/29 but App DB has 4/29 - which correct? REMOVE 4/29?
GZ-MEL-163,መልክዐ ፍልሰታ በግእዝ,ፍልሰተ ማርያም,12,2,1,ANNUAL,NO,አትናስያ ቡርክት (ቅድስት አትናስያ ቡርክት); ኢዮዸራቅስያ ድንግል (ቅድስት ኢዮዸራቅስያ ድንግል); ዮሐንስ መጥምቀ መለኮት (ቅዱስ ዮሐንስ መጥምቀ መለኮት),In Sinksar NO ፍልሰተ ማርያም on 12/2 but App DB has 12/2 - which correct? REMOVE 12/2?
GZ-MEL-163,መልክዐ ፍልሰታ በግእዝ,ፍልሰተ ማርያም,12,4,1,ANNUAL,NO,ሕዝቅያስ ጻድቅ (ቅዱስ ሕዝቅያስ ጻድቅ (ንጉሠ ይሁዳ)); ማቴዎስ ገዳማዊ (አባ ማቴዎስ ገዳማዊ); ዮሐንስ ወልደ ነጎድጉዋድ (ቅዱስ ዮሐንስ ወልደ ነጎድጉዋድ (ወንጌላዊው)),In Sinksar NO ፍልሰተ ማርያም on 12/4 but App DB has 12/4 - which correct? REMOVE 12/4?
GZ-MEL-163,መልክዐ ፍልሰታ በግእዝ,ፍልሰተ ማርያም,12,5,1,ANNUAL,NO,አብርሃም ገዳማዊ (ቅዱስ አባ አብርሃም ገዳማዊ); ማርያ እህቱ (ቅድስት ማርያ እህቱ); ፊልዾስ ዘደብረ ቢዘን (አባ ፊልዾስ ዘደብረ ቢዘን),In Sinksar NO ፍልሰተ ማርያም on 12/5 but App DB has 12/5 - which correct? REMOVE 12/5?
GZ-MEL-163,መልክዐ ፍልሰታ በግእዝ,ፍልሰተ ማርያም,12,8,1,ANNUAL,NO,"አልዓዛር ካህን (ቅዱስ አልዓዛር ካህን (ሰማዕት)); ሰሎሜ ሰማዕት (ቅድስት ሰሎሜ ሰማዕት (ሚስቱ)); ""፯ቱ"" ቅዱሳን ሰማዕታት (""፯ቱ"" ቅዱሳን ሰማዕታት (ልጆቹ))",In Sinksar NO ፍልሰተ ማርያም on 12/8 but App DB has 12/8 - which correct? REMOVE 12/8?
GZ-MEL-163,መልክዐ ፍልሰታ በግእዝ,ፍልሰተ ማርያም,12,9,1,ANNUAL,NO,ኦሪ ቀሲስ (ቅዱስ አባ ኦሪ ቀሲስ (ሰማዕት)); ዺላጦስ ሊቀ ዻዻሳት (አባ ዺላጦስ ሊቀ ዻዻሳት); በርሱማ ሶርያዊ (አባ በርሱማ ሶርያዊ (ለሶርያ መነኮሳት ኁሉ አባ),In Sinksar NO ፍልሰተ ማርያም on 12/9 but App DB has 12/9 - which correct? REMOVE 12/9?
GZ-MEL-163,መልክዐ ፍልሰታ በግእዝ,ፍልሰተ ማርያም,12,10,1,ANNUAL,NO,"ዓቢየ እግዚእ ኢትዮዽያዊ (ቅዱስ አባ ዓቢየ እግዚእ ኢትዮዽያዊ (ተአምራትን); ሐርስጥፎሮስ (ቅዱስ ሐርስጥፎሮስ ሰማዕት); ""፴፼"" ሰማዕታት (""፴፼"" ሰማዕታት (የሐርስጥፎሮስ ማሕበር))",In Sinksar NO ፍልሰተ ማርያም on 12/10 but App DB has 12/10 - which correct? REMOVE 12/10?
GZ-MEL-163,መልክዐ ፍልሰታ በግእዝ,ፍልሰተ ማርያም,12,11,1,ANNUAL,NO,"አብጥልማዎስ (ቅዱስ አብጥልማዎስ); ""34"" ሰማዕታት (""34"" ሰማዕታት (የቅዱስ ፋሲለደስ ማሕበር)); ያሬድ ካህን (ቅዱስ ያሬድ ካህን)",In Sinksar NO ፍልሰተ ማርያም on 12/11 but App DB has 12/11 - which correct? REMOVE 12/11?
GZ-MEL-163,መልክዐ ፍልሰታ በግእዝ,ፍልሰተ ማርያም,12,12,1,ANNUAL,NO,ታላቁ ቅዱስ ቆስጠንጢኖስ (ታላቁ ቅዱስ ቆስጠንጢኖስ (ጻድቅ ንጉሥ)); ዕፀ መስቀል (ቅዱስ ዕፀ መስቀል); ሚካኤል ሊቀ መላእክት (ቅዱስ ሚካኤል ሊቀ መላእክት),In Sinksar NO ፍልሰተ ማርያም on 12/12 but App DB has 12/12 - which correct? REMOVE 12/12?
GZ-MEL-163,መልክዐ ፍልሰታ በግእዝ,ፍልሰተ ማርያም,12,13,1,ANNUAL,NO,ደብረ ታቦር / ደብረ ምሥጢር / ደብረ በረከት (ደብረ ታቦር / ደብረ ምሥጢር / ደብረ በረከት); ሙሴ ሊቀ ነቢያት (ቅዱስ ሙሴ ሊቀ ነቢያት (ልደቱ)); አበው ሐዋርያት (ቅዱሳን አበው ሐዋርያት),In Sinksar NO ፍልሰተ ማርያም on 12/13 but App DB has 12/13 - which correct? REMOVE 12/13?
GZ-MEL-163,መልክዐ ፍልሰታ በግእዝ,ፍልሰተ ማርያም,12,14,1,ANNUAL,NO,መስቀለ ክርስቶስ (ቅዱስ መስቀለ ክርስቶስ); ጻድቃን ቅዱሳን (ጻድቃን ቅዱሳን (አባ ስምዖንና አባ ዮሐንስ)); ድምጥያና ደቀ መዛሙርቱ (ቅዱስ ድምጥያና ደቀ መዛሙርቱ (ሰማዕታት)),In Sinksar NO ፍልሰተ ማርያም on 12/14 but App DB has 12/14 - which correct? REMOVE 12/14?
GZ-MEL-163,መልክዐ ፍልሰታ በግእዝ,ፍልሰተ ማርያም,12,15,1,ANNUAL,NO,እንባ መሪና ገዳማዊት (ቅድስት እንባ መሪና ገዳማዊት); ለውረንዮስ (ቅዱስ ለውረንዮስ ሰማዕት); ፴፻ ሰማዕታት (፴፻ ሰማዕታት (የቅድስት ክርስቲና ማሕበር)),In Sinksar NO ፍልሰተ ማርያም on 12/15 but App DB has 12/15 - which correct? REMOVE 12/15?
GZ-MIK-001,ምክሐ ምእመናን በግእዝ,ምክሓ,9,12,1,ANNUAL,NO,ዮሐንስ አፈ ወርቅ (ቅዱስ ዮሐንስ አፈ ወርቅ (የዓለም ሁሉ መምሕር)); ሚካኤል ሊቀ መላዕክት (ቅዱስ ሚካኤል ሊቀ መላዕክት); ቴዎድሮስ ምሥራቃዊ (ቅዱስ ቴዎድሮስ ምሥራቃዊ (ሰማዕት)),In Sinksar NO ምክሓ on 9/12 but App DB has 9/12 - which correct? REMOVE 9/12?
GZ-MIK-002,ምክሓ ምእመናን በግእዝ,ምክሓ,9,12,1,ANNUAL,NO,ዮሐንስ አፈ ወርቅ (ቅዱስ ዮሐንስ አፈ ወርቅ (የዓለም ሁሉ መምሕር)); ሚካኤል ሊቀ መላዕክት (ቅዱስ ሚካኤል ሊቀ መላዕክት); ቴዎድሮስ ምሥራቃዊ (ቅዱስ ቴዎድሮስ ምሥራቃዊ (ሰማዕት)),In Sinksar NO ምክሓ on 9/12 but App DB has 9/12 - which correct? REMOVE 9/12?
GZ-MTS-001,መጽሐፈ ልደታ ለማርያም በግእዝ,ዕፀ ልደታ ለማርያም,9,1,1,ANNUAL+MONTHLY,NO,ድንግል ማርያም (እመቤታችን ቅድስት ድንግል ማርያም (ልደታ)); ኢያቄም ወሐና (ቅዱሳን ኢያቄም ወሐና); ቴክታና በጥሪቃ (ቴክታና በጥሪቃ),In Sinksar NO ዕፀ ልደታ ለማርያም on 9/1 but App DB has 9/1 - which correct? REMOVE 9/1?
GZ-SEL-001,ሰላም ለፍልሰተ ሥጋኪ በግእዝ,ፍልሰተ ማርያም,12,2,1,ANNUAL,NO,አትናስያ ቡርክት (ቅድስት አትናስያ ቡርክት); ኢዮዸራቅስያ ድንግል (ቅድስት ኢዮዸራቅስያ ድንግል); ዮሐንስ መጥምቀ መለኮት (ቅዱስ ዮሐንስ መጥምቀ መለኮት),In Sinksar NO ፍልሰተ ማርያም on 12/2 but App DB has 12/2 - which correct? REMOVE 12/2?
GZ-SEL-001,ሰላም ለፍልሰተ ሥጋኪ በግእዝ,ፍልሰተ ማርያም,12,4,1,ANNUAL,NO,ሕዝቅያስ ጻድቅ (ቅዱስ ሕዝቅያስ ጻድቅ (ንጉሠ ይሁዳ)); ማቴዎስ ገዳማዊ (አባ ማቴዎስ ገዳማዊ); ዮሐንስ ወልደ ነጎድጉዋድ (ቅዱስ ዮሐንስ ወልደ ነጎድጉዋድ (ወንጌላዊው)),In Sinksar NO ፍልሰተ ማርያም on 12/4 but App DB has 12/4 - which correct? REMOVE 12/4?
GZ-SEL-001,ሰላም ለፍልሰተ ሥጋኪ በግእዝ,ፍልሰተ ማርያም,12,5,1,ANNUAL,NO,አብርሃም ገዳማዊ (ቅዱስ አባ አብርሃም ገዳማዊ); ማርያ እህቱ (ቅድስት ማርያ እህቱ); ፊልዾስ ዘደብረ ቢዘን (አባ ፊልዾስ ዘደብረ ቢዘን),In Sinksar NO ፍልሰተ ማርያም on 12/5 but App DB has 12/5 - which correct? REMOVE 12/5?
GZ-SEL-001,ሰላም ለፍልሰተ ሥጋኪ በግእዝ,ፍልሰተ ማርያም,12,8,1,ANNUAL,NO,"አልዓዛር ካህን (ቅዱስ አልዓዛር ካህን (ሰማዕት)); ሰሎሜ ሰማዕት (ቅድስት ሰሎሜ ሰማዕት (ሚስቱ)); ""፯ቱ"" ቅዱሳን ሰማዕታት (""፯ቱ"" ቅዱሳን ሰማዕታት (ልጆቹ))",In Sinksar NO ፍልሰተ ማርያም on 12/8 but App DB has 12/8 - which correct? REMOVE 12/8?
GZ-SEL-001,ሰላም ለፍልሰተ ሥጋኪ በግእዝ,ፍልሰተ ማርያም,12,9,1,ANNUAL,NO,ኦሪ ቀሲስ (ቅዱስ አባ ኦሪ ቀሲስ (ሰማዕት)); ዺላጦስ ሊቀ ዻዻሳት (አባ ዺላጦስ ሊቀ ዻዻሳት); በርሱማ ሶርያዊ (አባ በርሱማ ሶርያዊ (ለሶርያ መነኮሳት ኁሉ አባ),In Sinksar NO ፍልሰተ ማርያም on 12/9 but App DB has 12/9 - which correct? REMOVE 12/9?
GZ-SEL-001,ሰላም ለፍልሰተ ሥጋኪ በግእዝ,ፍልሰተ ማርያም,12,10,1,ANNUAL,NO,"ዓቢየ እግዚእ ኢትዮዽያዊ (ቅዱስ አባ ዓቢየ እግዚእ ኢትዮዽያዊ (ተአምራትን); ሐርስጥፎሮስ (ቅዱስ ሐርስጥፎሮስ ሰማዕት); ""፴፼"" ሰማዕታት (""፴፼"" ሰማዕታት (የሐርስጥፎሮስ ማሕበር))",In Sinksar NO ፍልሰተ ማርያም on 12/10 but App DB has 12/10 - which correct? REMOVE 12/10?
GZ-SEL-001,ሰላም ለፍልሰተ ሥጋኪ በግእዝ,ፍልሰተ ማርያም,12,11,1,ANNUAL,NO,"አብጥልማዎስ (ቅዱስ አብጥልማዎስ); ""34"" ሰማዕታት (""34"" ሰማዕታት (የቅዱስ ፋሲለደስ ማሕበር)); ያሬድ ካህን (ቅዱስ ያሬድ ካህን)",In Sinksar NO ፍልሰተ ማርያም on 12/11 but App DB has 12/11 - which correct? REMOVE 12/11?
GZ-SEL-001,ሰላም ለፍልሰተ ሥጋኪ በግእዝ,ፍልሰተ ማርያም,12,12,1,ANNUAL,NO,ታላቁ ቅዱስ ቆስጠንጢኖስ (ታላቁ ቅዱስ ቆስጠንጢኖስ (ጻድቅ ንጉሥ)); ዕፀ መስቀል (ቅዱስ ዕፀ መስቀል); ሚካኤል ሊቀ መላእክት (ቅዱስ ሚካኤል ሊቀ መላእክት),In Sinksar NO ፍልሰተ ማርያም on 12/12 but App DB has 12/12 - which correct? REMOVE 12/12?
GZ-SEL-001,ሰላም ለፍልሰተ ሥጋኪ በግእዝ,ፍልሰተ ማርያም,12,13,1,ANNUAL,NO,ደብረ ታቦር / ደብረ ምሥጢር / ደብረ በረከት (ደብረ ታቦር / ደብረ ምሥጢር / ደብረ በረከት); ሙሴ ሊቀ ነቢያት (ቅዱስ ሙሴ ሊቀ ነቢያት (ልደቱ)); አበው ሐዋርያት (ቅዱሳን አበው ሐዋርያት),In Sinksar NO ፍልሰተ ማርያም on 12/13 but App DB has 12/13 - which correct? REMOVE 12/13?
GZ-SEL-001,ሰላም ለፍልሰተ ሥጋኪ በግእዝ,ፍልሰተ ማርያም,12,14,1,ANNUAL,NO,መስቀለ ክርስቶስ (ቅዱስ መስቀለ ክርስቶስ); ጻድቃን ቅዱሳን (ጻድቃን ቅዱሳን (አባ ስምዖንና አባ ዮሐንስ)); ድምጥያና ደቀ መዛሙርቱ (ቅዱስ ድምጥያና ደቀ መዛሙርቱ (ሰማዕታት)),In Sinksar NO ፍልሰተ ማርያም on 12/14 but App DB has 12/14 - which correct? REMOVE 12/14?
GZ-SEL-001,ሰላም ለፍልሰተ ሥጋኪ በግእዝ,ፍልሰተ ማርያም,12,15,1,ANNUAL,NO,እንባ መሪና ገዳማዊት (ቅድስት እንባ መሪና ገዳማዊት); ለውረንዮስ (ቅዱስ ለውረንዮስ ሰማዕት); ፴፻ ሰማዕታት (፴፻ ሰማዕታት (የቅድስት ክርስቲና ማሕበር)),In Sinksar NO ፍልሰተ ማርያም on 12/15 but App DB has 12/15 - which correct? REMOVE 12/15?
GZ-TSE-007,ጸሎቱ ለጴጥሮስ በግእዝ,ጴጥሮስ,6,9,1,ANNUAL,NO,በርሱማ ሶርያዊ (አባ በርሱማ ሶርያዊ (ለሶርያ መነኰሳት ሁሉ አባ); እስትንፋሰ ክርስቶስ  የመነኰሱበት በዓል (አቡነ እስትንፋሰ ክርስቶስ (ኢትዮዽያዊ) የመነኰ); ጳውሎስ ሶርያዊ (ቅዱስ ጳውሎስ ሶርያዊ (ሰማዕት)),In Sinksar NO ጴጥሮስ on 6/9 but App DB has 6/9 - which correct? REMOVE 6/9?
GZ-TSE-007,ጸሎቱ ለጴጥሮስ በግእዝ,ጴጥሮስ,11,5,1,ANNUAL+MONTHLY,NO,ዼጥሮስ ሊቀ ሐዋርያት (ቅዱስ ዼጥሮስ ሊቀ ሐዋርያት); ዻውሎስ ብርሃነ ዓለም (ቅዱስ ዻውሎስ ብርሃነ ዓለም); ፯፪ቱ አርድእት (ቅዱሳን ፯፪ቱ አርድእት (ዛሬ ሁሉም ይታሠባሉ)),In Sinksar NO ጴጥሮስ on 11/5 but App DB has 11/5 - which correct? REMOVE 11/5?
GZ-TSE-007,ጸሎቱ ለጴጥሮስ በግእዝ,ጴጥሮስ,12,7,1,ANNUAL,NO,በዓለ ጽንሰታ ለእግዝእትነ ማርያም (በዓለ ጽንሰታ ለእግዝእትነ ማርያም); ኢያቄም ወሐና (ቅዱሳን ኢያቄም ወሐና); ገብርኤል መበሥር (ቅዱስ ገብርኤል መበሥር),In Sinksar NO ጴጥሮስ on 12/7 but App DB has 12/7 - which correct? REMOVE 12/7?
TI-GDL-001,ገድሊ ኣቡነ ዘርኣ ቡሩክን ብትግርኛ,አቡነ ዘርዐ ቡሩክ,4,13,1,ANNUAL+MONTHLY,NO,ዘርዓ ቡሩክ (አቡነ ዘርዓ ቡሩክ ጻድቅ); መቃርስ ገዳማዊ (ቅዱስ መቃርስ ገዳማዊ); አብራኮስ ገዳማዊ (አባ አብራኮስ ገዳማዊ),In Sinksar NO አቡነ ዘርዐ ቡሩክ on 4/13 but App DB has 4/13 - which correct? REMOVE 4/13?
TI-GDL-001,ገድሊ ኣቡነ ዘርኣ ቡሩክን ብትግርኛ,አቡነ ዘርዐ ቡሩክ,5,13,1,ANNUAL+MONTHLY,NO,ዘርዓ ቡሩክ ኢትዮዽያዊ (አቡነ ዘርዓ ቡሩክ ኢትዮዽያዊ (እረፍታቸው)); ሰባቱ ደቂቅ ቅዱሳን (ሰባቱ ደቂቅ ቅዱሳን (ከኤፌሶን)); ቃሮስና ሰሚኖስ (ቅዱሳን ቃሮስና ሰሚኖስ),In Sinksar NO አቡነ ዘርዐ ቡሩክ on 5/13 but App DB has 5/13 - which correct? REMOVE 5/13?
TI-MEL-001,መልክአ ሥዕል ብትግርኛ,መልክዐ ሥዕል,1,26,1,ANNUAL,NO,ድንግል ማርያም (ቅድስት ድንግል ማርያም); ዮሴፍ አረጋዊ (ቅዱስ ዮሴፍ አረጋዊ); ዮሐንስ መጥምቅ (ቅዱስ ዮሐንስ መጥምቅ (ጽንሰቱ)),In Sinksar NO መልክዐ ሥዕል on 1/26 but App DB has 1/26 - which correct? REMOVE 1/26?
TI-MEL-001,መልክአ ሥዕል ብትግርኛ,መልክዐ ሥዕል,3,5,1,ANNUAL,NO,ታላቁ ቅዱስ ዮሐኒ (ታላቁ ቅዱስ ዮሐኒ (ዘትግራይ)); አሞኒ ዘናሕሶ (አባ አሞኒ ዘናሕሶ); ቴዎድሮስ ሊቀ ሠራዊት (ቅዱስ ቴዎድሮስ ሊቀ ሠራዊት),In Sinksar NO መልክዐ ሥዕል on 3/5 but App DB has 3/5 - which correct? REMOVE 3/5?
