canonical_group,book_count,books,final_dates,sinksar_monthly_days,sinksar_annual_dates,tselot_rep_dates,unity_pass,missing_vs_verified,extra_vs_verified
እግዝእትነ ማርያም,28,AM-LAH-001;AM-MEL-008;AM-MEL-009;AM-MEL-064;AM-RAY-001;AM-TAM-002;GZ-ETA-001;GZ-LAH-001;GZ-MEL-002;GZ-MEL-031;GZ-MEL-032;GZ-MEL-161;GZ-TAM-001;TI-RAY-001;AM-ENZ-001;AM-ETA-001;AM-KOH-001;AM-MEL-026;AM-MTS-001;AM-TEA-001;AM-WUD-002;GZ-ENZ-001;GZ-KOH-001;GZ-MTS-003;GZ-TEA-001;GZ-WUD-002;TI-WUD-001;EN-WUD-001,"ነሐሴ 16, ኅዳር 21, ጥር 21, ግንቦት 1 / Monthly Day 21",,,"[(1, 21), (2, 21), (3, 21), (4, 21), (5, 21), (6, 21), (7, 21), (8, 21), (9, 1), (9, 21), (10, 21), (11, 21), (12, 16), (12, 21)]",,,
ቅዱስ ጊዮርጊስ,11,AM-GDL-018;AM-MEL-051;AM-MEL-065;AM-MEL-066;AM-MEL-067;AM-SIB-001;GZ-GDL-014;GZ-MEL-036;GZ-MEL-065;GZ-MEL-154;GZ-MEL-155,"ኅዳር 7, ጥር 18, የካቲት 23, ሚያዝያ 23, ነሐሴ 16 / Monthly Day 23",,,"[(1, 23), (2, 23), (3, 7), (3, 23), (4, 23), (5, 18), (5, 23), (6, 23), (7, 23), (8, 23), (9, 23), (10, 23), (11, 23), (12, 16), (12, 23)]",,,
ኢየሱስ ክርስቶስ,9,AM-MEL-002;AM-TAM-001;GZ-MEL-131;GZ-MEL-132;GZ-MZM-001;GZ-MZM-002;GZ-MZM-003;GZ-TAM-002;TI-TAM-001,"ታኅሣሥ 29, መጋቢት 29 / Monthly Day 29",,,"[(1, 29), (2, 29), (3, 29), (4, 29), (5, 29), (6, 29), (7, 29), (8, 29), (9, 29), (10, 29), (11, 29), (12, 29)]",,,
መድኃኔ ዓለም,8,AM-DRS-004;AM-MEL-034;AM-MEL-035;AM-MIK-001;GZ-DRS-005;GZ-MEL-001;GZ-MEL-027;GZ-MEL-028,"ኅዳር 27, መጋቢት 27 / Monthly Day 27",,,"[(1, 27), (2, 27), (3, 27), (4, 27), (5, 27), (6, 27), (7, 27), (8, 27), (9, 27), (10, 27), (11, 27), (12, 27)]",,,
ቅዱስ ሚካኤል,7,AM-DRS-009;AM-MEL-006;AM-MEL-041;GZ-DRS-008;GZ-MEL-004;GZ-MEL-005;GZ-MEL-165,"መስከረም 9, ኅዳር 12, ሰኔ 12 / Monthly Day 12",,,"[(1, 9), (1, 12), (2, 12), (3, 12), (4, 12), (5, 12), (6, 12), (7, 12), (8, 12), (9, 12), (10, 12), (11, 12), (12, 12)]",,,
ቅዱስ ዮሐንስ ወንጌላዊ,7,AM-GDL-013;AM-MEL-016;AM-MEL-047;GZ-MEL-061;GZ-MEL-062;GZ-MEL-149;GZ-MEL-150,"መስከረም 4, መስከረም 29, ጥር 4, ግንቦት 16, ሐምሌ 27 / Monthly Day 4",,,"[(1, 4), (1, 29), (2, 4), (3, 4), (4, 4), (5, 4), (6, 4), (7, 4), (8, 4), (9, 4), (9, 16), (10, 4), (11, 4), (11, 27), (12, 4)]",,,
ቅድስት ሥላሴ,7,AM-MEL-010;AM-SEY-002;AM-ZNA-001;GZ-HIB-001;GZ-MEL-035;GZ-SEY-002;GZ-ZNA-004,"ሐምሌ 7 / Monthly Day 7 / Weekly: ሰኞ, ማክሰኞ, ረቡዕ, ሐሙስ, አርብ, ቅዳሜ, እሁድ / Daily: ሁልጊዜ",,,[],,,
አቡነ ተክለ ሃይማኖት,6,AM-GDL-004;AM-MEL-057;AM-MEL-058;GZ-MEL-068;GZ-MEL-069;GZ-MEL-092,"ታኅሣሥ 24, ጥር 24, መጋቢት 24, ሚያዝያ 22, ግንቦት 12, ነሐሴ 24 / Monthly Day 24",,,"[(1, 24), (2, 24), (3, 24), (4, 24), (5, 24), (6, 24), (7, 24), (8, 22), (8, 24), (9, 12), (9, 24), (10, 24), (11, 24), (12, 24)]",,,
ቅዱስ ገብርኤል,5,AM-DRS-003;AM-MEL-050;GZ-DRS-010;GZ-MEL-013;GZ-MEL-014,"ታኅሣሥ 19, ታኅሣሥ 22, መጋቢት 30, ሰኔ 13, ሰኔ 26, ሐምሌ 19, ነሐሴ 7 / Monthly Day 19",,,"[(1, 19), (2, 19), (3, 19), (4, 19), (4, 22), (5, 19), (6, 19), (7, 19), (7, 30), (8, 19), (9, 19), (10, 13), (10, 19), (10, 26), (11, 19), (12, 7), (12, 19)]",,,
ቅዱስ እስጢፋኖስ,5,AM-GDL-009;AM-MEL-045;GZ-GDL-022;GZ-MEL-016;GZ-MEL-017,"መስከረም 15, ጥቅምት 17, ጥር 1 / Monthly Day 17",,,"[(1, 15), (1, 17), (2, 17), (3, 17), (4, 17), (5, 1), (5, 17), (6, 17), (7, 17), (8, 17), (9, 17), (10, 17), (11, 17), (12, 17)]",,,
አቡነ ዘርዐ ቡሩክ,5,AM-GDL-012;AM-MEL-061;GZ-GDL-004;GZ-MEL-105;TI-GDL-001,"ታኅሣሥ 13, ጥር 13 / Monthly Day 13",,,"[(1, 13), (2, 13), (3, 13), (4, 13), (5, 13), (6, 13), (7, 13), (8, 13), (9, 13), (10, 13), (11, 13), (12, 13)]",,,
ሰባቱ ሊቃነ መላእክት,4,AM-DIR-001;AM-MEL-038;GZ-MEL-125;GZ-MEL-126,ኅዳር 13 / Monthly Day 13,,,"[(1, 13), (2, 13), (3, 13), (4, 13), (5, 13), (6, 13), (7, 13), (8, 13), (9, 13), (10, 13), (11, 13), (12, 13)]",,,
ቅዱስ ዑራኤል,4,AM-DRS-006;GZ-DRS-001;GZ-MEL-011;GZ-MEL-012,"ጥር 22, ሐምሌ 21, ሐምሌ 22 / Monthly Day 22",,,"[(1, 22), (2, 22), (3, 22), (4, 22), (5, 22), (6, 22), (7, 22), (8, 22), (9, 22), (10, 22), (11, 21), (11, 22), (12, 22)]",,,
ቅዱስ ራጉኤል,4,AM-DRS-010;AM-MEL-014;GZ-DRS-003;GZ-MEL-007,"መስከረም 1, ጳጉሜ 6 / Monthly Day 1",,,"[(1, 1), (2, 1), (3, 1), (4, 1), (5, 1), (6, 1), (7, 1), (8, 1), (9, 1), (10, 1), (11, 1), (12, 1), (13, 6)]",,,
ቅዱስ ቴዎድሮስ,4,AM-GDL-030;GZ-GDL-030;GZ-GDL-031;GZ-MEL-040,"ኅዳር 5, ኅዳር 20, ጥር 12, የካቲት 28 / Monthly Day 12, 20",,,"[(1, 12), (1, 20), (2, 12), (2, 20), (3, 5), (3, 12), (3, 20), (4, 12), (4, 20), (5, 12), (5, 20), (6, 12), (6, 20), (6, 28), (7, 12), (7, 20), (8, 12), (8, 20), (9, 12), (9, 20), (10, 12), (10, 20), (11, 12), (11, 20), (12, 12), (12, 20)]",,,
አቡነ እስትንፋሰ ክርስቶስ,4,AM-GDL-014;GZ-GDL-006;GZ-MEL-136;TI-GDL-002,"የካቲት 9, ሚያዝያ 9 / Monthly Day 9",,,"[(1, 9), (2, 9), (3, 9), (4, 9), (5, 9), (6, 9), (7, 9), (8, 9), (9, 9), (10, 9), (11, 9), (12, 9)]",,,
ቅዱስ ቂርቆስና ኢየሉጣ,4,AM-GDL-023;AM-MEL-015;GZ-MEL-043;GZ-MEL-054,"ጥር 15, ሐምሌ 19 / Monthly Day 15",,,"[(1, 15), (2, 15), (3, 15), (4, 15), (5, 15), (6, 15), (7, 15), (8, 15), (9, 15), (10, 15), (11, 15), (11, 19), (12, 15)]",,,
ፍልሰተ ማርያም,4,AM-MEL-030;AM-SEL-001;GZ-SEL-001;GZ-MEL-163,"ነሐሴ 1 - 16 (ጾመ ፍልሠታ ሙሉ ፲፮ ቀናት: ነሐሴ 1, 2, 3, 4, 5, 6, 7, 8, 9, 10, 11, 12, 13, 14, 15, 16)",,,"[(12, 1), (12, 2), (12, 3), (12, 4), (12, 5), (12, 6), (12, 7), (12, 8), (12, 9), (12, 10), (12, 11), (12, 12), (12, 13), (12, 14), (12, 15), (12, 16)]",,,
አቡነ ሳሙኤል ዘዋልድባ,4,AM-MEL-054;AM-MEL-055;GZ-MEL-085;GZ-MEL-086,ታኅሣሥ 12 / Monthly Day 12,,,"[(1, 12), (2, 12), (3, 12), (4, 12), (5, 12), (6, 12), (7, 12), (8, 12), (9, 12), (10, 12), (11, 12), (12, 12)]",,,
ማኅየዊ,3,AM-DRS-007;AM-MEL-007;GZ-MEL-029,"Weekly: ረቡዕ, አርብ",,,[],,,
አባ ጊዮርጊስ ዘጋሥጫ,3,AM-GDL-001;GZ-GDL-007;GZ-MEL-123,ሐምሌ 7 / Monthly Day 7,,,"[(1, 7), (2, 7), (3, 7), (4, 7), (5, 7), (6, 7), (7, 7), (8, 7), (9, 7), (10, 7), (11, 7), (12, 7)]",,,
ቅድስት ክርስቶስ ሠምራ,3,AM-GDL-005;GZ-GDL-019;GZ-MEL-143,"መስከረም 24, ግንቦት 12, ነሐሴ 24 / Monthly Day 24",,,"[(1, 24), (2, 24), (3, 24), (4, 24), (5, 24), (6, 24), (7, 24), (8, 24), (9, 12), (9, 24), (10, 24), (11, 24), (12, 24)]",,,
አቡነ ገብረ መንፈስ ቅዱስ,3,AM-GDL-007;GZ-MEL-151;GZ-MEL-152,"ጥቅምት 5, ታኅሣሥ 29, መጋቢት 5, መጋቢት 29 / Monthly Day 5",,,"[(1, 5), (2, 5), (3, 5), (4, 5), (4, 29), (5, 5), (6, 5), (7, 5), (7, 29), (8, 5), (9, 5), (10, 5), (11, 5), (12, 5)]",,,
ቅድስት አርሴማ,3,AM-GDL-008;GZ-GDL-033;GZ-MEL-042,"መስከረም 29, ታኅሣሥ 6, ሰኔ 17 / Monthly Day 6",,,"[(1, 6), (1, 29), (2, 6), (3, 6), (4, 6), (5, 6), (6, 6), (7, 6), (8, 6), (9, 6), (10, 6), (10, 17), (11, 6), (12, 6)]",,,
ቅዱስ መርቆሬዎስ,3,AM-GDL-015;GZ-GDL-002;GZ-MEL-039,"ኅዳር 25, ጥር 25, ሐምሌ 25 / Monthly Day 25",,,"[(1, 25), (2, 25), (3, 25), (4, 25), (5, 25), (6, 25), (7, 25), (8, 25), (9, 25), (10, 25), (11, 25), (12, 25)]",,,
አቡነ አሮን መንክራዊ,3,AM-GDL-028;GZ-GDL-024;GZ-MEL-128,መስከረም 5 / Monthly Day 5,,,"[(1, 5), (2, 5), (3, 5), (4, 5), (5, 5), (6, 5), (7, 5), (8, 5), (9, 5), (10, 5), (11, 5), (12, 5)]",,,
አዳም ወሔዋን,3,AM-GDL-019;AM-MEL-023;GZ-MEL-127,ሚያዝያ 6 / Monthly Day 6,,,"[(1, 6), (2, 6), (3, 6), (4, 6), (5, 6), (6, 6), (7, 6), (8, 6), (9, 6), (10, 6), (11, 6), (12, 6)]",,,
አቡነ በጸሎተ ሚካኤል,3,AM-GDL-011;GZ-GDL-015;GZ-MEL-121,"ጥቅምት 6, ሐምሌ 21 / Monthly Day 21",,,"[(1, 21), (2, 6), (2, 21), (3, 21), (4, 21), (5, 21), (6, 21), (7, 21), (8, 21), (9, 21), (10, 21), (11, 21), (12, 21)]",,,
መልክዐ ሥዕል,3,AM-MEL-032;GZ-MEL-037;TI-MEL-001,"መስከረም 26, ኅዳር 5 / Monthly Day 21",,,"[(1, 21), (1, 26), (2, 21), (3, 5), (3, 21), (4, 21), (5, 21), (6, 21), (7, 21), (8, 21), (9, 21), (10, 21), (11, 21), (12, 21)]",,,
ቅዱስ ማርቆስ ወንጌላዊ,3,AM-MEL-042;GZ-MEL-030;GZ-MEL-053,"ጥቅምት 30, ሚያዝያ 30 / Monthly Day 30",,,"[(1, 30), (2, 30), (3, 30), (4, 30), (5, 30), (6, 30), (7, 30), (8, 30), (9, 30), (10, 30), (11, 30), (12, 30)]",,,
ቅዱስ ሩፋኤል ሊቀ መላእክት,3,AM-MEL-043;GZ-DRS-009;GZ-MEL-006,ጳጉሜ 3 / Monthly Day 13,,,"[(1, 13), (2, 13), (3, 13), (4, 13), (5, 13), (6, 13), (7, 13), (8, 13), (9, 13), (10, 13), (11, 13), (12, 13), (13, 3)]",,,
ዜና ሐዋርያት,3,AM-ZNA-003;GZ-GDL-032;GZ-MEL-023,"ሐምሌ 5, ነሐሴ 15",,,"[(11, 5), (12, 15)]",,,
ሰንበት,2,AM-DRS-002;GZ-MEL-044,"Weekly: ቅዳሜ, እሁድ",,,[],,,
አቡነ ኪሮስ,2,AM-GDL-021;GZ-GDL-016,"ታኅሣሥ 8, ሐምሌ 8 / Monthly Day 8",,,"[(1, 8), (2, 8), (3, 8), (4, 8), (5, 8), (6, 8), (7, 8), (8, 8), (9, 8), (10, 8), (11, 8), (12, 8)]",,,
አቡነ አረጋዊ,2,AM-GDL-016;GZ-MEL-073,"ጥቅምት 14, ጥር 14 / Monthly Day 14",,,"[(1, 14), (2, 14), (3, 14), (4, 14), (5, 14), (6, 14), (7, 14), (8, 14), (9, 14), (10, 14), (11, 14), (12, 14)]",,,
ቅዱስ ዞሲማስ,2,AM-GDL-025;GZ-GDL-008,ሚያዝያ 9 / Monthly Day 9,,,"[(1, 9), (2, 9), (3, 9), (4, 9), (5, 9), (6, 9), (7, 9), (8, 9), (9, 9), (10, 9), (11, 9), (12, 9)]",,,
እምነ ወለተ ጴጥሮስ,2,AM-GDL-020;GZ-GDL-003,ኅዳር 17 / Monthly Day 17,,,"[(1, 17), (2, 17), (3, 17), (4, 17), (5, 17), (6, 17), (7, 17), (8, 17), (9, 17), (10, 17), (11, 17), (12, 17)]",,,
ቅዱስ መቃርዮስ,2,AM-MEL-005;GZ-MEL-026,"ጥር 8, መጋቢት 13, መጋቢት 27, ሐምሌ 14, ነሐሴ 19 / Monthly Day 27",,,"[(1, 27), (2, 27), (3, 27), (4, 27), (5, 8), (5, 27), (6, 27), (7, 13), (7, 27), (8, 27), (9, 27), (10, 27), (11, 14), (11, 27), (12, 19), (12, 27)]",,,
ሕማማተ መስቀል,2,AM-MEL-004;GZ-MEL-024,"Weekly: ረቡዕ, አርብ",,,[],,,
ቅንዋተ መስቀል,2,AM-MEL-011;GZ-MEL-046,"መስከረም 17, መጋቢት 10 / Monthly Day 10 / Weekly: ረቡዕ, አርብ",,,[],,,
ቅዱስ ሚናስ ሰማዕት,2,AM-MEL-013;GZ-MEL-052,"ኅዳር 15, ሰኔ 15 / Monthly Day 15",,,"[(1, 15), (2, 15), (3, 15), (4, 15), (5, 15), (6, 15), (7, 15), (8, 15), (9, 15), (10, 15), (11, 15), (12, 15)]",,,
ቅድስት ጸበለ ማርያም,2,AM-MEL-017;GZ-MEL-159,ጥቅምት 24 / Monthly Day 24,,,"[(1, 24), (2, 24), (3, 24), (4, 24), (5, 24), (6, 24), (7, 24), (8, 24), (9, 24), (10, 24), (11, 24), (12, 24)]",,,
ቅድስት ፍቅርተ ክርስቶስ,2,AM-MEL-018;GZ-MEL-066,"የካቲት 29, መጋቢት 29 / Monthly Day 29",,,"[(1, 29), (2, 29), (3, 29), (4, 29), (5, 29), (6, 29), (7, 29), (8, 29), (9, 29), (10, 29), (11, 29), (12, 29)]",,,
አብርሃም ይሥሐቅ ያዕቆብ,2,AM-MEL-022;GZ-MEL-124,ነሐሴ 24 / Monthly Day 28,,,"[(1, 28), (2, 28), (3, 28), (4, 28), (5, 28), (6, 28), (7, 28), (8, 28), (9, 28), (10, 28), (11, 28), (12, 24), (12, 28)]",,,
መልክዐ ኢትዮጵያ,2,AM-MEL-025;GZ-MEL-129,መስከረም 1,,,"[(1, 1)]",,,
ኪዳነ ምሕረት,2,AM-MEL-027;GZ-MEL-141,የካቲት 16 / Monthly Day 16,,,"[(1, 16), (2, 16), (3, 16), (4, 16), (5, 16), (6, 16), (7, 16), (8, 16), (9, 16), (10, 16), (11, 16), (12, 16)]",,,
ጰራቅሊጦስ,2,AM-MEL-029;GZ-MEL-157,Movable: ጰንጠቆስጤ / Monthly Day 7,,,"[(1, 7), (2, 7), (3, 7), (4, 7), (5, 7), (6, 7), (7, 7), (8, 7), (9, 7), (10, 7), (11, 7), (12, 7)]",,,
ቅዱስ ታዴዎስ ሐዋርያ,2,AM-MEL-033;GZ-MEL-055,"ሐምሌ 2, ሐምሌ 29 / Monthly Day 2",,,"[(1, 2), (2, 2), (3, 2), (4, 2), (5, 2), (6, 2), (7, 2), (8, 2), (9, 2), (10, 2), (11, 2), (11, 29), (12, 2)]",,,
ሠለስቱ ደቂቅ,2,AM-MEL-037;GZ-MEL-047,"ታኅሣሥ 2, ታኅሣሥ 19, ግንቦት 10",,,"[(4, 2), (4, 19), (9, 10)]",,,
ቅዱስ አቦሊ ሰማዕት,2,AM-MEL-044;GZ-MEL-057,"መስከረም 26, ነሐሴ 1 / Monthly Day 1",,,"[(1, 1), (1, 26), (2, 1), (3, 1), (4, 1), (5, 1), (6, 1), (7, 1), (8, 1), (9, 1), (10, 1), (11, 1), (12, 1)]",,,
ቅዱስ እንድርያስ ሐዋርያ,2,AM-MEL-046;GZ-MEL-137,"ታኅሣሥ 4, ሐምሌ 30, ነሐሴ 30 / Monthly Day 4",,,"[(1, 4), (2, 4), (3, 4), (4, 4), (5, 4), (6, 4), (7, 4), (8, 4), (9, 4), (10, 4), (11, 4), (11, 30), (12, 4), (12, 30)]",,,
ቅዱስ ዳዊት ንጉሥ,2,AM-MEL-049;GZ-MEL-064,"ታኅሣሥ 23, ሚያዝያ 6 / Monthly Day 23",,,"[(1, 23), (2, 23), (3, 23), (4, 23), (5, 23), (6, 23), (7, 23), (8, 6), (8, 23), (9, 23), (10, 23), (11, 23), (12, 23)]",,,
አቡነ ዜና ማርቆስ,2,AM-MEL-062;GZ-MEL-106,ታኅሣሥ 3 / Monthly Day 3,,,"[(1, 3), (2, 3), (3, 3), (4, 3), (5, 3), (6, 3), (7, 3), (8, 3), (9, 3), (10, 3), (11, 3), (12, 3)]",,,
ጸሎተ ንድራ,2,AM-TSE-006;GZ-TSE-003,ሚያዝያ 26 / Monthly Day 26 / Daily: ሁልጊዜ,,,[],,,
ውዳሴ አምላክ,2,AM-WUD-003;TI-WUD-002,"Weekly: ሰኞ, ማክሰኞ, ረቡዕ, ሐሙስ, አርብ, ቅዳሜ, እሁድ / Daily: ሁልጊዜ",,,[],,,
እግዚአብሔር አብ,2,GZ-MEL-139;GZ-MEL-140,Monthly Day 13,,,"[(1, 13), (2, 13), (3, 13), (4, 13), (5, 13), (6, 13), (7, 13), (8, 13), (9, 13), (10, 13), (11, 13), (12, 13)]",,,
አቡነ ማቴዎስ ዘደብረ በርበሬ,2,GZ-MEL-081;GZ-MEL-080,ኅዳር 13,,,"[(3, 13)]",,,
ማርያም እንተ ዕፍረት,1,AM-GDL-002,"ጥቅምት 1, የካቲት 6",,,"[(2, 1), (6, 6)]",,,
ማርያም መግደላዊት,1,AM-GDL-003,"መጋቢት 29, ነሐሴ 6",,,"[(7, 29), (12, 6)]",,,
ኖላዊ ሔር,1,AM-MEL-001,"ታኅሣሥ 21 / Monthly Day 21 / Weekly: ሰኞ, ማክሰኞ, ረቡዕ, ሐሙስ, አርብ, ቅዳሜ, እሁድ / Daily: ሁልጊዜ",,,[],,,
አቡነ ገሪማ,1,AM-GDL-017,ሰኔ 17 / Monthly Day 17,,,"[(1, 17), (2, 17), (3, 17), (4, 17), (5, 17), (6, 17), (7, 17), (8, 17), (9, 17), (10, 17), (11, 17), (12, 17)]",,,
እጨጌ ዮሐንስ,1,AM-GDL-027,ሐምሌ 29,,,"[(11, 29)]",,,
ሰማዕታት,1,AM-GDL-010,"ኅዳር 4, የካቲት 12",,,"[(3, 4), (6, 12)]",,,
መዓዛ ቅዳሴ,1,AM-KID-001,,,,[],,,
አቡነ ዮሐንስ ጻድቅ,1,AM-MEL-021,"ጥር 20, ግንቦት 7, ሐምሌ 16 / Monthly Day 16",,,"[(1, 16), (2, 16), (3, 16), (4, 16), (5, 16), (5, 20), (6, 16), (7, 16), (8, 16), (9, 7), (9, 16), (10, 16), (11, 16), (12, 16)]",,,
ቅዱስ ጊጋር ሰማዕት,1,AM-MEL-036,ነሐሴ 16,,,"[(12, 16)]",,,
መንገደ ሰማይ,1,AM-MEN-001,ጸሎተ ፍትሐት (Funeral & Memorial Services),,,[],,,
ዜና አበው,1,AM-ZNA-002,"ኅዳር 4, ጥር 26",,,"[(3, 4), (5, 26)]",,,
አቡነ ፊልጶስ ዘደብረ ሊባኖስ,1,GZ-GDL-001,"ሐምሌ 28, መጋቢት 23",,,"[(7, 23), (11, 28)]",,,
ቅዱስ ቈጵርያኖስ ወቅድስት ኢዩስጣ,1,GZ-GDL-012,መስከረም 21,,,"[(1, 21)]",,,
አቡነ ፍሬ ሚካኤል,1,GZ-GDL-034,ኅዳር 3,,,"[(3, 3)]",,,
አባ ሊቃኖስ,1,GZ-MEL-003,ኅዳር 28,,,"[(3, 28)]",,,
ቅዱስ ሚካኤል ሊቀ መላእክት,1,GZ-MEL-009,"ኅዳር 12, ጥር 12, ሰኔ 12, ሐምሌ 12 / Monthly Day 12",,,"[(1, 12), (2, 12), (3, 12), (4, 12), (5, 12), (6, 12), (7, 12), (8, 12), (9, 12), (10, 12), (11, 12), (12, 12)]",,,
ቅዱስ ፋኑኤል,1,GZ-MEL-015,ታኅሣሥ 3 / Monthly Day 3,,,"[(1, 3), (2, 3), (3, 3), (4, 3), (5, 3), (6, 3), (7, 3), (8, 3), (9, 3), (10, 3), (11, 3), (12, 3)]",,,
ቅዱስ ላሊበላ,1,GZ-MEL-019,"ታኅሣሥ 29, መጋቢት 29, ሰኔ 12 / Monthly Day 12",,,"[(1, 12), (2, 12), (3, 12), (4, 12), (4, 29), (5, 12), (6, 12), (7, 12), (7, 29), (8, 12), (9, 12), (10, 12), (11, 12), (12, 12)]",,,
ልደታ ለማርያም,1,GZ-MEL-020,ግንቦት 1 / Monthly Day 1,,,"[(1, 1), (2, 1), (3, 1), (4, 1), (5, 1), (6, 1), (7, 1), (8, 1), (9, 1), (10, 1), (11, 1), (12, 1)]",,,
ቅዱስ ፋሲለደስ,1,GZ-MEL-041,የካቲት 11 / Monthly Day 11,,,"[(1, 11), (2, 11), (3, 11), (4, 11), (5, 11), (6, 11), (7, 11), (8, 11), (9, 11), (10, 11), (11, 11), (12, 11)]",,,
አማኑኤል,1,GZ-MEL-072,ታኅሣሥ 28 / Monthly Day 28,,,"[(1, 28), (2, 28), (3, 28), (4, 28), (5, 28), (6, 28), (7, 28), (8, 28), (9, 28), (10, 28), (11, 28), (12, 28)]",,,
አቡነ መዝገበ ሥላሴ,1,GZ-MEL-077,ጥቅምት 9,,,"[(2, 9)]",,,
አቡነ መድኃኒነ እግዚእ,1,GZ-MEL-078,ኅዳር 3 / Monthly Day 3,,,"[(1, 3), (2, 3), (3, 3), (4, 3), (5, 3), (6, 3), (7, 3), (8, 3), (9, 3), (10, 3), (11, 3), (12, 3)]",,,
አቡነ ተክለ አልፋ ዘደብረ ድማሕ,1,GZ-MEL-093,ታኅሣሥ 8,,,"[(4, 8)]",,,
አቡነ አብሳዲ ዘደብረ ማርያም,1,GZ-MEL-099,መስከረም 30,,,"[(1, 30)]",,,
አቡነ ዮሐንስ ከማ,1,GZ-MEL-109,ታኅሣሥ 25,,,"[(4, 25)]",,,
24ቱ ካህናተ ሰማይ (ሱራፌል),1,GZ-MEL-142,ኅዳር 24 / Monthly Day 24,,,"[(1, 24), (2, 24), (3, 24), (4, 24), (5, 24), (6, 24), (7, 24), (8, 24), (9, 24), (10, 24), (11, 24), (12, 24)]",,,
ቅዱስ ያሬድ ማኅሌታይ,1,GZ-MEL-146,"ኅዳር 11, ግንቦት 11 / Monthly Day 11",,,"[(1, 11), (2, 11), (3, 11), (4, 11), (5, 11), (6, 11), (7, 11), (8, 11), (9, 11), (10, 11), (11, 11), (12, 11)]",,,
ቅዱስ ያሬው ማኅሌታይ,1,GZ-MEL-147,"ኅዳር 11, ግንቦት 11 / Monthly Day 11",,,"[(1, 11), (2, 11), (3, 11), (4, 11), (5, 11), (6, 11), (7, 11), (8, 11), (9, 11), (10, 11), (11, 11), (12, 11)]",,,
ቅዩስ ያሬድ ማኅሌታይ,1,GZ-GDL-021,"ኅዳር 11, ግንቦት 11 / Monthly Day 11",,,"[(1, 11), (2, 11), (3, 11), (4, 11), (5, 11), (6, 11), (7, 11), (8, 11), (9, 11), (10, 11), (11, 11), (12, 11)]",,,
፬ቱ እንስሳ (ኪሩቤል),1,GZ-MEL-164,ኅዳር 8 / Monthly Day 8,,,"[(1, 8), (2, 8), (3, 8), (4, 8), (5, 8), (6, 8), (7, 8), (8, 8), (9, 8), (10, 8), (11, 8), (12, 8)]",,,
ዕፀ ልደታ ለማርያም,1,GZ-MTS-001,ግንቦት 1 / Monthly Day 1,,,"[(1, 1), (2, 1), (3, 1), (4, 1), (5, 1), (6, 1), (7, 1), (8, 1), (9, 1), (10, 1), (11, 1), (12, 1)]",,,
አቡነ ሰላማ ከሣቴ ብርሃን (ፍሩሜንጢስ),1,GZ-MEL-038,"ታኅሣሥ 18, ሐምሌ 26",,,"[(4, 18), (11, 26)]",,,
አቡነ ኤዎስጣቴዎስ,1,GZ-MEL-135,መስከረም 18,,,"[(1, 18), (2, 18), (3, 18), (4, 18), (5, 18), (6, 18), (7, 18), (8, 18), (9, 18), (10, 18), (11, 18), (12, 18)]",,,
ሐዋርያት ጴጥሮስ ወጳውሎስ,1,GZ-MEL-158,ሐምሌ 5,,,"[(11, 5)]",,,
ቅዱስ ሱርያል ሊቀ መላእክት,1,GZ-MEL-008,የካቲት 27 / Monthly Day 27,,,"[(1, 27), (2, 27), (3, 27), (4, 27), (5, 27), (6, 27), (7, 27), (8, 27), (9, 27), (10, 27), (11, 27), (12, 27)]",,,
ቅዱሳን ዘመጠራ,1,GZ-MEL-048,ጥቅምት 19,,,"[(2, 19)]",,,
አቡነ አፍቅረነ እግዚእ,1,GZ-MEL-100,ግንቦት 19,,,"[(9, 19)]",,,
አቡነ ሰይፈ ሚካኤል,1,GZ-MEL-083,ጥቅምት 19,,,"[(2, 19)]",,,
አቡነ ይምአታ,1,GZ-MEL-108,ጥቅምት 28,,,"[(2, 28)]",,,
አቡነ ዮናስ ዘደብረ ድኁኃን,1,GZ-MEL-113,"መጋቢት 17, ኅዳር 17",,,"[(3, 17), (7, 17)]",,,
አቡነ የሐንስ ዘደብረ ቢዘን,1,GZ-MEL-107,Monthly Day 13,,,"[(1, 13), (2, 13), (3, 13), (4, 13), (5, 13), (6, 13), (7, 13), (8, 13), (9, 13), (10, 13), (11, 13), (12, 13)]",,,
አባ ጰንጠሌዎን ጻድቅ,1,GZ-MEL-115,ጥቅምት 6,,,"[(2, 6)]",,,
ሠለስቱ ምዕት,1,GZ-MEL-033,ኅዳር 9,,,"[(3, 9)]",,,
አቡነ ተክለ ማርያም ዘይሰመይ መብዓ ጽዮን,1,GZ-MEL-070,ነሐሴ 13,,,"[(12, 13)]",,,
አቡነ አበክረዙን,1,GZ-GDL-005,ሐምሌ 3,,,"[(11, 3)]",,,
ተንሥአ መድኅን,1,GZ-MEL-090,Seasonal: ከትንሣኤ እስከ ጰራቅሊጦስ (50 ቀናት),,,"[(5, 19)]",,,
ይምርሃነ ክርስቶስ,1,GZ-MEL-148,ጥቅምት 19,,,"[(2, 19)]",,,
ማር ገላውዴዎስ,1,GZ-ZNA-002,መጋቢት 27,,,"[(7, 27)]",,,
ሰማዕቱ ጲላጦስ መስፍን,1,GZ-SME-001,ሰኔ 25,,,"[(10, 25)]",,,
በዓለ ሥሉስ,1,GZ-MEL-034,ጥር 7,,,"[(5, 7)]",,,
አባ እንጦንስ አበ መነኮሳት,1,GZ-MEL-138,"ጥር 22, መጋቢት 6, ሐምሌ 22",,,"[(5, 22), (7, 6), (11, 22)]",,,
ቅዱስ አባዲር,1,GZ-MEL-056,መስከረም 28,,,"[(1, 28)]",,,
ቅዱስ አባዲር ወኢራኢ,1,GZ-GDL-026,መስከረም 28,,,"[(1, 28)]",,,
ቅዱስ ሱስንዮስ ሰማዕት ሶርያዊ,1,GZ-GDL-009,ሚያዝያ 26,,,"[(8, 26)]",,,
ቅዱስ ገብረ ክርስቶስ መርዓዊ,1,GZ-MEL-153,ጥቅምት 14,,,"[(2, 14)]",,,
አቡነ ሙሴ,1,GZ-MEL-079,መስከረም 4,,,"[(1, 4)]",,,
አቡነ ዮሐንስ ዘድብረ ዳጋ,1,GZ-MEL-110,ነሐሴ 8,,,"[(12, 8)]",,,
አቡነ ዮሐንስ,1,GZ-GDL-018,ሐምሌ 29,,,"[(11, 29)]",,,
አቡነ ቶማስ ዘዘናቁዴ,1,GZ-MEL-094,ኅዳር 3,,,"[(3, 3)]",,,
አቡነ ፊልጶስ ዘደብረ ቢዘን,1,GZ-MEL-120,ነሐሴ 5,,,"[(12, 5)]",,,
አቡነ መርቆሬዎስ ዘደብረ ድማኅ,1,GZ-MEL-076,ታኅሣሥ 16,,,"[(4, 16)]",,,
አቡነ እንድርያስ ዘደብረ ጽጌ,1,GZ-MEL-103,የካቲት 1,,,"[(6, 1)]",,,
አቡነ እንድርያስ ዘደብረ ስኂን (ፅፉን),1,GZ-MEL-102,መጋቢት 29,,,"[(7, 29)]",,,
