book_id,title,extracted_saint,sinksar_dates,tselot_dates,missing_in_tselot,extra_in_tselot,question
AM-DRS-001,የቅዱስ ኢያቄምና- የቅድስት ሐና ድርሳን በአማርኛ,ቅዱስ ኢያቄምና- የቅድስት ሐና ድርሳን,"[(8, 7)]","[(1, 1), (1, 3), (1, 7), (1, 11), (1, 12), (2, 1), (2, 3), (2, 11), (3, 1), (3, 3), (3, 11), (4, 1), (4, 3), (4, 11), (4, 13), (5, 1), (5, 3), (5, 11), (6, 1), (6, 3), (6, 11), (7, 1), (7, 3), (7, 11), (8, 1), (8, 3), (8, 7), (8, 11), (9, 1), (9, 3), (9, 11), (10, 1), (10, 3), (10, 11), (11, 1), (11, 3), (11, 11), (12, 1), (12, 3), (12, 7), (12, 11)]",[],"[(1, 1), (1, 3), (1, 7), (1, 11), (1, 12), (2, 1), (2, 3), (2, 11), (3, 1), (3, 3), (3, 11), (4, 1), (4, 3), (4, 11), (4, 13), (5, 1), (5, 3), (5, 11), (6, 1), (6, 3), (6, 11), (7, 1), (7, 3), (7, 11), (8, 1), (8, 3), (8, 11), (9, 1), (9, 3), (9, 11), (10, 1), (10, 3), (10, 11), (11, 1), (11, 3), (11, 11), (12, 1), (12, 3), (12, 7), (12, 11)]","ቅዱስ ኢያቄምና- የቅድስት ሐና ድርሳን in Sinksar on OK but in App DB on [(1, 1), (1, 3), (1, 7), (1, 11), (1, 12), (2, 1), (2, 3), (2, 11), (3, 1), (3, 3), (3, 11), (4, 1), (4, 3), (4, 11), (4, 13), (5, 1), (5, 3), (5, 11), (6, 1), (6, 3), (6, 11), (7, 1), (7, 3), (7, 11), (8, 1), (8, 3), (8, 11), (9, 1), (9, 3), (9, 11), (10, 1), (10, 3), (10, 11), (11, 1), (11, 3), (11, 11), (12, 1), (12, 3), (12, 7), (12, 11)] - which correct?"
AM-DRS-003,ድርሳነ ገብርኤል በአማርኛ,ገብርኤል,"[(1, 23), (2, 23), (3, 23), (4, 23), (5, 23), (6, 21), (6, 23), (7, 23), (8, 23), (9, 23), (10, 23), (11, 23), (12, 23)]","[(1, 19), (2, 19), (3, 19), (4, 19), (4, 22), (5, 19), (6, 19), (7, 19), (7, 30), (8, 19), (9, 19), (10, 13), (10, 19), (10, 26), (11, 19), (12, 7), (12, 19)]","[(1, 23), (2, 23), (3, 23), (4, 23), (5, 23), (6, 21), (6, 23), (7, 23), (8, 23), (9, 23), (10, 23), (11, 23), (12, 23)]","[(1, 19), (2, 19), (3, 19), (4, 19), (4, 22), (5, 19), (6, 19), (7, 19), (7, 30), (8, 19), (9, 19), (10, 13), (10, 19), (10, 26), (11, 19), (12, 7), (12, 19)]","ገብርኤል in Sinksar on [(1, 23), (2, 23), (3, 23), (4, 23), (5, 23), (6, 21), (6, 23), (7, 23), (8, 23), (9, 23), (10, 23), (11, 23), (12, 23)] but in App DB on [(1, 19), (2, 19), (3, 19), (4, 19), (4, 22), (5, 19), (6, 19), (7, 19), (7, 30), (8, 19), (9, 19), (10, 13), (10, 19), (10, 26), (11, 19), (12, 7), (12, 19)] - which correct?"
AM-DRS-004,ድርሳነ መድኃኔ ዓለም በአማርኛ,መድኃኔ ዓለም,"[(12, 27)]","[(1, 27), (2, 27), (3, 27), (4, 27), (5, 27), (6, 27), (7, 27), (8, 27), (9, 27), (10, 27), (11, 27), (12, 27)]",[],"[(1, 27), (2, 27), (3, 27), (4, 27), (5, 27), (6, 27), (7, 27), (8, 27), (9, 27), (10, 27), (11, 27)]","መድኃኔ ዓለም in Sinksar on OK but in App DB on [(1, 27), (2, 27), (3, 27), (4, 27), (5, 27), (6, 27), (7, 27), (8, 27), (9, 27), (10, 27), (11, 27)] - which correct?"
AM-DRS-005,ድርሳነ ኤልያስ ነቢይ በአማርኛ,ኤልያስ ነቢይ,"[(1, 6), (2, 6), (3, 6), (5, 6), (6, 6), (7, 6), (7, 11), (8, 6), (9, 6), (10, 6), (11, 6), (12, 6), (12, 13)]","[(1, 6), (2, 6), (3, 6), (4, 1), (4, 6), (5, 6), (6, 6), (7, 6), (8, 6), (9, 6), (10, 6), (11, 6), (12, 6), (12, 13)]","[(7, 11)]","[(4, 1), (4, 6)]","ኤልያስ ነቢይ in Sinksar on [(7, 11)] but in App DB on [(4, 1), (4, 6)] - which correct?"
AM-GDL-001,ገድለ ቅዱስ አባ ጊዮርጊስ ዘጋሥጫ በአማርኛ,አባ ጊዮርጊስ ዘጋሥጫ,"[(5, 4)]","[(1, 7), (2, 7), (3, 7), (4, 7), (5, 7), (6, 7), (7, 7), (8, 7), (9, 7), (10, 7), (11, 7), (12, 7)]","[(5, 4)]","[(1, 7), (2, 7), (3, 7), (4, 7), (5, 7), (6, 7), (7, 7), (8, 7), (9, 7), (10, 7), (11, 7), (12, 7)]","አባ ጊዮርጊስ ዘጋሥጫ in Sinksar on [(5, 4)] but in App DB on [(1, 7), (2, 7), (3, 7), (4, 7), (5, 7), (6, 7), (7, 7), (8, 7), (9, 7), (10, 7), (11, 7), (12, 7)] - which correct?"
AM-GDL-004,ገድለ ተክለ ሃይማኖት በአማርኛ,ተክለ ሃይማኖት,"[(1, 24), (2, 24), (3, 24), (4, 24), (5, 24), (6, 24), (7, 24), (8, 24), (9, 24), (10, 24), (11, 24), (12, 24)]","[(1, 24), (2, 24), (3, 24), (4, 24), (5, 24), (6, 24), (7, 24), (8, 22), (8, 24), (9, 12), (9, 24), (10, 24), (11, 24), (12, 24)]",[],"[(8, 22), (9, 12)]","ተክለ ሃይማኖት in Sinksar on OK but in App DB on [(8, 22), (9, 12)] - which correct?"
AM-GDL-005,ገድለ ቅድስት ክርስቶስ ሠምራ በአማርኛ,ክርስቶስ ሠምራ,"[(1, 12), (1, 24), (2, 12), (2, 24), (3, 12), (3, 24), (4, 12), (4, 24), (6, 12), (6, 24), (7, 12), (7, 24), (8, 12), (8, 24), (9, 24), (10, 12), (10, 24), (11, 12), (11, 24), (12, 12), (12, 24)]","[(1, 24), (2, 24), (3, 24), (4, 24), (5, 24), (6, 24), (7, 24), (8, 24), (9, 12), (9, 24), (10, 24), (11, 24), (12, 24)]","[(1, 12), (2, 12), (3, 12), (4, 12), (6, 12), (7, 12), (8, 12), (10, 12), (11, 12), (12, 12)]","[(5, 24), (9, 12)]","ክርስቶስ ሠምራ in Sinksar on [(1, 12), (2, 12), (3, 12), (4, 12), (6, 12), (7, 12), (8, 12), (10, 12), (11, 12), (12, 12)] but in App DB on [(5, 24), (9, 12)] - which correct?"
AM-GDL-007,ገድለ አቡነ ገብረ መንፈስ ቅዱስ በአማርኛ,ገብረ መንፈስ ቅዱስ,"[(1, 5), (2, 5), (3, 5), (4, 5), (4, 29), (5, 5), (6, 5), (7, 29), (9, 5), (11, 5), (12, 5)]","[(1, 5), (2, 5), (3, 5), (4, 5), (4, 29), (5, 5), (6, 5), (7, 5), (7, 29), (8, 5), (9, 5), (10, 5), (11, 5), (12, 5)]",[],"[(7, 5), (8, 5), (10, 5)]","ገብረ መንፈስ ቅዱስ in Sinksar on OK but in App DB on [(7, 5), (8, 5), (10, 5)] - which correct?"
AM-GDL-008,ገድለ ሰማዕት ቅድስት አርሴማ በአማርኛ,ሰማዕት ቅድስት አርሴማ,"[(5, 29)]","[(1, 6), (1, 29), (2, 6), (3, 6), (4, 6), (5, 6), (6, 6), (7, 6), (8, 6), (9, 6), (10, 6), (10, 17), (11, 6), (12, 6)]","[(5, 29)]","[(1, 6), (1, 29), (2, 6), (3, 6), (4, 6), (5, 6), (6, 6), (7, 6), (8, 6), (9, 6), (10, 6), (10, 17), (11, 6), (12, 6)]","ሰማዕት ቅድስት አርሴማ in Sinksar on [(5, 29)] but in App DB on [(1, 6), (1, 29), (2, 6), (3, 6), (4, 6), (5, 6), (6, 6), (7, 6), (8, 6), (9, 6), (10, 6), (10, 17), (11, 6), (12, 6)] - which correct?"
AM-GDL-009,ገድለ ቅዱስ እስጢፋኖስ አማርኛ,እስጢፋኖስ አማርኛ,"[(5, 17)]","[(1, 15), (1, 17), (2, 17), (3, 17), (4, 17), (5, 1), (5, 17), (6, 17), (7, 17), (8, 17), (9, 17), (10, 17), (11, 17), (12, 17)]",[],"[(1, 15), (1, 17), (2, 17), (3, 17), (4, 17), (5, 1), (6, 17), (7, 17), (8, 17), (9, 17), (10, 17), (11, 17), (12, 17)]","እስጢፋኖስ አማርኛ in Sinksar on OK but in App DB on [(1, 15), (1, 17), (2, 17), (3, 17), (4, 17), (5, 1), (6, 17), (7, 17), (8, 17), (9, 17), (10, 17), (11, 17), (12, 17)] - which correct?"
AM-GDL-010,ገድለ ሰማዕታት በአማርኛ,ሰማዕታት,"[(7, 20), (8, 26)]","[(3, 4), (6, 12)]","[(7, 20), (8, 26)]","[(3, 4), (6, 12)]","ሰማዕታት in Sinksar on [(7, 20), (8, 26)] but in App DB on [(3, 4), (6, 12)] - which correct?"
AM-GDL-013,የቅዱስ ዮሐንስ ገድል በአማርኛ,ቅዱስ ዮሐንስ ገድል,"[(1, 14), (2, 14), (2, 18), (3, 14), (4, 14), (5, 14), (6, 14), (7, 14), (7, 27), (8, 14), (8, 21), (9, 14), (10, 9), (10, 14), (11, 11), (11, 14), (12, 5), (12, 14), (13, 3)]","[(1, 4), (1, 29), (2, 4), (3, 4), (4, 4), (5, 4), (6, 4), (7, 4), (8, 4), (9, 4), (9, 16), (10, 4), (11, 4), (11, 27), (12, 4)]","[(1, 14), (2, 14), (2, 18), (3, 14), (4, 14), (5, 14), (6, 14), (7, 14), (7, 27), (8, 14), (8, 21), (9, 14), (10, 9), (10, 14), (11, 11), (11, 14), (12, 5), (12, 14), (13, 3)]","[(1, 4), (1, 29), (2, 4), (3, 4), (4, 4), (5, 4), (6, 4), (7, 4), (8, 4), (9, 4), (9, 16), (10, 4), (11, 4), (11, 27), (12, 4)]","ቅዱስ ዮሐንስ ገድል in Sinksar on [(1, 14), (2, 14), (2, 18), (3, 14), (4, 14), (5, 14), (6, 14), (7, 14), (7, 27), (8, 14), (8, 21), (9, 14), (10, 9), (10, 14), (11, 11), (11, 14), (12, 5), (12, 14), (13, 3)] but in App DB on [(1, 4), (1, 29), (2, 4), (3, 4), (4, 4), (5, 4), (6, 4), (7, 4), (8, 4), (9, 4), (9, 16), (10, 4), (11, 4), (11, 27), (12, 4)] - which correct?"
AM-GDL-014,የአቡነ እስትንፋሰ ክርስቶስ ገድል በአማርኛ,አቡነ እስትንፋሰ ክርስቶስ ገድል,"[(1, 9), (2, 9), (3, 9), (4, 9), (5, 9), (7, 9), (9, 9), (10, 9), (11, 9), (12, 9)]","[(1, 9), (2, 9), (3, 9), (4, 9), (5, 9), (6, 9), (7, 9), (8, 9), (9, 9), (10, 9), (11, 9), (12, 9)]",[],"[(6, 9), (8, 9)]","አቡነ እስትንፋሰ ክርስቶስ ገድል in Sinksar on OK but in App DB on [(6, 9), (8, 9)] - which correct?"
AM-GDL-015,ገድለ ሰማዕት ቅዱስ መርቆሬዎስ በአማርኛ,ሰማዕት ቅዱስ መርቆሬዎስ,"[(1, 25), (2, 25), (3, 25), (3, 30), (4, 25), (6, 25), (7, 1), (7, 25), (8, 25), (9, 25), (10, 25), (12, 25)]","[(1, 25), (2, 25), (3, 25), (4, 25), (5, 25), (6, 25), (7, 25), (8, 25), (9, 25), (10, 25), (11, 25), (12, 25)]","[(3, 30), (7, 1)]","[(5, 25), (11, 25)]","ሰማዕት ቅዱስ መርቆሬዎስ in Sinksar on [(3, 30), (7, 1)] but in App DB on [(5, 25), (11, 25)] - which correct?"
AM-GDL-018,ገድለ ቅዱስ ጊዮርጊስ ሰማዕት በአማርኛ,ጊዮርጊስ ሰማዕት,"[(5, 4)]","[(1, 23), (2, 23), (3, 7), (3, 23), (4, 23), (5, 18), (5, 23), (6, 23), (7, 23), (8, 23), (9, 23), (10, 23), (11, 23), (12, 16), (12, 23)]","[(5, 4)]","[(1, 23), (2, 23), (3, 7), (3, 23), (4, 23), (5, 18), (5, 23), (6, 23), (7, 23), (8, 23), (9, 23), (10, 23), (11, 23), (12, 16), (12, 23)]","ጊዮርጊስ ሰማዕት in Sinksar on [(5, 4)] but in App DB on [(1, 23), (2, 23), (3, 7), (3, 23), (4, 23), (5, 18), (5, 23), (6, 23), (7, 23), (8, 23), (9, 23), (10, 23), (11, 23), (12, 16), (12, 23)] - which correct?"
AM-GDL-020,ገድለ እምነ ወለተ ጴጥሮስ በአማርኛ,እምነ ወለተ ጴጥሮስ,"[(6, 9)]","[(1, 17), (2, 17), (3, 17), (4, 17), (5, 17), (6, 17), (7, 17), (8, 17), (9, 17), (10, 17), (11, 17), (12, 17)]","[(6, 9)]","[(1, 17), (2, 17), (3, 17), (4, 17), (5, 17), (6, 17), (7, 17), (8, 17), (9, 17), (10, 17), (11, 17), (12, 17)]","እምነ ወለተ ጴጥሮስ in Sinksar on [(6, 9)] but in App DB on [(1, 17), (2, 17), (3, 17), (4, 17), (5, 17), (6, 17), (7, 17), (8, 17), (9, 17), (10, 17), (11, 17), (12, 17)] - which correct?"
AM-GDL-022,የመባዓ ጽዮን ገድል በአማርኛ,መባዓ ጽዮን ገድል,"[(2, 27), (3, 27), (4, 27)]","[(1, 27), (2, 27), (3, 27), (4, 27), (5, 27), (6, 27), (7, 27), (8, 27), (9, 27), (10, 27), (11, 27), (12, 27)]",[],"[(1, 27), (5, 27), (6, 27), (7, 27), (8, 27), (9, 27), (10, 27), (11, 27), (12, 27)]","መባዓ ጽዮን ገድል in Sinksar on OK but in App DB on [(1, 27), (5, 27), (6, 27), (7, 27), (8, 27), (9, 27), (10, 27), (11, 27), (12, 27)] - which correct?"
AM-GDL-023,የቅዱስ ቂርቆስና የቅድስት ኢየሉጣ ገድል በአማርኛ,ቅዱስ ቂርቆስና የቅድስት ኢየሉጣ ገድል,"[(4, 15)]","[(1, 15), (2, 15), (3, 15), (4, 15), (5, 15), (6, 15), (7, 15), (8, 15), (9, 15), (10, 15), (11, 15), (11, 19), (12, 15)]",[],"[(1, 15), (2, 15), (3, 15), (5, 15), (6, 15), (7, 15), (8, 15), (9, 15), (10, 15), (11, 15), (11, 19), (12, 15)]","ቅዱስ ቂርቆስና የቅድስት ኢየሉጣ ገድል in Sinksar on OK but in App DB on [(1, 15), (2, 15), (3, 15), (5, 15), (6, 15), (7, 15), (8, 15), (9, 15), (10, 15), (11, 15), (11, 19), (12, 15)] - which correct?"
AM-GDL-025,ገድለ ቅዱስ ዞሲማስ በአማርኛ,ዞሲማስ,"[(3, 9), (4, 9), (5, 9)]","[(1, 9), (2, 9), (3, 9), (4, 9), (5, 9), (6, 9), (7, 9), (8, 9), (9, 9), (10, 9), (11, 9), (12, 9)]",[],"[(1, 9), (2, 9), (6, 9), (7, 9), (8, 9), (9, 9), (10, 9), (11, 9), (12, 9)]","ዞሲማስ in Sinksar on OK but in App DB on [(1, 9), (2, 9), (6, 9), (7, 9), (8, 9), (9, 9), (10, 9), (11, 9), (12, 9)] - which correct?"
AM-GDL-027,ገድለ አቡነ እጨጌ ዮሐንስ ዘጸገሮ በአማርኛ,እጨጌ ዮሐንስ ዘጸገሮ,"[(1, 14), (2, 14), (2, 18), (3, 14), (4, 14), (5, 14), (6, 14), (7, 14), (7, 27), (8, 14), (8, 21), (9, 14), (10, 9), (10, 14), (11, 11), (11, 14), (12, 5), (12, 14), (13, 3)]","[(11, 29)]","[(1, 14), (2, 14), (2, 18), (3, 14), (4, 14), (5, 14), (6, 14), (7, 14), (7, 27), (8, 14), (8, 21), (9, 14), (10, 9), (10, 14), (11, 11), (11, 14), (12, 5), (12, 14), (13, 3)]","[(11, 29)]","እጨጌ ዮሐንስ ዘጸገሮ in Sinksar on [(1, 14), (2, 14), (2, 18), (3, 14), (4, 14), (5, 14), (6, 14), (7, 14), (7, 27), (8, 14), (8, 21), (9, 14), (10, 9), (10, 14), (11, 11), (11, 14), (12, 5), (12, 14), (13, 3)] but in App DB on [(11, 29)] - which correct?"
AM-GDL-028,ገድለ አቡነ አሮን መንክራዊ በአማርኛ,አሮን መንክራዊ,"[(1, 5)]","[(1, 5), (2, 5), (3, 5), (4, 5), (5, 5), (6, 5), (7, 5), (8, 5), (9, 5), (10, 5), (11, 5), (12, 5)]",[],"[(2, 5), (3, 5), (4, 5), (5, 5), (6, 5), (7, 5), (8, 5), (9, 5), (10, 5), (11, 5), (12, 5)]","አሮን መንክራዊ in Sinksar on OK but in App DB on [(2, 5), (3, 5), (4, 5), (5, 5), (6, 5), (7, 5), (8, 5), (9, 5), (10, 5), (11, 5), (12, 5)] - which correct?"
AM-GDL-029,ገድለ ቅዱስ ፊቅጦር በአማርኛ,ፊቅጦር,"[(4, 5), (5, 21), (5, 27), (6, 27), (7, 27)]","[(1, 27), (2, 27), (3, 27), (4, 5), (4, 27), (5, 27), (6, 13), (6, 27), (7, 27), (8, 27), (9, 27), (10, 27), (11, 27), (12, 27)]","[(5, 21)]","[(1, 27), (2, 27), (3, 27), (4, 27), (6, 13), (8, 27), (9, 27), (10, 27), (11, 27), (12, 27)]","ፊቅጦር in Sinksar on [(5, 21)] but in App DB on [(1, 27), (2, 27), (3, 27), (4, 27), (6, 13), (8, 27), (9, 27), (10, 27), (11, 27), (12, 27)] - which correct?"
AM-GDL-030,ገድለ ሰማዕት ቅዱስ ቴዎድሮስ በአማርኛ,ሰማዕት ቅዱስ ቴዎድሮስ,"[(4, 11), (7, 21), (10, 6)]","[(1, 12), (1, 20), (2, 12), (2, 20), (3, 5), (3, 12), (3, 20), (4, 12), (4, 20), (5, 12), (5, 20), (6, 12), (6, 20), (6, 28), (7, 12), (7, 20), (8, 12), (8, 20), (9, 12), (9, 20), (10, 12), (10, 20), (11, 12), (11, 20), (12, 12), (12, 20)]","[(4, 11), (7, 21), (10, 6)]","[(1, 12), (1, 20), (2, 12), (2, 20), (3, 5), (3, 12), (3, 20), (4, 12), (4, 20), (5, 12), (5, 20), (6, 12), (6, 20), (6, 28), (7, 12), (7, 20), (8, 12), (8, 20), (9, 12), (9, 20), (10, 12), (10, 20), (11, 12), (11, 20), (12, 12), (12, 20)]","ሰማዕት ቅዱስ ቴዎድሮስ in Sinksar on [(4, 11), (7, 21), (10, 6)] but in App DB on [(1, 12), (1, 20), (2, 12), (2, 20), (3, 5), (3, 12), (3, 20), (4, 12), (4, 20), (5, 12), (5, 20), (6, 12), (6, 20), (6, 28), (7, 12), (7, 20), (8, 12), (8, 20), (9, 12), (9, 20), (10, 12), (10, 20), (11, 12), (11, 20), (12, 12), (12, 20)] - which correct?"
AM-LAH-001,ላሐ ማርያም በአማርኛ,ማርያም,"[(2, 30), (8, 30)]","[(1, 21), (2, 21), (3, 21), (4, 21), (5, 21), (6, 21), (7, 21), (8, 21), (9, 1), (9, 21), (10, 21), (11, 21), (12, 16), (12, 21)]","[(2, 30), (8, 30)]","[(1, 21), (2, 21), (3, 21), (4, 21), (5, 21), (6, 21), (7, 21), (8, 21), (9, 1), (9, 21), (10, 21), (11, 21), (12, 16), (12, 21)]","ማርያም in Sinksar on [(2, 30), (8, 30)] but in App DB on [(1, 21), (2, 21), (3, 21), (4, 21), (5, 21), (6, 21), (7, 21), (8, 21), (9, 1), (9, 21), (10, 21), (11, 21), (12, 16), (12, 21)] - which correct?"
AM-MEL-005,መልክዐ መቃርዮስ በአማርኛ,መቃርዮስ,"[(6, 4)]","[(1, 27), (2, 27), (3, 27), (4, 27), (5, 8), (5, 27), (6, 27), (7, 13), (7, 27), (8, 27), (9, 27), (10, 27), (11, 14), (11, 27), (12, 19), (12, 27)]","[(6, 4)]","[(1, 27), (2, 27), (3, 27), (4, 27), (5, 8), (5, 27), (6, 27), (7, 13), (7, 27), (8, 27), (9, 27), (10, 27), (11, 14), (11, 27), (12, 19), (12, 27)]","መቃርዮስ in Sinksar on [(6, 4)] but in App DB on [(1, 27), (2, 27), (3, 27), (4, 27), (5, 8), (5, 27), (6, 27), (7, 13), (7, 27), (8, 27), (9, 27), (10, 27), (11, 14), (11, 27), (12, 19), (12, 27)] - which correct?"
AM-MEL-008,መልክዐ ማርያም ሣልሲት በአማርኛ,ማርያም ሣልሲት,"[(2, 30), (8, 30)]","[(1, 21), (2, 21), (3, 21), (4, 21), (5, 21), (6, 21), (7, 21), (8, 21), (9, 1), (9, 21), (10, 21), (11, 21), (12, 16), (12, 21)]","[(2, 30), (8, 30)]","[(1, 21), (2, 21), (3, 21), (4, 21), (5, 21), (6, 21), (7, 21), (8, 21), (9, 1), (9, 21), (10, 21), (11, 21), (12, 16), (12, 21)]","ማርያም ሣልሲት in Sinksar on [(2, 30), (8, 30)] but in App DB on [(1, 21), (2, 21), (3, 21), (4, 21), (5, 21), (6, 21), (7, 21), (8, 21), (9, 1), (9, 21), (10, 21), (11, 21), (12, 16), (12, 21)] - which correct?"
AM-MEL-009,መልክዐ ማርያም በአማርኛ,ማርያም,"[(2, 30), (8, 30)]","[(1, 21), (2, 21), (3, 21), (4, 21), (5, 21), (6, 21), (7, 21), (8, 21), (9, 1), (9, 21), (10, 21), (11, 21), (12, 16), (12, 21)]","[(2, 30), (8, 30)]","[(1, 21), (2, 21), (3, 21), (4, 21), (5, 21), (6, 21), (7, 21), (8, 21), (9, 1), (9, 21), (10, 21), (11, 21), (12, 16), (12, 21)]","ማርያም in Sinksar on [(2, 30), (8, 30)] but in App DB on [(1, 21), (2, 21), (3, 21), (4, 21), (5, 21), (6, 21), (7, 21), (8, 21), (9, 1), (9, 21), (10, 21), (11, 21), (12, 16), (12, 21)] - which correct?"
AM-MEL-015,መልክዐ ቅዱስ ቂርቆስ በአማርኛ,ቂርቆስ,"[(4, 15)]","[(1, 15), (2, 15), (3, 15), (4, 15), (5, 15), (6, 15), (7, 15), (8, 15), (9, 15), (10, 15), (11, 15), (11, 19), (12, 15)]",[],"[(1, 15), (2, 15), (3, 15), (5, 15), (6, 15), (7, 15), (8, 15), (9, 15), (10, 15), (11, 15), (11, 19), (12, 15)]","ቂርቆስ in Sinksar on OK but in App DB on [(1, 15), (2, 15), (3, 15), (5, 15), (6, 15), (7, 15), (8, 15), (9, 15), (10, 15), (11, 15), (11, 19), (12, 15)] - which correct?"
AM-MEL-016,መልክዐ ቅዱስ ዮሐንስ ወንጌላዊ በአማርኛ,ዮሐንስ ወንጌላዊ,"[(1, 4), (1, 29), (2, 4), (3, 4), (4, 4), (5, 4), (9, 16), (11, 27)]","[(1, 4), (1, 29), (2, 4), (3, 4), (4, 4), (5, 4), (6, 4), (7, 4), (8, 4), (9, 4), (9, 16), (10, 4), (11, 4), (11, 27), (12, 4)]",[],"[(6, 4), (7, 4), (8, 4), (9, 4), (10, 4), (11, 4), (12, 4)]","ዮሐንስ ወንጌላዊ in Sinksar on OK but in App DB on [(6, 4), (7, 4), (8, 4), (9, 4), (10, 4), (11, 4), (12, 4)] - which correct?"
AM-MEL-017,መልክዐ ቅድስት ጸበለ ማርያም በአማርኛ,ጸበለ ማርያም,"[(2, 24)]","[(1, 24), (2, 24), (3, 24), (4, 24), (5, 24), (6, 24), (7, 24), (8, 24), (9, 24), (10, 24), (11, 24), (12, 24)]",[],"[(1, 24), (3, 24), (4, 24), (5, 24), (6, 24), (7, 24), (8, 24), (9, 24), (10, 24), (11, 24), (12, 24)]","ጸበለ ማርያም in Sinksar on OK but in App DB on [(1, 24), (3, 24), (4, 24), (5, 24), (6, 24), (7, 24), (8, 24), (9, 24), (10, 24), (11, 24), (12, 24)] - which correct?"
AM-MEL-018,መልክዐ ቅድስት ፍቅርተ ክርስቶስ በአማርኛ,ፍቅርተ ክርስቶስ,"[(7, 29)]","[(1, 29), (2, 29), (3, 29), (4, 29), (5, 29), (6, 29), (7, 29), (8, 29), (9, 29), (10, 29), (11, 29), (12, 29)]",[],"[(1, 29), (2, 29), (3, 29), (4, 29), (5, 29), (6, 29), (8, 29), (9, 29), (10, 29), (11, 29), (12, 29)]","ፍቅርተ ክርስቶስ in Sinksar on OK but in App DB on [(1, 29), (2, 29), (3, 29), (4, 29), (5, 29), (6, 29), (8, 29), (9, 29), (10, 29), (11, 29), (12, 29)] - which correct?"
AM-MEL-020,መልክዐ አቡነ ዕጨጌ ዮሐንስ በአማርኛ,ዕጨጌ ዮሐንስ,"[(1, 14), (2, 14), (2, 18), (3, 14), (4, 14), (5, 14), (6, 14), (7, 14), (7, 27), (8, 14), (8, 21), (9, 14), (10, 9), (10, 14), (11, 11), (11, 14), (12, 5), (12, 14), (13, 3)]","[(11, 29)]","[(1, 14), (2, 14), (2, 18), (3, 14), (4, 14), (5, 14), (6, 14), (7, 14), (7, 27), (8, 14), (8, 21), (9, 14), (10, 9), (10, 14), (11, 11), (11, 14), (12, 5), (12, 14), (13, 3)]","[(11, 29)]","ዕጨጌ ዮሐንስ in Sinksar on [(1, 14), (2, 14), (2, 18), (3, 14), (4, 14), (5, 14), (6, 14), (7, 14), (7, 27), (8, 14), (8, 21), (9, 14), (10, 9), (10, 14), (11, 11), (11, 14), (12, 5), (12, 14), (13, 3)] but in App DB on [(11, 29)] - which correct?"
AM-MEL-021,መልክዐ አቡነ ዮሐንስ ጻድቅ በአማርኛ,ዮሐንስ ጻድቅ,"[(1, 16), (2, 16), (9, 7), (11, 16), (12, 16)]","[(1, 16), (2, 16), (3, 16), (4, 16), (5, 16), (5, 20), (6, 16), (7, 16), (8, 16), (9, 7), (9, 16), (10, 16), (11, 16), (12, 16)]",[],"[(3, 16), (4, 16), (5, 16), (5, 20), (6, 16), (7, 16), (8, 16), (9, 16), (10, 16)]","ዮሐንስ ጻድቅ in Sinksar on OK but in App DB on [(3, 16), (4, 16), (5, 16), (5, 20), (6, 16), (7, 16), (8, 16), (9, 16), (10, 16)] - which correct?"
AM-MEL-022,መልክዐ አብርሃም ይሥሐቅ ያዕቆብ በአማርኛ,አብርሃም ይሥሐቅ ያዕቆብ,"[(12, 28)]","[(1, 28), (2, 28), (3, 28), (4, 28), (5, 28), (6, 28), (7, 28), (8, 28), (9, 28), (10, 28), (11, 28), (12, 24), (12, 28)]",[],"[(1, 28), (2, 28), (3, 28), (4, 28), (5, 28), (6, 28), (7, 28), (8, 28), (9, 28), (10, 28), (11, 28), (12, 24)]","አብርሃም ይሥሐቅ ያዕቆብ in Sinksar on OK but in App DB on [(1, 28), (2, 28), (3, 28), (4, 28), (5, 28), (6, 28), (7, 28), (8, 28), (9, 28), (10, 28), (11, 28), (12, 24)] - which correct?"
AM-MEL-027,መልክዐ ኪዳነ ምሕረት በአማርኛ,ኪዳነ ምሕረት,"[(1, 16), (2, 16), (3, 16), (4, 16), (6, 16), (7, 16), (8, 16), (9, 16), (10, 16), (11, 16), (12, 16)]","[(1, 16), (2, 16), (3, 16), (4, 16), (5, 16), (6, 16), (7, 16), (8, 16), (9, 16), (10, 16), (11, 16), (12, 16)]",[],"[(5, 16)]","ኪዳነ ምሕረት in Sinksar on OK but in App DB on [(5, 16)] - which correct?"
AM-MEL-033,የሐዋርያው የቅዱስ ታዴዎስ መልክዕ በአማርኛ,ሐዋርያው የቅዱስ ታዴዎስ መልክዕ,"[(5, 2), (6, 2), (7, 2), (8, 2), (9, 2), (10, 2)]","[(1, 2), (2, 2), (3, 2), (4, 2), (5, 2), (6, 2), (7, 2), (8, 2), (9, 2), (10, 2), (11, 2), (11, 29), (12, 2)]",[],"[(1, 2), (2, 2), (3, 2), (4, 2), (11, 2), (11, 29), (12, 2)]","ሐዋርያው የቅዱስ ታዴዎስ መልክዕ in Sinksar on OK but in App DB on [(1, 2), (2, 2), (3, 2), (4, 2), (11, 2), (11, 29), (12, 2)] - which correct?"
AM-MEL-037,የቅዱሳን ሠለስቱ ደቂቅ መልክዕ በአማርኛ,ቅዱሳን ሠለስቱ ደቂቅ መልክዕ,"[(4, 2)]","[(4, 2), (4, 19), (9, 10)]",[],"[(4, 19), (9, 10)]","ቅዱሳን ሠለስቱ ደቂቅ መልክዕ in Sinksar on OK but in App DB on [(4, 19), (9, 10)] - which correct?"
AM-MEL-042,የቅዱስ ማርቆስ 2ኛ መልክዕ በአማርኛ,ቅዱስ ማርቆስ 2ኛ መልክዕ,"[(2, 30), (3, 30), (4, 17), (4, 30), (8, 30)]","[(1, 30), (2, 30), (3, 30), (4, 30), (5, 30), (6, 30), (7, 30), (8, 30), (9, 30), (10, 30), (11, 30), (12, 30)]","[(4, 17)]","[(1, 30), (5, 30), (6, 30), (7, 30), (9, 30), (10, 30), (11, 30), (12, 30)]","ቅዱስ ማርቆስ 2ኛ መልክዕ in Sinksar on [(4, 17)] but in App DB on [(1, 30), (5, 30), (6, 30), (7, 30), (9, 30), (10, 30), (11, 30), (12, 30)] - which correct?"
AM-MEL-045,የቅዱስ እስጢፋኖስ 2ኛ መልክዕ በአማርኛ,ቅዱስ እስጢፋኖስ 2ኛ መልክዕ,"[(5, 17)]","[(1, 15), (1, 17), (2, 17), (3, 17), (4, 17), (5, 1), (5, 17), (6, 17), (7, 17), (8, 17), (9, 17), (10, 17), (11, 17), (12, 17)]",[],"[(1, 15), (1, 17), (2, 17), (3, 17), (4, 17), (5, 1), (6, 17), (7, 17), (8, 17), (9, 17), (10, 17), (11, 17), (12, 17)]","ቅዱስ እስጢፋኖስ 2ኛ መልክዕ in Sinksar on OK but in App DB on [(1, 15), (1, 17), (2, 17), (3, 17), (4, 17), (5, 1), (6, 17), (7, 17), (8, 17), (9, 17), (10, 17), (11, 17), (12, 17)] - which correct?"
AM-MEL-046,የቅዱስ እንድርያስ ሐዋርያ መልክዕ በአማርኛ,ቅዱስ እንድርያስ ሐዋርያ መልክዕ,"[(1, 4), (2, 4), (3, 4), (4, 4), (5, 4), (7, 4), (8, 4), (9, 4), (10, 4), (11, 4), (11, 30), (12, 4), (12, 30)]","[(1, 4), (2, 4), (3, 4), (4, 4), (5, 4), (6, 4), (7, 4), (8, 4), (9, 4), (10, 4), (11, 4), (11, 30), (12, 4), (12, 30)]",[],"[(6, 4)]","ቅዱስ እንድርያስ ሐዋርያ መልክዕ in Sinksar on OK but in App DB on [(6, 4)] - which correct?"
AM-MEL-047,የቅዱስ ዮሐንስ 2ኛ መልክዕ በአማርኛ,ቅዱስ ዮሐንስ 2ኛ መልክዕ,"[(1, 14), (2, 14), (2, 18), (3, 14), (4, 14), (5, 14), (6, 14), (7, 14), (7, 27), (8, 14), (8, 21), (9, 14), (10, 9), (10, 14), (11, 11), (11, 14), (12, 5), (12, 14), (13, 3)]","[(1, 4), (1, 29), (2, 4), (3, 4), (4, 4), (5, 4), (6, 4), (7, 4), (8, 4), (9, 4), (9, 16), (10, 4), (11, 4), (11, 27), (12, 4)]","[(1, 14), (2, 14), (2, 18), (3, 14), (4, 14), (5, 14), (6, 14), (7, 14), (7, 27), (8, 14), (8, 21), (9, 14), (10, 9), (10, 14), (11, 11), (11, 14), (12, 5), (12, 14), (13, 3)]","[(1, 4), (1, 29), (2, 4), (3, 4), (4, 4), (5, 4), (6, 4), (7, 4), (8, 4), (9, 4), (9, 16), (10, 4), (11, 4), (11, 27), (12, 4)]","ቅዱስ ዮሐንስ 2ኛ መልክዕ in Sinksar on [(1, 14), (2, 14), (2, 18), (3, 14), (4, 14), (5, 14), (6, 14), (7, 14), (7, 27), (8, 14), (8, 21), (9, 14), (10, 9), (10, 14), (11, 11), (11, 14), (12, 5), (12, 14), (13, 3)] but in App DB on [(1, 4), (1, 29), (2, 4), (3, 4), (4, 4), (5, 4), (6, 4), (7, 4), (8, 4), (9, 4), (9, 16), (10, 4), (11, 4), (11, 27), (12, 4)] - which correct?"
AM-MEL-048,የቅዱስ ዮሐንስ መጥምቅ መልክዕ በአማርኛ,ቅዱስ ዮሐንስ መጥምቅ መልክዕ,"[(1, 26), (3, 12), (5, 11), (5, 21), (13, 1)]","[(1, 1), (1, 2), (1, 26), (1, 30), (2, 2), (2, 30), (3, 2), (3, 30), (4, 2), (4, 30), (5, 2), (5, 11), (5, 30), (6, 2), (6, 30), (7, 2), (7, 30), (8, 2), (8, 15), (8, 30), (9, 2), (9, 30), (10, 2), (10, 30), (11, 2), (11, 30), (12, 2), (12, 30), (13, 1)]","[(3, 12), (5, 21)]","[(1, 1), (1, 2), (1, 30), (2, 2), (2, 30), (3, 2), (3, 30), (4, 2), (4, 30), (5, 2), (5, 30), (6, 2), (6, 30), (7, 2), (7, 30), (8, 2), (8, 15), (8, 30), (9, 2), (9, 30), (10, 2), (10, 30), (11, 2), (11, 30), (12, 2), (12, 30)]","ቅዱስ ዮሐንስ መጥምቅ መልክዕ in Sinksar on [(3, 12), (5, 21)] but in App DB on [(1, 1), (1, 2), (1, 30), (2, 2), (2, 30), (3, 2), (3, 30), (4, 2), (4, 30), (5, 2), (5, 30), (6, 2), (6, 30), (7, 2), (7, 30), (8, 2), (8, 15), (8, 30), (9, 2), (9, 30), (10, 2), (10, 30), (11, 2), (11, 30), (12, 2), (12, 30)] - which correct?"
AM-MEL-050,የቅዱስ ገብርኤል መልክዕ በአማርኛ,ቅዱስ ገብርኤል መልክዕ,"[(1, 23), (2, 23), (3, 23), (4, 23), (5, 23), (6, 21), (6, 23), (7, 23), (8, 23), (9, 23), (10, 23), (11, 23), (12, 23)]","[(1, 19), (2, 19), (3, 19), (4, 19), (4, 22), (5, 19), (6, 19), (7, 19), (7, 30), (8, 19), (9, 19), (10, 13), (10, 19), (10, 26), (11, 19), (12, 7), (12, 19)]","[(1, 23), (2, 23), (3, 23), (4, 23), (5, 23), (6, 21), (6, 23), (7, 23), (8, 23), (9, 23), (10, 23), (11, 23), (12, 23)]","[(1, 19), (2, 19), (3, 19), (4, 19), (4, 22), (5, 19), (6, 19), (7, 19), (7, 30), (8, 19), (9, 19), (10, 13), (10, 19), (10, 26), (11, 19), (12, 7), (12, 19)]","ቅዱስ ገብርኤል መልክዕ in Sinksar on [(1, 23), (2, 23), (3, 23), (4, 23), (5, 23), (6, 21), (6, 23), (7, 23), (8, 23), (9, 23), (10, 23), (11, 23), (12, 23)] but in App DB on [(1, 19), (2, 19), (3, 19), (4, 19), (4, 22), (5, 19), (6, 19), (7, 19), (7, 30), (8, 19), (9, 19), (10, 13), (10, 19), (10, 26), (11, 19), (12, 7), (12, 19)] - which correct?"
AM-MEL-051,የቅዱስ ጊዮርጊስ መልክዕ በአማርኛ,ቅዱስ ጊዮርጊስ መልክዕ,"[(5, 4)]","[(1, 23), (2, 23), (3, 7), (3, 23), (4, 23), (5, 18), (5, 23), (6, 23), (7, 23), (8, 23), (9, 23), (10, 23), (11, 23), (12, 16), (12, 23)]","[(5, 4)]","[(1, 23), (2, 23), (3, 7), (3, 23), (4, 23), (5, 18), (5, 23), (6, 23), (7, 23), (8, 23), (9, 23), (10, 23), (11, 23), (12, 16), (12, 23)]","ቅዱስ ጊዮርጊስ መልክዕ in Sinksar on [(5, 4)] but in App DB on [(1, 23), (2, 23), (3, 7), (3, 23), (4, 23), (5, 18), (5, 23), (6, 23), (7, 23), (8, 23), (9, 23), (10, 23), (11, 23), (12, 16), (12, 23)] - which correct?"
AM-MEL-052,የነቢዩ የቅዱስ ኤልያስ 3ኛ መልክዕ በአማርኛ,ነቢዩ የቅዱስ ኤልያስ 3ኛ መልክዕ,"[(1, 6), (2, 6), (3, 6), (5, 6), (6, 6), (7, 6), (7, 11), (8, 6), (9, 6), (10, 6), (11, 6), (12, 6), (12, 13)]","[(1, 6), (2, 6), (3, 6), (4, 1), (4, 6), (5, 6), (6, 6), (7, 6), (8, 6), (9, 6), (10, 6), (11, 6), (12, 6), (12, 13)]","[(7, 11)]","[(4, 1), (4, 6)]","ነቢዩ የቅዱስ ኤልያስ 3ኛ መልክዕ in Sinksar on [(7, 11)] but in App DB on [(4, 1), (4, 6)] - which correct?"
AM-MEL-054,የአቡነ ሳሙኤል ዘዋልድባ መልክዕ በአማርኛ,አቡነ ሳሙኤል ዘዋልድባ መልክዕ,"[(1, 12), (2, 12), (3, 12), (4, 12), (6, 12), (7, 12), (8, 12), (9, 12), (10, 12), (11, 12), (12, 12)]","[(1, 12), (2, 12), (3, 12), (4, 12), (5, 12), (6, 12), (7, 12), (8, 12), (9, 12), (10, 12), (11, 12), (12, 12)]",[],"[(5, 12)]","አቡነ ሳሙኤል ዘዋልድባ መልክዕ in Sinksar on OK but in App DB on [(5, 12)] - which correct?"
AM-MEL-055,የአቡነ ሳሙኤል ዘዋልድባ ኹለተኛ መልክዕ በአማርኛ,አቡነ ሳሙኤል ዘዋልድባ ኹለተኛ መልክዕ,"[(1, 12), (2, 12), (3, 12), (4, 12), (6, 12), (7, 12), (8, 12), (9, 12), (10, 12), (11, 12), (12, 12)]","[(1, 12), (2, 12), (3, 12), (4, 12), (5, 12), (6, 12), (7, 12), (8, 12), (9, 12), (10, 12), (11, 12), (12, 12)]",[],"[(5, 12)]","አቡነ ሳሙኤል ዘዋልድባ ኹለተኛ መልክዕ in Sinksar on OK but in App DB on [(5, 12)] - which correct?"
AM-MEL-057,የአቡነ ተክለ ሃይማኖት 2ኛ መልክዕ በአማርኛ,አቡነ ተክለ ሃይማኖት 2ኛ መልክዕ,"[(1, 24), (2, 24), (3, 24), (4, 24), (5, 24), (6, 24), (7, 24), (8, 24), (9, 24), (10, 24), (11, 24), (12, 24)]","[(1, 24), (2, 24), (3, 24), (4, 24), (5, 24), (6, 24), (7, 24), (8, 22), (8, 24), (9, 12), (9, 24), (10, 24), (11, 24), (12, 24)]",[],"[(8, 22), (9, 12)]","አቡነ ተክለ ሃይማኖት 2ኛ መልክዕ in Sinksar on OK but in App DB on [(8, 22), (9, 12)] - which correct?"
AM-MEL-058,የአቡነ ተክለ ሃይማኖት መልክዕ በአማርኛ,አቡነ ተክለ ሃይማኖት መልክዕ,"[(1, 24), (2, 24), (3, 24), (4, 24), (5, 24), (6, 24), (7, 24), (8, 24), (9, 24), (10, 24), (11, 24), (12, 24)]","[(1, 24), (2, 24), (3, 24), (4, 24), (5, 24), (6, 24), (7, 24), (8, 22), (8, 24), (9, 12), (9, 24), (10, 24), (11, 24), (12, 24)]",[],"[(8, 22), (9, 12)]","አቡነ ተክለ ሃይማኖት መልክዕ in Sinksar on OK but in App DB on [(8, 22), (9, 12)] - which correct?"
AM-MEL-061,የአቡነ ዘርዐ ቡሩክ መልክዕ በአማርኛ,አቡነ ዘርዐ ቡሩክ መልክዕ,"[(1, 13), (2, 13), (3, 13), (6, 13), (7, 13), (8, 13), (9, 13), (10, 13), (11, 13), (12, 13)]","[(1, 13), (2, 13), (3, 13), (4, 13), (5, 13), (6, 13), (7, 13), (8, 13), (9, 13), (10, 13), (11, 13), (12, 13)]",[],"[(4, 13), (5, 13)]","አቡነ ዘርዐ ቡሩክ መልክዕ in Sinksar on OK but in App DB on [(4, 13), (5, 13)] - which correct?"
AM-MEL-063,የአባታችን አብርሃም መልክዕ በአማርኛ,አባታችን አብርሃም መልክዕ,"[(12, 28)]","[(11, 7), (12, 28)]",[],"[(11, 7)]","አባታችን አብርሃም መልክዕ in Sinksar on OK but in App DB on [(11, 7)] - which correct?"
AM-MEL-064,የጽዮን ማርያም 3ኛ መልክዕ በአማርኛ,ጽዮን ማርያም 3ኛ መልክዕ,"[(2, 30), (8, 30)]","[(1, 21), (2, 21), (3, 21), (4, 21), (5, 21), (6, 21), (7, 21), (8, 21), (9, 1), (9, 21), (10, 21), (11, 21), (12, 16), (12, 21)]","[(2, 30), (8, 30)]","[(1, 21), (2, 21), (3, 21), (4, 21), (5, 21), (6, 21), (7, 21), (8, 21), (9, 1), (9, 21), (10, 21), (11, 21), (12, 16), (12, 21)]","ጽዮን ማርያም 3ኛ መልክዕ in Sinksar on [(2, 30), (8, 30)] but in App DB on [(1, 21), (2, 21), (3, 21), (4, 21), (5, 21), (6, 21), (7, 21), (8, 21), (9, 1), (9, 21), (10, 21), (11, 21), (12, 16), (12, 21)] - which correct?"
AM-MEL-065,ጸሎተ መልክዐ ሥቃዩ ለቅዱስ ጊዮርጊስ ሊቀ ሰማዕታት በአማርኛ,ጸሎተ መልክዐ ሥቃዩ ለቅዱስ ጊዮርጊስ ሊቀ ሰማዕታት,"[(1, 23), (2, 23), (3, 7), (3, 23), (4, 23), (5, 23), (6, 23), (7, 23), (8, 23), (9, 23), (10, 23), (11, 23), (12, 16), (12, 23)]","[(1, 23), (2, 23), (3, 7), (3, 23), (4, 23), (5, 18), (5, 23), (6, 23), (7, 23), (8, 23), (9, 23), (10, 23), (11, 23), (12, 16), (12, 23)]",[],"[(5, 18)]","ጸሎተ መልክዐ ሥቃዩ ለቅዱስ ጊዮርጊስ ሊቀ ሰማዕታት in Sinksar on OK but in App DB on [(5, 18)] - which correct?"
AM-MEL-066,ጸሎተ መልክዕ ዘቅዱስ ጊዮርጊስ ሊቀ ሰማዕታት በአማርኛ,ጸሎተ መልክዕ ዘቅዱስ ጊዮርጊስ ሊቀ ሰማዕታት,"[(1, 23), (2, 23), (3, 7), (3, 23), (4, 23), (5, 23), (6, 23), (7, 23), (8, 23), (9, 23), (10, 23), (11, 23), (12, 16), (12, 23)]","[(1, 23), (2, 23), (3, 7), (3, 23), (4, 23), (5, 18), (5, 23), (6, 23), (7, 23), (8, 23), (9, 23), (10, 23), (11, 23), (12, 16), (12, 23)]",[],"[(5, 18)]","ጸሎተ መልክዕ ዘቅዱስ ጊዮርጊስ ሊቀ ሰማዕታት in Sinksar on OK but in App DB on [(5, 18)] - which correct?"
AM-MEL-067,ጸሎተ መልክዕ ዘቅዱስ ጊዮርጊስ ሊቀ ሰማዕታት ካልዕ በአማርኛ,ጸሎተ መልክዕ ዘቅዱስ ጊዮርጊስ ሊቀ ሰማዕታት ካልዕ,"[(1, 23), (2, 23), (3, 7), (3, 23), (4, 23), (5, 23), (6, 23), (7, 23), (8, 23), (9, 23), (10, 23), (11, 23), (12, 16), (12, 23)]","[(1, 23), (2, 23), (3, 7), (3, 23), (4, 23), (5, 18), (5, 23), (6, 23), (7, 23), (8, 23), (9, 23), (10, 23), (11, 23), (12, 16), (12, 23)]",[],"[(5, 18)]","ጸሎተ መልክዕ ዘቅዱስ ጊዮርጊስ ሊቀ ሰማዕታት ካልዕ in Sinksar on OK but in App DB on [(5, 18)] - which correct?"
AM-RAY-001,ራዕየ ማርያም በአማርኛ,ማርያም,"[(2, 30), (8, 30)]","[(1, 21), (2, 21), (3, 21), (4, 21), (5, 21), (6, 21), (7, 21), (8, 21), (9, 1), (9, 21), (10, 21), (11, 21), (12, 16), (12, 21)]","[(2, 30), (8, 30)]","[(1, 21), (2, 21), (3, 21), (4, 21), (5, 21), (6, 21), (7, 21), (8, 21), (9, 1), (9, 21), (10, 21), (11, 21), (12, 16), (12, 21)]","ማርያም in Sinksar on [(2, 30), (8, 30)] but in App DB on [(1, 21), (2, 21), (3, 21), (4, 21), (5, 21), (6, 21), (7, 21), (8, 21), (9, 1), (9, 21), (10, 21), (11, 21), (12, 16), (12, 21)] - which correct?"
AM-SIB-001,ስብሐተ ፍቁር ዘቅዱስ ጊዮርጊስ ሊቀ ሰማዕታት በአማርኛ,ፍቁር ዘቅዱስ ጊዮርጊስ ሊቀ ሰማዕታት,"[(1, 23), (2, 23), (3, 7), (3, 23), (4, 23), (5, 23), (6, 23), (7, 23), (8, 23), (9, 23), (10, 23), (11, 23), (12, 16), (12, 23)]","[(1, 23), (2, 23), (3, 7), (3, 23), (4, 23), (5, 18), (5, 23), (6, 23), (7, 23), (8, 23), (9, 23), (10, 23), (11, 23), (12, 16), (12, 23)]",[],"[(5, 18)]","ፍቁር ዘቅዱስ ጊዮርጊስ ሊቀ ሰማዕታት in Sinksar on OK but in App DB on [(5, 18)] - which correct?"
AM-TAM-002,ተአምረ ማርያም በአማርኛ,ማርያም,"[(4, 22)]","[(1, 21), (2, 21), (3, 21), (4, 21), (5, 21), (6, 21), (7, 21), (8, 21), (9, 1), (9, 21), (10, 21), (11, 21), (12, 16), (12, 21)]","[(4, 22)]","[(1, 21), (2, 21), (3, 21), (4, 21), (5, 21), (6, 21), (7, 21), (8, 21), (9, 1), (9, 21), (10, 21), (11, 21), (12, 16), (12, 21)]","ማርያም in Sinksar on [(4, 22)] but in App DB on [(1, 21), (2, 21), (3, 21), (4, 21), (5, 21), (6, 21), (7, 21), (8, 21), (9, 1), (9, 21), (10, 21), (11, 21), (12, 16), (12, 21)] - which correct?"
AM-TEA-002,ተአምኆ ዘሥሉስ ቅዱስ በአማርኛ,ተአምኆ ዘሥሉስ ቅዱስ,"[(1, 7), (2, 7), (3, 7), (4, 7), (6, 7), (7, 7), (8, 7), (10, 7), (12, 7)]",[],"[(1, 7), (2, 7), (3, 7), (4, 7), (6, 7), (7, 7), (8, 7), (10, 7), (12, 7)]",[],"ተአምኆ ዘሥሉስ ቅዱስ in Sinksar on [(1, 7), (2, 7), (3, 7), (4, 7), (6, 7), (7, 7), (8, 7), (10, 7), (12, 7)] but in App DB on OK - which correct?"
AM-TEA-003,ተአምኆ ዘሥሉስ ቅዱስ መልክዕ በአማርኛ,ተአምኆ ዘሥሉስ ቅዱስ መልክዕ,"[(1, 7), (2, 7), (3, 7), (4, 7), (6, 7), (7, 7), (8, 7), (10, 7), (12, 7)]",[],"[(1, 7), (2, 7), (3, 7), (4, 7), (6, 7), (7, 7), (8, 7), (10, 7), (12, 7)]",[],"ተአምኆ ዘሥሉስ ቅዱስ መልክዕ in Sinksar on [(1, 7), (2, 7), (3, 7), (4, 7), (6, 7), (7, 7), (8, 7), (10, 7), (12, 7)] but in App DB on OK - which correct?"
AM-WUD-002,ውዳሴ ማርያም በአማርኛ,ማርያም,"[(2, 30), (8, 30)]",[],"[(2, 30), (8, 30)]",[],"ማርያም in Sinksar on [(2, 30), (8, 30)] but in App DB on OK - which correct?"
AM-ZNA-003,ዜና ሐዋርያት በአማርኛ,ሐዋርያት,"[(10, 20), (10, 21), (12, 16)]","[(11, 5), (12, 15)]","[(10, 20), (10, 21), (12, 16)]","[(11, 5), (12, 15)]","ሐዋርያት in Sinksar on [(10, 20), (10, 21), (12, 16)] but in App DB on [(11, 5), (12, 15)] - which correct?"
GZ-DRS-005,ድርሳነ መድኃኔ ዓለም በግእዝ,መድኃኔ ዓለም,"[(12, 27)]","[(1, 27), (2, 27), (3, 27), (4, 27), (5, 27), (6, 27), (7, 27), (8, 27), (9, 27), (10, 27), (11, 27), (12, 27)]",[],"[(1, 27), (2, 27), (3, 27), (4, 27), (5, 27), (6, 27), (7, 27), (8, 27), (9, 27), (10, 27), (11, 27)]","መድኃኔ ዓለም in Sinksar on OK but in App DB on [(1, 27), (2, 27), (3, 27), (4, 27), (5, 27), (6, 27), (7, 27), (8, 27), (9, 27), (10, 27), (11, 27)] - which correct?"
GZ-DRS-007,ድርሳን ዘቅዱስ ኢያቄም ወቅድስት ሐና በግእዝ,ቅዱስ ኢያቄም ወቅድስት ሐና,"[(8, 7)]","[(1, 1), (1, 3), (1, 7), (1, 11), (1, 12), (2, 1), (2, 3), (2, 11), (3, 1), (3, 3), (3, 11), (4, 1), (4, 3), (4, 11), (4, 13), (5, 1), (5, 3), (5, 11), (6, 1), (6, 3), (6, 11), (7, 1), (7, 3), (7, 11), (8, 1), (8, 3), (8, 7), (8, 11), (9, 1), (9, 3), (9, 11), (10, 1), (10, 3), (10, 11), (11, 1), (11, 3), (11, 11), (12, 1), (12, 3), (12, 7), (12, 11)]",[],"[(1, 1), (1, 3), (1, 7), (1, 11), (1, 12), (2, 1), (2, 3), (2, 11), (3, 1), (3, 3), (3, 11), (4, 1), (4, 3), (4, 11), (4, 13), (5, 1), (5, 3), (5, 11), (6, 1), (6, 3), (6, 11), (7, 1), (7, 3), (7, 11), (8, 1), (8, 3), (8, 11), (9, 1), (9, 3), (9, 11), (10, 1), (10, 3), (10, 11), (11, 1), (11, 3), (11, 11), (12, 1), (12, 3), (12, 7), (12, 11)]","ቅዱስ ኢያቄም ወቅድስት ሐና in Sinksar on OK but in App DB on [(1, 1), (1, 3), (1, 7), (1, 11), (1, 12), (2, 1), (2, 3), (2, 11), (3, 1), (3, 3), (3, 11), (4, 1), (4, 3), (4, 11), (4, 13), (5, 1), (5, 3), (5, 11), (6, 1), (6, 3), (6, 11), (7, 1), (7, 3), (7, 11), (8, 1), (8, 3), (8, 11), (9, 1), (9, 3), (9, 11), (10, 1), (10, 3), (10, 11), (11, 1), (11, 3), (11, 11), (12, 1), (12, 3), (12, 7), (12, 11)] - which correct?"
GZ-DRS-010,ድርሳነ ገብርኤል በግእዝ,ገብርኤል,"[(1, 23), (2, 23), (3, 23), (4, 23), (5, 23), (6, 21), (6, 23), (7, 23), (8, 23), (9, 23), (10, 23), (11, 23), (12, 23)]","[(1, 19), (2, 19), (3, 19), (4, 19), (4, 22), (5, 19), (6, 19), (7, 19), (7, 30), (8, 19), (9, 19), (10, 13), (10, 19), (10, 26), (11, 19), (12, 7), (12, 19)]","[(1, 23), (2, 23), (3, 23), (4, 23), (5, 23), (6, 21), (6, 23), (7, 23), (8, 23), (9, 23), (10, 23), (11, 23), (12, 23)]","[(1, 19), (2, 19), (3, 19), (4, 19), (4, 22), (5, 19), (6, 19), (7, 19), (7, 30), (8, 19), (9, 19), (10, 13), (10, 19), (10, 26), (11, 19), (12, 7), (12, 19)]","ገብርኤል in Sinksar on [(1, 23), (2, 23), (3, 23), (4, 23), (5, 23), (6, 21), (6, 23), (7, 23), (8, 23), (9, 23), (10, 23), (11, 23), (12, 23)] but in App DB on [(1, 19), (2, 19), (3, 19), (4, 19), (4, 22), (5, 19), (6, 19), (7, 19), (7, 30), (8, 19), (9, 19), (10, 13), (10, 19), (10, 26), (11, 19), (12, 7), (12, 19)] - which correct?"
GZ-ETA-001,እትአመነኪ ማርያም በሰማይ ወበምድር በግእዝ,እትአመነኪ ማርያም በሰማይ ወበምድር,"[(2, 30), (8, 30)]","[(1, 21), (2, 21), (3, 21), (4, 21), (5, 21), (6, 21), (7, 21), (8, 21), (9, 1), (9, 21), (10, 21), (11, 21), (12, 16), (12, 21)]","[(2, 30), (8, 30)]","[(1, 21), (2, 21), (3, 21), (4, 21), (5, 21), (6, 21), (7, 21), (8, 21), (9, 1), (9, 21), (10, 21), (11, 21), (12, 16), (12, 21)]","እትአመነኪ ማርያም በሰማይ ወበምድር in Sinksar on [(2, 30), (8, 30)] but in App DB on [(1, 21), (2, 21), (3, 21), (4, 21), (5, 21), (6, 21), (7, 21), (8, 21), (9, 1), (9, 21), (10, 21), (11, 21), (12, 16), (12, 21)] - which correct?"
GZ-GDL-001,ገድለ አቡነ ፊልጶስ ዘደብረ ሊባኖስ በግእዝ,ፊልጶስ ዘደብረ ሊባኖስ,"[(10, 14)]","[(7, 23), (11, 28)]","[(10, 14)]","[(7, 23), (11, 28)]","ፊልጶስ ዘደብረ ሊባኖስ in Sinksar on [(10, 14)] but in App DB on [(7, 23), (11, 28)] - which correct?"
GZ-GDL-002,ገድለ ሰማዕት ቅዱስ መርቆሬዎስ በግእዝ,ሰማዕት ቅዱስ መርቆሬዎስ,"[(1, 25), (2, 25), (3, 25), (3, 30), (4, 25), (6, 25), (7, 1), (7, 25), (8, 25), (9, 25), (10, 25), (12, 25)]","[(1, 25), (2, 25), (3, 25), (4, 25), (5, 25), (6, 25), (7, 25), (8, 25), (9, 25), (10, 25), (11, 25), (12, 25)]","[(3, 30), (7, 1)]","[(5, 25), (11, 25)]","ሰማዕት ቅዱስ መርቆሬዎስ in Sinksar on [(3, 30), (7, 1)] but in App DB on [(5, 25), (11, 25)] - which correct?"
GZ-GDL-003,ገድለ እምነ ወለተ ጴጥሮስ በግእዝ,እምነ ወለተ ጴጥሮስ,"[(6, 9)]","[(1, 17), (2, 17), (3, 17), (4, 17), (5, 17), (6, 17), (7, 17), (8, 17), (9, 17), (10, 17), (11, 17), (12, 17)]","[(6, 9)]","[(1, 17), (2, 17), (3, 17), (4, 17), (5, 17), (6, 17), (7, 17), (8, 17), (9, 17), (10, 17), (11, 17), (12, 17)]","እምነ ወለተ ጴጥሮስ in Sinksar on [(6, 9)] but in App DB on [(1, 17), (2, 17), (3, 17), (4, 17), (5, 17), (6, 17), (7, 17), (8, 17), (9, 17), (10, 17), (11, 17), (12, 17)] - which correct?"
GZ-GDL-007,ገድለ ቅዱስ አባ ጊዮርጊስ ዘጋሥጫ በግእዝ,አባ ጊዮርጊስ ዘጋሥጫ,"[(5, 4)]","[(1, 7), (2, 7), (3, 7), (4, 7), (5, 7), (6, 7), (7, 7), (8, 7), (9, 7), (10, 7), (11, 7), (12, 7)]","[(5, 4)]","[(1, 7), (2, 7), (3, 7), (4, 7), (5, 7), (6, 7), (7, 7), (8, 7), (9, 7), (10, 7), (11, 7), (12, 7)]","አባ ጊዮርጊስ ዘጋሥጫ in Sinksar on [(5, 4)] but in App DB on [(1, 7), (2, 7), (3, 7), (4, 7), (5, 7), (6, 7), (7, 7), (8, 7), (9, 7), (10, 7), (11, 7), (12, 7)] - which correct?"
GZ-GDL-008,ገድለ ቅዱስ ዞሲማስ በግእዝ,ዞሲማስ,"[(3, 9), (4, 9), (5, 9)]","[(1, 9), (2, 9), (3, 9), (4, 9), (5, 9), (6, 9), (7, 9), (8, 9), (9, 9), (10, 9), (11, 9), (12, 9)]",[],"[(1, 9), (2, 9), (6, 9), (7, 9), (8, 9), (9, 9), (10, 9), (11, 9), (12, 9)]","ዞሲማስ in Sinksar on OK but in App DB on [(1, 9), (2, 9), (6, 9), (7, 9), (8, 9), (9, 9), (10, 9), (11, 9), (12, 9)] - which correct?"
GZ-GDL-009,ገድለ ቅዱስ ሱስንዮስ በግእዝ,ሱስንዮስ,"[(11, 21)]","[(8, 26)]","[(11, 21)]","[(8, 26)]","ሱስንዮስ in Sinksar on [(11, 21)] but in App DB on [(8, 26)] - which correct?"
GZ-GDL-010,ገድለ ቅዱስ ዮስጦስ በግእዝ,ዮስጦስ,"[(6, 10)]","[(6, 10), (11, 17)]",[],"[(11, 17)]","ዮስጦስ in Sinksar on OK but in App DB on [(11, 17)] - which correct?"
GZ-GDL-011,ገድለ አቡነ ፊልጶስ በግእዝ,ፊልጶስ,"[(10, 14)]","[(11, 28)]","[(10, 14)]","[(11, 28)]","ፊልጶስ in Sinksar on [(10, 14)] but in App DB on [(11, 28)] - which correct?"
GZ-GDL-013,ገድለ ዘርዐ አብርሃም በግእዝ,ዘርዐ አብርሃም,"[(12, 28)]","[(4, 24)]","[(12, 28)]","[(4, 24)]","ዘርዐ አብርሃም in Sinksar on [(12, 28)] but in App DB on [(4, 24)] - which correct?"
GZ-GDL-014,ገድለ ቅዱስ ጊዮርጊስ ሰማዕት በግእዝ,ጊዮርጊስ ሰማዕት,"[(5, 4)]","[(1, 23), (2, 23), (3, 7), (3, 23), (4, 23), (5, 18), (5, 23), (6, 23), (7, 23), (8, 23), (9, 23), (10, 23), (11, 23), (12, 16), (12, 23)]","[(5, 4)]","[(1, 23), (2, 23), (3, 7), (3, 23), (4, 23), (5, 18), (5, 23), (6, 23), (7, 23), (8, 23), (9, 23), (10, 23), (11, 23), (12, 16), (12, 23)]","ጊዮርጊስ ሰማዕት in Sinksar on [(5, 4)] but in App DB on [(1, 23), (2, 23), (3, 7), (3, 23), (4, 23), (5, 18), (5, 23), (6, 23), (7, 23), (8, 23), (9, 23), (10, 23), (11, 23), (12, 16), (12, 23)] - which correct?"
GZ-GDL-018,ገድለ አቡነ ዮሐንስ በግእዝ,ዮሐንስ,"[(1, 14), (2, 14), (2, 18), (3, 14), (4, 14), (5, 14), (6, 14), (7, 14), (7, 27), (8, 14), (8, 21), (9, 14), (10, 9), (10, 14), (11, 11), (11, 14), (12, 5), (12, 14), (13, 3)]","[(11, 29)]","[(1, 14), (2, 14), (2, 18), (3, 14), (4, 14), (5, 14), (6, 14), (7, 14), (7, 27), (8, 14), (8, 21), (9, 14), (10, 9), (10, 14), (11, 11), (11, 14), (12, 5), (12, 14), (13, 3)]","[(11, 29)]","ዮሐንስ in Sinksar on [(1, 14), (2, 14), (2, 18), (3, 14), (4, 14), (5, 14), (6, 14), (7, 14), (7, 27), (8, 14), (8, 21), (9, 14), (10, 9), (10, 14), (11, 11), (11, 14), (12, 5), (12, 14), (13, 3)] but in App DB on [(11, 29)] - which correct?"
GZ-GDL-019,ገድለ ቅድስት ክርስቶስ ሠምራ በግእዝ,ክርስቶስ ሠምራ,"[(1, 12), (1, 24), (2, 12), (2, 24), (3, 12), (3, 24), (4, 12), (4, 24), (6, 12), (6, 24), (7, 12), (7, 24), (8, 12), (8, 24), (9, 24), (10, 12), (10, 24), (11, 12), (11, 24), (12, 12), (12, 24)]","[(1, 24), (2, 24), (3, 24), (4, 24), (5, 24), (6, 24), (7, 24), (8, 24), (9, 12), (9, 24), (10, 24), (11, 24), (12, 24)]","[(1, 12), (2, 12), (3, 12), (4, 12), (6, 12), (7, 12), (8, 12), (10, 12), (11, 12), (12, 12)]","[(5, 24), (9, 12)]","ክርስቶስ ሠምራ in Sinksar on [(1, 12), (2, 12), (3, 12), (4, 12), (6, 12), (7, 12), (8, 12), (10, 12), (11, 12), (12, 12)] but in App DB on [(5, 24), (9, 12)] - which correct?"
GZ-GDL-020,ገድለ አቡነ ፊልሞና በግእዝ,ፊልሞና,"[(3, 27)]","[(4, 22)]","[(3, 27)]","[(4, 22)]","ፊልሞና in Sinksar on [(3, 27)] but in App DB on [(4, 22)] - which correct?"
GZ-GDL-022,ገድለ ቅዱስ እስጢፋኖስ በግእዝ,እስጢፋኖስ,"[(5, 17)]","[(1, 15), (1, 17), (2, 17), (3, 17), (4, 17), (5, 1), (5, 17), (6, 17), (7, 17), (8, 17), (9, 17), (10, 17), (11, 17), (12, 17)]",[],"[(1, 15), (1, 17), (2, 17), (3, 17), (4, 17), (5, 1), (6, 17), (7, 17), (8, 17), (9, 17), (10, 17), (11, 17), (12, 17)]","እስጢፋኖስ in Sinksar on OK but in App DB on [(1, 15), (1, 17), (2, 17), (3, 17), (4, 17), (5, 1), (6, 17), (7, 17), (8, 17), (9, 17), (10, 17), (11, 17), (12, 17)] - which correct?"
GZ-GDL-024,ገድለ አቡነ አሮን መንክራዊ ግእዝ,አሮን መንክራዊ ግእዝ,"[(1, 5)]","[(1, 5), (2, 5), (3, 5), (4, 5), (5, 5), (6, 5), (7, 5), (8, 5), (9, 5), (10, 5), (11, 5), (12, 5)]",[],"[(2, 5), (3, 5), (4, 5), (5, 5), (6, 5), (7, 5), (8, 5), (9, 5), (10, 5), (11, 5), (12, 5)]","አሮን መንክራዊ ግእዝ in Sinksar on OK but in App DB on [(2, 5), (3, 5), (4, 5), (5, 5), (6, 5), (7, 5), (8, 5), (9, 5), (10, 5), (11, 5), (12, 5)] - which correct?"
GZ-GDL-026,ገድለ ቅዱሳን አባዲር ወኢራኢ በግእዝ,ቅዱሳን አባዲር ወኢራኢ,"[(1, 28), (6, 7)]","[(1, 28)]","[(6, 7)]",[],"ቅዱሳን አባዲር ወኢራኢ in Sinksar on [(6, 7)] but in App DB on OK - which correct?"
GZ-GDL-027,ገድለ ቅዱስ ፊቅጦር በግእዝ,ፊቅጦር,"[(4, 5), (5, 21), (5, 27), (6, 27), (7, 27)]","[(1, 27), (2, 27), (3, 27), (4, 5), (4, 27), (5, 27), (6, 13), (6, 27), (7, 27), (8, 27), (9, 27), (10, 27), (11, 27), (12, 27)]","[(5, 21)]","[(1, 27), (2, 27), (3, 27), (4, 27), (6, 13), (8, 27), (9, 27), (10, 27), (11, 27), (12, 27)]","ፊቅጦር in Sinksar on [(5, 21)] but in App DB on [(1, 27), (2, 27), (3, 27), (4, 27), (6, 13), (8, 27), (9, 27), (10, 27), (11, 27), (12, 27)] - which correct?"
GZ-GDL-028,ገድለ አቡነ ዳንኤል በግእዝ,ዳንኤል,"[(1, 16), (1, 23), (2, 16), (2, 23), (3, 23), (4, 23), (5, 16), (6, 16), (7, 16), (8, 16), (9, 16), (10, 16), (10, 23), (11, 16), (11, 23), (12, 16), (12, 23)]","[(3, 6)]","[(1, 16), (1, 23), (2, 16), (2, 23), (3, 23), (4, 23), (5, 16), (6, 16), (7, 16), (8, 16), (9, 16), (10, 16), (10, 23), (11, 16), (11, 23), (12, 16), (12, 23)]","[(3, 6)]","ዳንኤል in Sinksar on [(1, 16), (1, 23), (2, 16), (2, 23), (3, 23), (4, 23), (5, 16), (6, 16), (7, 16), (8, 16), (9, 16), (10, 16), (10, 23), (11, 16), (11, 23), (12, 16), (12, 23)] but in App DB on [(3, 6)] - which correct?"
GZ-GDL-030,ገድለ ቅዱስ ቴዎድሮስ በግእዝ,ቴዎድሮስ,"[(4, 11), (7, 21), (10, 6)]","[(1, 12), (1, 20), (2, 12), (2, 20), (3, 5), (3, 12), (3, 20), (4, 12), (4, 20), (5, 12), (5, 20), (6, 12), (6, 20), (6, 28), (7, 12), (7, 20), (8, 12), (8, 20), (9, 12), (9, 20), (10, 12), (10, 20), (11, 12), (11, 20), (12, 12), (12, 20)]","[(4, 11), (7, 21), (10, 6)]","[(1, 12), (1, 20), (2, 12), (2, 20), (3, 5), (3, 12), (3, 20), (4, 12), (4, 20), (5, 12), (5, 20), (6, 12), (6, 20), (6, 28), (7, 12), (7, 20), (8, 12), (8, 20), (9, 12), (9, 20), (10, 12), (10, 20), (11, 12), (11, 20), (12, 12), (12, 20)]","ቴዎድሮስ in Sinksar on [(4, 11), (7, 21), (10, 6)] but in App DB on [(1, 12), (1, 20), (2, 12), (2, 20), (3, 5), (3, 12), (3, 20), (4, 12), (4, 20), (5, 12), (5, 20), (6, 12), (6, 20), (6, 28), (7, 12), (7, 20), (8, 12), (8, 20), (9, 12), (9, 20), (10, 12), (10, 20), (11, 12), (11, 20), (12, 12), (12, 20)] - which correct?"
GZ-GDL-031,ገድለ ሰማዕት ቅዱስ ቴዎድሮስ በግእዝ,ሰማዕት ቅዱስ ቴዎድሮስ,"[(4, 11), (7, 21), (10, 6)]","[(1, 12), (1, 20), (2, 12), (2, 20), (3, 5), (3, 12), (3, 20), (4, 12), (4, 20), (5, 12), (5, 20), (6, 12), (6, 20), (6, 28), (7, 12), (7, 20), (8, 12), (8, 20), (9, 12), (9, 20), (10, 12), (10, 20), (11, 12), (11, 20), (12, 12), (12, 20)]","[(4, 11), (7, 21), (10, 6)]","[(1, 12), (1, 20), (2, 12), (2, 20), (3, 5), (3, 12), (3, 20), (4, 12), (4, 20), (5, 12), (5, 20), (6, 12), (6, 20), (6, 28), (7, 12), (7, 20), (8, 12), (8, 20), (9, 12), (9, 20), (10, 12), (10, 20), (11, 12), (11, 20), (12, 12), (12, 20)]","ሰማዕት ቅዱስ ቴዎድሮስ in Sinksar on [(4, 11), (7, 21), (10, 6)] but in App DB on [(1, 12), (1, 20), (2, 12), (2, 20), (3, 5), (3, 12), (3, 20), (4, 12), (4, 20), (5, 12), (5, 20), (6, 12), (6, 20), (6, 28), (7, 12), (7, 20), (8, 12), (8, 20), (9, 12), (9, 20), (10, 12), (10, 20), (11, 12), (11, 20), (12, 12), (12, 20)] - which correct?"
GZ-GDL-032,መጽሐፈ ገድለ ቅዱሳን ሐዋርያት በግእዝ,ገድለ ቅዱሳን ሐዋርያት,"[(10, 20), (10, 21), (12, 16)]","[(11, 5), (12, 15)]","[(10, 20), (10, 21), (12, 16)]","[(11, 5), (12, 15)]","ገድለ ቅዱሳን ሐዋርያት in Sinksar on [(10, 20), (10, 21), (12, 16)] but in App DB on [(11, 5), (12, 15)] - which correct?"
GZ-GDL-033,ገድለ ሰማዕት ቅድስት አርሴማ በግእዝ,ሰማዕት ቅድስት አርሴማ,"[(5, 29)]","[(1, 6), (1, 29), (2, 6), (3, 6), (4, 6), (5, 6), (6, 6), (7, 6), (8, 6), (9, 6), (10, 6), (10, 17), (11, 6), (12, 6)]","[(5, 29)]","[(1, 6), (1, 29), (2, 6), (3, 6), (4, 6), (5, 6), (6, 6), (7, 6), (8, 6), (9, 6), (10, 6), (10, 17), (11, 6), (12, 6)]","ሰማዕት ቅድስት አርሴማ in Sinksar on [(5, 29)] but in App DB on [(1, 6), (1, 29), (2, 6), (3, 6), (4, 6), (5, 6), (6, 6), (7, 6), (8, 6), (9, 6), (10, 6), (10, 17), (11, 6), (12, 6)] - which correct?"
GZ-LAH-001,ላሐ ማርያም በግእዝ,ማርያም,"[(2, 30), (8, 30)]","[(1, 21), (2, 21), (3, 21), (4, 21), (5, 21), (6, 21), (7, 21), (8, 21), (9, 1), (9, 21), (10, 21), (11, 21), (12, 16), (12, 21)]","[(2, 30), (8, 30)]","[(1, 21), (2, 21), (3, 21), (4, 21), (5, 21), (6, 21), (7, 21), (8, 21), (9, 1), (9, 21), (10, 21), (11, 21), (12, 16), (12, 21)]","ማርያም in Sinksar on [(2, 30), (8, 30)] but in App DB on [(1, 21), (2, 21), (3, 21), (4, 21), (5, 21), (6, 21), (7, 21), (8, 21), (9, 1), (9, 21), (10, 21), (11, 21), (12, 16), (12, 21)] - which correct?"
GZ-MEL-002,መልከዐ ማርያም ዳግሚት በግእዝ,መልከዐ ማርያም ዳግሚት,"[(2, 30), (8, 30)]","[(1, 21), (2, 21), (3, 21), (4, 21), (5, 21), (6, 21), (7, 21), (8, 21), (9, 1), (9, 21), (10, 21), (11, 21), (12, 16), (12, 21)]","[(2, 30), (8, 30)]","[(1, 21), (2, 21), (3, 21), (4, 21), (5, 21), (6, 21), (7, 21), (8, 21), (9, 1), (9, 21), (10, 21), (11, 21), (12, 16), (12, 21)]","መልከዐ ማርያም ዳግሚት in Sinksar on [(2, 30), (8, 30)] but in App DB on [(1, 21), (2, 21), (3, 21), (4, 21), (5, 21), (6, 21), (7, 21), (8, 21), (9, 1), (9, 21), (10, 21), (11, 21), (12, 16), (12, 21)] - which correct?"
GZ-MEL-013,መልክዐ ሊቀ መላእክት ቅዱስ ገብርኤል በግእዝ,ገብርኤል,"[(1, 23), (2, 23), (3, 23), (4, 23), (5, 23), (6, 21), (6, 23), (7, 23), (8, 23), (9, 23), (10, 23), (11, 23), (12, 23)]","[(1, 19), (2, 19), (3, 19), (4, 19), (4, 22), (5, 19), (6, 19), (7, 19), (7, 30), (8, 19), (9, 19), (10, 13), (10, 19), (10, 26), (11, 19), (12, 7), (12, 19)]","[(1, 23), (2, 23), (3, 23), (4, 23), (5, 23), (6, 21), (6, 23), (7, 23), (8, 23), (9, 23), (10, 23), (11, 23), (12, 23)]","[(1, 19), (2, 19), (3, 19), (4, 19), (4, 22), (5, 19), (6, 19), (7, 19), (7, 30), (8, 19), (9, 19), (10, 13), (10, 19), (10, 26), (11, 19), (12, 7), (12, 19)]","ገብርኤል in Sinksar on [(1, 23), (2, 23), (3, 23), (4, 23), (5, 23), (6, 21), (6, 23), (7, 23), (8, 23), (9, 23), (10, 23), (11, 23), (12, 23)] but in App DB on [(1, 19), (2, 19), (3, 19), (4, 19), (4, 22), (5, 19), (6, 19), (7, 19), (7, 30), (8, 19), (9, 19), (10, 13), (10, 19), (10, 26), (11, 19), (12, 7), (12, 19)] - which correct?"
GZ-MEL-014,መልክዐ ሊቀ መላእክት ቅዱስ ገብርኤል ካልዕ (ደቅስዮስ) በግእዝ,ገብርኤል ካልዕ,"[(1, 22), (2, 22), (3, 22), (4, 22), (6, 22), (7, 22), (8, 22), (9, 22), (10, 22), (11, 22), (12, 22)]","[(1, 19), (2, 19), (3, 19), (4, 19), (4, 22), (5, 19), (6, 19), (7, 19), (7, 30), (8, 19), (9, 19), (10, 13), (10, 19), (10, 26), (11, 19), (12, 7), (12, 19)]","[(1, 22), (2, 22), (3, 22), (6, 22), (7, 22), (8, 22), (9, 22), (10, 22), (11, 22), (12, 22)]","[(1, 19), (2, 19), (3, 19), (4, 19), (5, 19), (6, 19), (7, 19), (7, 30), (8, 19), (9, 19), (10, 13), (10, 19), (10, 26), (11, 19), (12, 7), (12, 19)]","ገብርኤል ካልዕ in Sinksar on [(1, 22), (2, 22), (3, 22), (6, 22), (7, 22), (8, 22), (9, 22), (10, 22), (11, 22), (12, 22)] but in App DB on [(1, 19), (2, 19), (3, 19), (4, 19), (5, 19), (6, 19), (7, 19), (7, 30), (8, 19), (9, 19), (10, 13), (10, 19), (10, 26), (11, 19), (12, 7), (12, 19)] - which correct?"
GZ-MEL-015,መልክዐ ሊቀ መላእክት ቅዱስ ፋኑኤል በግእዝ,ፋኑኤል,"[(6, 3)]","[(1, 3), (2, 3), (3, 3), (4, 3), (5, 3), (6, 3), (7, 3), (8, 3), (9, 3), (10, 3), (11, 3), (12, 3)]",[],"[(1, 3), (2, 3), (3, 3), (4, 3), (5, 3), (7, 3), (8, 3), (9, 3), (10, 3), (11, 3), (12, 3)]","ፋኑኤል in Sinksar on OK but in App DB on [(1, 3), (2, 3), (3, 3), (4, 3), (5, 3), (7, 3), (8, 3), (9, 3), (10, 3), (11, 3), (12, 3)] - which correct?"
GZ-MEL-016,መልክዐ ሊቀ ሰማዕታት ቅዱስ እስጢፋኖስ በግእዝ,ሊቀ ሰማዕታት ቅዱስ እስጢፋኖስ,"[(5, 17)]","[(1, 15), (1, 17), (2, 17), (3, 17), (4, 17), (5, 1), (5, 17), (6, 17), (7, 17), (8, 17), (9, 17), (10, 17), (11, 17), (12, 17)]",[],"[(1, 15), (1, 17), (2, 17), (3, 17), (4, 17), (5, 1), (6, 17), (7, 17), (8, 17), (9, 17), (10, 17), (11, 17), (12, 17)]","ሊቀ ሰማዕታት ቅዱስ እስጢፋኖስ in Sinksar on OK but in App DB on [(1, 15), (1, 17), (2, 17), (3, 17), (4, 17), (5, 1), (6, 17), (7, 17), (8, 17), (9, 17), (10, 17), (11, 17), (12, 17)] - which correct?"
GZ-MEL-017,መልክዐ ሊቀ ሰማዕታት ቅዱስ እስጢፋኖስ ካልእ በግእዝ,ሊቀ ሰማዕታት ቅዱስ እስጢፋኖስ ካልእ,"[(5, 17)]","[(1, 15), (1, 17), (2, 17), (3, 17), (4, 17), (5, 1), (5, 17), (6, 17), (7, 17), (8, 17), (9, 17), (10, 17), (11, 17), (12, 17)]",[],"[(1, 15), (1, 17), (2, 17), (3, 17), (4, 17), (5, 1), (6, 17), (7, 17), (8, 17), (9, 17), (10, 17), (11, 17), (12, 17)]","ሊቀ ሰማዕታት ቅዱስ እስጢፋኖስ ካልእ in Sinksar on OK but in App DB on [(1, 15), (1, 17), (2, 17), (3, 17), (4, 17), (5, 1), (6, 17), (7, 17), (8, 17), (9, 17), (10, 17), (11, 17), (12, 17)] - which correct?"
GZ-MEL-019,መልክዐ ላሊበላ በግዕዝ,ላሊበላ,"[(4, 29), (6, 12), (7, 29), (12, 29)]","[(1, 12), (2, 12), (3, 12), (4, 12), (4, 29), (5, 12), (6, 12), (7, 12), (7, 29), (8, 12), (9, 12), (10, 12), (11, 12), (12, 12)]","[(12, 29)]","[(1, 12), (2, 12), (3, 12), (4, 12), (5, 12), (7, 12), (8, 12), (9, 12), (10, 12), (11, 12), (12, 12)]","ላሊበላ in Sinksar on [(12, 29)] but in App DB on [(1, 12), (2, 12), (3, 12), (4, 12), (5, 12), (7, 12), (8, 12), (9, 12), (10, 12), (11, 12), (12, 12)] - which correct?"
GZ-MEL-023,መልክዐ ሐዋርያት በግእዝ,ሐዋርያት,"[(10, 20), (10, 21), (12, 16)]","[(11, 5), (12, 15)]","[(10, 20), (10, 21), (12, 16)]","[(11, 5), (12, 15)]","ሐዋርያት in Sinksar on [(10, 20), (10, 21), (12, 16)] but in App DB on [(11, 5), (12, 15)] - which correct?"
GZ-MEL-026,መልክዐ መቃርዮስ በግእዝ,መቃርዮስ,"[(6, 4)]","[(1, 27), (2, 27), (3, 27), (4, 27), (5, 8), (5, 27), (6, 27), (7, 13), (7, 27), (8, 27), (9, 27), (10, 27), (11, 14), (11, 27), (12, 19), (12, 27)]","[(6, 4)]","[(1, 27), (2, 27), (3, 27), (4, 27), (5, 8), (5, 27), (6, 27), (7, 13), (7, 27), (8, 27), (9, 27), (10, 27), (11, 14), (11, 27), (12, 19), (12, 27)]","መቃርዮስ in Sinksar on [(6, 4)] but in App DB on [(1, 27), (2, 27), (3, 27), (4, 27), (5, 8), (5, 27), (6, 27), (7, 13), (7, 27), (8, 27), (9, 27), (10, 27), (11, 14), (11, 27), (12, 19), (12, 27)] - which correct?"
GZ-MEL-028,መልክዐ መድኃኔ ዓለም በግእዝ,መድኃኔ ዓለም,"[(12, 27)]","[(1, 27), (2, 27), (3, 27), (4, 27), (5, 27), (6, 27), (7, 27), (8, 27), (9, 27), (10, 27), (11, 27), (12, 27)]",[],"[(1, 27), (2, 27), (3, 27), (4, 27), (5, 27), (6, 27), (7, 27), (8, 27), (9, 27), (10, 27), (11, 27)]","መድኃኔ ዓለም in Sinksar on OK but in App DB on [(1, 27), (2, 27), (3, 27), (4, 27), (5, 27), (6, 27), (7, 27), (8, 27), (9, 27), (10, 27), (11, 27)] - which correct?"
GZ-MEL-030,መልክዐ ማርቆስ በግእዝ,ማርቆስ,"[(2, 30), (3, 30), (4, 17), (4, 30), (8, 30)]","[(1, 30), (2, 30), (3, 30), (4, 30), (5, 30), (6, 30), (7, 30), (8, 30), (9, 30), (10, 30), (11, 30), (12, 30)]","[(4, 17)]","[(1, 30), (5, 30), (6, 30), (7, 30), (9, 30), (10, 30), (11, 30), (12, 30)]","ማርቆስ in Sinksar on [(4, 17)] but in App DB on [(1, 30), (5, 30), (6, 30), (7, 30), (9, 30), (10, 30), (11, 30), (12, 30)] - which correct?"
GZ-MEL-031,መልክዐ ማርያም ሣልሲት በግእዝ,ማርያም ሣልሲት,"[(2, 30), (8, 30)]","[(1, 21), (2, 21), (3, 21), (4, 21), (5, 21), (6, 21), (7, 21), (8, 21), (9, 1), (9, 21), (10, 21), (11, 21), (12, 16), (12, 21)]","[(2, 30), (8, 30)]","[(1, 21), (2, 21), (3, 21), (4, 21), (5, 21), (6, 21), (7, 21), (8, 21), (9, 1), (9, 21), (10, 21), (11, 21), (12, 16), (12, 21)]","ማርያም ሣልሲት in Sinksar on [(2, 30), (8, 30)] but in App DB on [(1, 21), (2, 21), (3, 21), (4, 21), (5, 21), (6, 21), (7, 21), (8, 21), (9, 1), (9, 21), (10, 21), (11, 21), (12, 16), (12, 21)] - which correct?"
GZ-MEL-032,መልክዐ ማርያም በግእዝ,ማርያም,"[(2, 30), (8, 30)]","[(1, 21), (2, 21), (3, 21), (4, 21), (5, 21), (6, 21), (7, 21), (8, 21), (9, 1), (9, 21), (10, 21), (11, 21), (12, 16), (12, 21)]","[(2, 30), (8, 30)]","[(1, 21), (2, 21), (3, 21), (4, 21), (5, 21), (6, 21), (7, 21), (8, 21), (9, 1), (9, 21), (10, 21), (11, 21), (12, 16), (12, 21)]","ማርያም in Sinksar on [(2, 30), (8, 30)] but in App DB on [(1, 21), (2, 21), (3, 21), (4, 21), (5, 21), (6, 21), (7, 21), (8, 21), (9, 1), (9, 21), (10, 21), (11, 21), (12, 16), (12, 21)] - which correct?"
GZ-MEL-034,መልክዐ ሥሉስ ቅዱስ በግእዝ,ሥሉስ ቅዱስ,"[(1, 7), (2, 7), (3, 7), (4, 7), (6, 7), (7, 7), (8, 7), (10, 7), (12, 7)]","[(5, 7)]","[(1, 7), (2, 7), (3, 7), (4, 7), (6, 7), (7, 7), (8, 7), (10, 7), (12, 7)]","[(5, 7)]","ሥሉስ ቅዱስ in Sinksar on [(1, 7), (2, 7), (3, 7), (4, 7), (6, 7), (7, 7), (8, 7), (10, 7), (12, 7)] but in App DB on [(5, 7)] - which correct?"
GZ-MEL-036,መልክዐ ሥቃዩ ለጊዮርጊስ በግእዝ,ሥቃዩ ለጊዮርጊስ,"[(5, 4)]","[(1, 23), (2, 23), (3, 7), (3, 23), (4, 23), (5, 18), (5, 23), (6, 23), (7, 23), (8, 23), (9, 23), (10, 23), (11, 23), (12, 16), (12, 23)]","[(5, 4)]","[(1, 23), (2, 23), (3, 7), (3, 23), (4, 23), (5, 18), (5, 23), (6, 23), (7, 23), (8, 23), (9, 23), (10, 23), (11, 23), (12, 16), (12, 23)]","ሥቃዩ ለጊዮርጊስ in Sinksar on [(5, 4)] but in App DB on [(1, 23), (2, 23), (3, 7), (3, 23), (4, 23), (5, 18), (5, 23), (6, 23), (7, 23), (8, 23), (9, 23), (10, 23), (11, 23), (12, 16), (12, 23)] - which correct?"
GZ-MEL-039,መልክዐ ሰማዕት ቅዱስ መርቆሬዎስ በግእዝ,ሰማዕት ቅዱስ መርቆሬዎስ,"[(1, 25), (2, 25), (3, 25), (3, 30), (4, 25), (6, 25), (7, 1), (7, 25), (8, 25), (9, 25), (10, 25), (12, 25)]","[(1, 25), (2, 25), (3, 25), (4, 25), (5, 25), (6, 25), (7, 25), (8, 25), (9, 25), (10, 25), (11, 25), (12, 25)]","[(3, 30), (7, 1)]","[(5, 25), (11, 25)]","ሰማዕት ቅዱስ መርቆሬዎስ in Sinksar on [(3, 30), (7, 1)] but in App DB on [(5, 25), (11, 25)] - which correct?"
GZ-MEL-040,መልክዐ ሰማዕት ቅዱስ ቴዎድሮስ በግእዝ,ሰማዕት ቅዱስ ቴዎድሮስ,"[(4, 11), (7, 21), (10, 6)]","[(1, 12), (1, 20), (2, 12), (2, 20), (3, 5), (3, 12), (3, 20), (4, 12), (4, 20), (5, 12), (5, 20), (6, 12), (6, 20), (6, 28), (7, 12), (7, 20), (8, 12), (8, 20), (9, 12), (9, 20), (10, 12), (10, 20), (11, 12), (11, 20), (12, 12), (12, 20)]","[(4, 11), (7, 21), (10, 6)]","[(1, 12), (1, 20), (2, 12), (2, 20), (3, 5), (3, 12), (3, 20), (4, 12), (4, 20), (5, 12), (5, 20), (6, 12), (6, 20), (6, 28), (7, 12), (7, 20), (8, 12), (8, 20), (9, 12), (9, 20), (10, 12), (10, 20), (11, 12), (11, 20), (12, 12), (12, 20)]","ሰማዕት ቅዱስ ቴዎድሮስ in Sinksar on [(4, 11), (7, 21), (10, 6)] but in App DB on [(1, 12), (1, 20), (2, 12), (2, 20), (3, 5), (3, 12), (3, 20), (4, 12), (4, 20), (5, 12), (5, 20), (6, 12), (6, 20), (6, 28), (7, 12), (7, 20), (8, 12), (8, 20), (9, 12), (9, 20), (10, 12), (10, 20), (11, 12), (11, 20), (12, 12), (12, 20)] - which correct?"
GZ-MEL-042,መልክዐ ሰማዕት ቅድስት አርሴማ በግእዝ,ሰማዕት ቅድስት አርሴማ,"[(5, 29)]","[(1, 6), (1, 29), (2, 6), (3, 6), (4, 6), (5, 6), (6, 6), (7, 6), (8, 6), (9, 6), (10, 6), (10, 17), (11, 6), (12, 6)]","[(5, 29)]","[(1, 6), (1, 29), (2, 6), (3, 6), (4, 6), (5, 6), (6, 6), (7, 6), (8, 6), (9, 6), (10, 6), (10, 17), (11, 6), (12, 6)]","ሰማዕት ቅድስት አርሴማ in Sinksar on [(5, 29)] but in App DB on [(1, 6), (1, 29), (2, 6), (3, 6), (4, 6), (5, 6), (6, 6), (7, 6), (8, 6), (9, 6), (10, 6), (10, 17), (11, 6), (12, 6)] - which correct?"
GZ-MEL-047,መልክዐ ቅዱሳን ሠለስቱ ደቂቅ በግእዝ,ቅዱሳን ሠለስቱ ደቂቅ,"[(4, 2)]","[(4, 2), (4, 19), (9, 10)]",[],"[(4, 19), (9, 10)]","ቅዱሳን ሠለስቱ ደቂቅ in Sinksar on OK but in App DB on [(4, 19), (9, 10)] - which correct?"
GZ-MEL-053,መልክዐ ቅዱስ ማርቆስ ካልእ በግእዝ,ማርቆስ ካልእ,"[(2, 30), (3, 30), (4, 17), (4, 30), (8, 30)]","[(1, 30), (2, 30), (3, 30), (4, 30), (5, 30), (6, 30), (7, 30), (8, 30), (9, 30), (10, 30), (11, 30), (12, 30)]","[(4, 17)]","[(1, 30), (5, 30), (6, 30), (7, 30), (9, 30), (10, 30), (11, 30), (12, 30)]","ማርቆስ ካልእ in Sinksar on [(4, 17)] but in App DB on [(1, 30), (5, 30), (6, 30), (7, 30), (9, 30), (10, 30), (11, 30), (12, 30)] - which correct?"
GZ-MEL-054,መልክዐ ቅዱስ ቂርቆስ በግእዝ,ቂርቆስ,"[(4, 15)]","[(1, 15), (2, 15), (3, 15), (4, 15), (5, 15), (6, 15), (7, 15), (8, 15), (9, 15), (10, 15), (11, 15), (11, 19), (12, 15)]",[],"[(1, 15), (2, 15), (3, 15), (5, 15), (6, 15), (7, 15), (8, 15), (9, 15), (10, 15), (11, 15), (11, 19), (12, 15)]","ቂርቆስ in Sinksar on OK but in App DB on [(1, 15), (2, 15), (3, 15), (5, 15), (6, 15), (7, 15), (8, 15), (9, 15), (10, 15), (11, 15), (11, 19), (12, 15)] - which correct?"
GZ-MEL-055,መልክዐ ቅዱስ ታዴዎስ በግእዝ,ታዴዎስ,"[(5, 2), (6, 2), (7, 2), (8, 2), (9, 2), (10, 2)]","[(1, 2), (2, 2), (3, 2), (4, 2), (5, 2), (6, 2), (7, 2), (8, 2), (9, 2), (10, 2), (11, 2), (11, 29), (12, 2)]",[],"[(1, 2), (2, 2), (3, 2), (4, 2), (11, 2), (11, 29), (12, 2)]","ታዴዎስ in Sinksar on OK but in App DB on [(1, 2), (2, 2), (3, 2), (4, 2), (11, 2), (11, 29), (12, 2)] - which correct?"
GZ-MEL-056,መልክዐ ቅዱስ አባዲር በግእዝ,አባዲር,"[(1, 28), (6, 7)]","[(1, 28)]","[(6, 7)]",[],"አባዲር in Sinksar on [(6, 7)] but in App DB on OK - which correct?"
GZ-MEL-058,መልክዐ ቅዱስ አግናጥዮስ ምጥው ለአንበሳ በግእዝ,አግናጥዮስ ምጥው ለአንበሳ,"[(1, 7), (2, 7), (2, 26), (3, 7), (4, 7), (4, 24), (5, 7), (6, 7), (7, 7), (8, 7), (10, 7), (12, 7)]","[(1, 7), (2, 7), (2, 26), (3, 7), (4, 7), (4, 24), (5, 7), (6, 7), (7, 7), (8, 7), (9, 7), (10, 7), (11, 1), (11, 7), (12, 7)]",[],"[(9, 7), (11, 1), (11, 7)]","አግናጥዮስ ምጥው ለአንበሳ in Sinksar on OK but in App DB on [(9, 7), (11, 1), (11, 7)] - which correct?"
GZ-MEL-059,መልክዐ ቅዱስ ኤልያስ ነቢይ ሣልስ በግእዝ,ኤልያስ ነቢይ ሣልስ,"[(1, 6), (2, 6), (3, 6), (5, 6), (6, 6), (7, 6), (7, 11), (8, 6), (9, 6), (10, 6), (11, 6), (12, 6), (12, 13)]","[(1, 6), (2, 6), (3, 6), (4, 1), (4, 6), (5, 6), (6, 6), (7, 6), (8, 6), (9, 6), (10, 6), (11, 6), (12, 6), (12, 13)]","[(7, 11)]","[(4, 1), (4, 6)]","ኤልያስ ነቢይ ሣልስ in Sinksar on [(7, 11)] but in App DB on [(4, 1), (4, 6)] - which correct?"
GZ-MEL-060,መልክዐ ቅዱስ ዮሐንስ መጥምቅ በግእዝ,ዮሐንስ መጥምቅ,"[(1, 26), (3, 12), (5, 11), (5, 21), (13, 1)]","[(1, 1), (1, 2), (1, 26), (1, 30), (2, 2), (2, 30), (3, 2), (3, 30), (4, 2), (4, 30), (5, 2), (5, 11), (5, 30), (6, 2), (6, 30), (7, 2), (7, 30), (8, 2), (8, 15), (8, 30), (9, 2), (9, 30), (10, 2), (10, 30), (11, 2), (11, 30), (12, 2), (12, 30), (13, 1)]","[(3, 12), (5, 21)]","[(1, 1), (1, 2), (1, 30), (2, 2), (2, 30), (3, 2), (3, 30), (4, 2), (4, 30), (5, 2), (5, 30), (6, 2), (6, 30), (7, 2), (7, 30), (8, 2), (8, 15), (8, 30), (9, 2), (9, 30), (10, 2), (10, 30), (11, 2), (11, 30), (12, 2), (12, 30)]","ዮሐንስ መጥምቅ in Sinksar on [(3, 12), (5, 21)] but in App DB on [(1, 1), (1, 2), (1, 30), (2, 2), (2, 30), (3, 2), (3, 30), (4, 2), (4, 30), (5, 2), (5, 30), (6, 2), (6, 30), (7, 2), (7, 30), (8, 2), (8, 15), (8, 30), (9, 2), (9, 30), (10, 2), (10, 30), (11, 2), (11, 30), (12, 2), (12, 30)] - which correct?"
GZ-MEL-061,መልክዐ ቅዱስ ዮሐንስ ካልእ በግእዝ,ዮሐንስ ካልእ,"[(1, 14), (2, 14), (2, 18), (3, 14), (4, 14), (5, 14), (6, 14), (7, 14), (7, 27), (8, 14), (8, 21), (9, 14), (10, 9), (10, 14), (11, 11), (11, 14), (12, 5), (12, 14), (13, 3)]","[(1, 4), (1, 29), (2, 4), (3, 4), (4, 4), (5, 4), (6, 4), (7, 4), (8, 4), (9, 4), (9, 16), (10, 4), (11, 4), (11, 27), (12, 4)]","[(1, 14), (2, 14), (2, 18), (3, 14), (4, 14), (5, 14), (6, 14), (7, 14), (7, 27), (8, 14), (8, 21), (9, 14), (10, 9), (10, 14), (11, 11), (11, 14), (12, 5), (12, 14), (13, 3)]","[(1, 4), (1, 29), (2, 4), (3, 4), (4, 4), (5, 4), (6, 4), (7, 4), (8, 4), (9, 4), (9, 16), (10, 4), (11, 4), (11, 27), (12, 4)]","ዮሐንስ ካልእ in Sinksar on [(1, 14), (2, 14), (2, 18), (3, 14), (4, 14), (5, 14), (6, 14), (7, 14), (7, 27), (8, 14), (8, 21), (9, 14), (10, 9), (10, 14), (11, 11), (11, 14), (12, 5), (12, 14), (13, 3)] but in App DB on [(1, 4), (1, 29), (2, 4), (3, 4), (4, 4), (5, 4), (6, 4), (7, 4), (8, 4), (9, 4), (9, 16), (10, 4), (11, 4), (11, 27), (12, 4)] - which correct?"
GZ-MEL-062,መልክዐ ቅዱስ ዮሐንስ ወንጌላዊ በግእዝ,ዮሐንስ ወንጌላዊ,"[(1, 4), (1, 29), (2, 4), (3, 4), (4, 4), (5, 4), (9, 16), (11, 27)]","[(1, 4), (1, 29), (2, 4), (3, 4), (4, 4), (5, 4), (6, 4), (7, 4), (8, 4), (9, 4), (9, 16), (10, 4), (11, 4), (11, 27), (12, 4)]",[],"[(6, 4), (7, 4), (8, 4), (9, 4), (10, 4), (11, 4), (12, 4)]","ዮሐንስ ወንጌላዊ in Sinksar on OK but in App DB on [(6, 4), (7, 4), (8, 4), (9, 4), (10, 4), (11, 4), (12, 4)] - which correct?"
GZ-MEL-063,መልክዐ ቅዱስ ዮስጦስ በግእዝ,ዮስጦስ,"[(6, 10)]","[(6, 10), (11, 17)]",[],"[(11, 17)]","ዮስጦስ in Sinksar on OK but in App DB on [(11, 17)] - which correct?"
GZ-MEL-065,መልክዐ ቅዱስ ጊዮርጊስ በግእዝ,ጊዮርጊስ,"[(5, 4)]","[(1, 23), (2, 23), (3, 7), (3, 23), (4, 23), (5, 18), (5, 23), (6, 23), (7, 23), (8, 23), (9, 23), (10, 23), (11, 23), (12, 16), (12, 23)]","[(5, 4)]","[(1, 23), (2, 23), (3, 7), (3, 23), (4, 23), (5, 18), (5, 23), (6, 23), (7, 23), (8, 23), (9, 23), (10, 23), (11, 23), (12, 16), (12, 23)]","ጊዮርጊስ in Sinksar on [(5, 4)] but in App DB on [(1, 23), (2, 23), (3, 7), (3, 23), (4, 23), (5, 18), (5, 23), (6, 23), (7, 23), (8, 23), (9, 23), (10, 23), (11, 23), (12, 16), (12, 23)] - which correct?"
GZ-MEL-066,መልክዐ ቅድስት ፍቅርተ ክርስቶስ በግእዝ,ፍቅርተ ክርስቶስ,"[(7, 29)]","[(1, 29), (2, 29), (3, 29), (4, 29), (5, 29), (6, 29), (7, 29), (8, 29), (9, 29), (10, 29), (11, 29), (12, 29)]",[],"[(1, 29), (2, 29), (3, 29), (4, 29), (5, 29), (6, 29), (8, 29), (9, 29), (10, 29), (11, 29), (12, 29)]","ፍቅርተ ክርስቶስ in Sinksar on OK but in App DB on [(1, 29), (2, 29), (3, 29), (4, 29), (5, 29), (6, 29), (8, 29), (9, 29), (10, 29), (11, 29), (12, 29)] - which correct?"
GZ-MEL-068,መልክዐ ተክለ ሃይማኖት በግእዝ,ተክለ ሃይማኖት,"[(1, 24), (2, 24), (3, 24), (4, 24), (5, 24), (6, 24), (7, 24), (8, 24), (9, 24), (10, 24), (11, 24), (12, 24)]","[(1, 24), (2, 24), (3, 24), (4, 24), (5, 24), (6, 24), (7, 24), (8, 22), (8, 24), (9, 12), (9, 24), (10, 24), (11, 24), (12, 24)]",[],"[(8, 22), (9, 12)]","ተክለ ሃይማኖት in Sinksar on OK but in App DB on [(8, 22), (9, 12)] - which correct?"
GZ-MEL-069,መልክዐ ተክለ ሃይማኖት ካልእ በግእዝ,ተክለ ሃይማኖት ካልእ,"[(1, 24), (2, 24), (3, 24), (4, 24), (5, 24), (6, 24), (7, 24), (8, 24), (9, 24), (10, 24), (11, 24), (12, 24)]","[(1, 24), (2, 24), (3, 24), (4, 24), (5, 24), (6, 24), (7, 24), (8, 22), (8, 24), (9, 12), (9, 24), (10, 24), (11, 24), (12, 24)]",[],"[(8, 22), (9, 12)]","ተክለ ሃይማኖት ካልእ in Sinksar on OK but in App DB on [(8, 22), (9, 12)] - which correct?"
GZ-MEL-070,መልክዐ ተክለ ማርያም ዘይሰመይ መብዓ ጽዮን በግእዝ,ተክለ ማርያም ዘይሰመይ መብዓ ጽዮን,"[(2, 30), (8, 30)]","[(12, 13)]","[(2, 30), (8, 30)]","[(12, 13)]","ተክለ ማርያም ዘይሰመይ መብዓ ጽዮን in Sinksar on [(2, 30), (8, 30)] but in App DB on [(12, 13)] - which correct?"
GZ-MEL-072,መልክዐ አማኑኤል በግእዝ,አማኑኤል,"[(7, 28)]","[(1, 28), (2, 28), (3, 28), (4, 28), (5, 28), (6, 28), (7, 28), (8, 28), (9, 28), (10, 28), (11, 28), (12, 28)]",[],"[(1, 28), (2, 28), (3, 28), (4, 28), (5, 28), (6, 28), (8, 28), (9, 28), (10, 28), (11, 28), (12, 28)]","አማኑኤል in Sinksar on OK but in App DB on [(1, 28), (2, 28), (3, 28), (4, 28), (5, 28), (6, 28), (8, 28), (9, 28), (10, 28), (11, 28), (12, 28)] - which correct?"
GZ-MEL-076,መልክዐ አቡነ መርቆሬዎስ ዘደብረ ድማኅ በግእዝ,መርቆሬዎስ ዘደብረ ድማኅ,"[(1, 25), (2, 25), (3, 25), (3, 30), (4, 25), (6, 25), (7, 1), (7, 25), (8, 25), (9, 25), (10, 25), (12, 25)]","[(4, 16)]","[(1, 25), (2, 25), (3, 25), (3, 30), (4, 25), (6, 25), (7, 1), (7, 25), (8, 25), (9, 25), (10, 25), (12, 25)]","[(4, 16)]","መርቆሬዎስ ዘደብረ ድማኅ in Sinksar on [(1, 25), (2, 25), (3, 25), (3, 30), (4, 25), (6, 25), (7, 1), (7, 25), (8, 25), (9, 25), (10, 25), (12, 25)] but in App DB on [(4, 16)] - which correct?"
GZ-MEL-078,መልክዐ አቡነ መድኃኒነ እግዚእ በግእዝ,መድኃኒነ እግዚእ,"[(5, 3)]","[(1, 3), (2, 3), (3, 3), (4, 3), (5, 3), (6, 3), (7, 3), (8, 3), (9, 3), (10, 3), (11, 3), (12, 3)]",[],"[(1, 3), (2, 3), (3, 3), (4, 3), (6, 3), (7, 3), (8, 3), (9, 3), (10, 3), (11, 3), (12, 3)]","መድኃኒነ እግዚእ in Sinksar on OK but in App DB on [(1, 3), (2, 3), (3, 3), (4, 3), (6, 3), (7, 3), (8, 3), (9, 3), (10, 3), (11, 3), (12, 3)] - which correct?"
GZ-MEL-080,መልክዐ አቡነ ማቴዎስ ዘደብረ በርበሬ በግእዝ,ማቴዎስ ዘደብረ በርበሬ,"[(1, 12), (2, 12), (3, 12), (4, 12), (5, 5), (6, 12), (7, 12), (8, 12), (9, 12), (10, 12), (11, 12), (12, 12)]","[(5, 14)]","[(1, 12), (2, 12), (3, 12), (4, 12), (5, 5), (6, 12), (7, 12), (8, 12), (9, 12), (10, 12), (11, 12), (12, 12)]","[(5, 14)]","ማቴዎስ ዘደብረ በርበሬ in Sinksar on [(1, 12), (2, 12), (3, 12), (4, 12), (5, 5), (6, 12), (7, 12), (8, 12), (9, 12), (10, 12), (11, 12), (12, 12)] but in App DB on [(5, 14)] - which correct?"
GZ-MEL-081,መልክዐ አቡነ ማቴዎስ ዘደብረ በርበሬ በግእዝ ካልእ,ማቴዎስ ዘደብረ በርበሬ በግእዝ ካልእ,"[(1, 12), (2, 12), (3, 12), (4, 12), (5, 5), (6, 12), (7, 12), (8, 12), (9, 12), (10, 12), (11, 12), (12, 12)]","[(3, 13)]","[(1, 12), (2, 12), (3, 12), (4, 12), (5, 5), (6, 12), (7, 12), (8, 12), (9, 12), (10, 12), (11, 12), (12, 12)]","[(3, 13)]","ማቴዎስ ዘደብረ በርበሬ በግእዝ ካልእ in Sinksar on [(1, 12), (2, 12), (3, 12), (4, 12), (5, 5), (6, 12), (7, 12), (8, 12), (9, 12), (10, 12), (11, 12), (12, 12)] but in App DB on [(3, 13)] - which correct?"
GZ-MEL-084,መልክዐ አቡነ ሳሙኤል በግእዝ ሣልስ በግእዝ,ሳሙኤል በግእዝ ሣልስ,"[(1, 23), (2, 12), (2, 23), (3, 23), (4, 23), (5, 23), (6, 23), (7, 23), (8, 23), (9, 23), (10, 9), (10, 23), (11, 23), (12, 23)]","[(1, 12), (2, 12), (2, 29), (3, 12), (4, 12), (4, 23), (5, 12), (6, 12), (7, 12), (8, 12), (9, 12), (10, 12), (11, 12), (12, 12)]","[(1, 23), (2, 23), (3, 23), (5, 23), (6, 23), (7, 23), (8, 23), (9, 23), (10, 9), (10, 23), (11, 23), (12, 23)]","[(1, 12), (2, 29), (3, 12), (4, 12), (5, 12), (6, 12), (7, 12), (8, 12), (9, 12), (10, 12), (11, 12), (12, 12)]","ሳሙኤል በግእዝ ሣልስ in Sinksar on [(1, 23), (2, 23), (3, 23), (5, 23), (6, 23), (7, 23), (8, 23), (9, 23), (10, 9), (10, 23), (11, 23), (12, 23)] but in App DB on [(1, 12), (2, 29), (3, 12), (4, 12), (5, 12), (6, 12), (7, 12), (8, 12), (9, 12), (10, 12), (11, 12), (12, 12)] - which correct?"
GZ-MEL-085,መልክዐ አቡነ ሳሙኤል ዘዋልድባ በግእዝ,ሳሙኤል ዘዋልድባ,"[(1, 12), (2, 12), (3, 12), (4, 12), (6, 12), (7, 12), (8, 12), (9, 12), (10, 12), (11, 12), (12, 12)]","[(1, 12), (2, 12), (3, 12), (4, 12), (5, 12), (6, 12), (7, 12), (8, 12), (9, 12), (10, 12), (11, 12), (12, 12)]",[],"[(5, 12)]","ሳሙኤል ዘዋልድባ in Sinksar on OK but in App DB on [(5, 12)] - which correct?"
GZ-MEL-086,መልክዐ አቡነ ሳሙኤል ዘዋልድባ ካልዕ በግእዝ,ሳሙኤል ዘዋልድባ ካልዕ,"[(1, 12), (2, 12), (3, 12), (4, 12), (6, 12), (7, 12), (8, 12), (9, 12), (10, 12), (11, 12), (12, 12)]","[(1, 12), (2, 12), (3, 12), (4, 12), (5, 12), (6, 12), (7, 12), (8, 12), (9, 12), (10, 12), (11, 12), (12, 12)]",[],"[(5, 12)]","ሳሙኤል ዘዋልድባ ካልዕ in Sinksar on OK but in App DB on [(5, 12)] - which correct?"
GZ-MEL-092,መልክዐ አቡነ ተክለ ሃይማኖት በግእዝ,ተክለ ሃይማኖት,"[(1, 24), (2, 24), (3, 24), (4, 24), (5, 24), (6, 24), (7, 24), (8, 24), (9, 24), (10, 24), (11, 24), (12, 24)]","[(1, 24), (2, 24), (3, 24), (4, 24), (5, 24), (6, 24), (7, 24), (8, 22), (8, 24), (9, 12), (9, 24), (10, 24), (11, 24), (12, 24)]",[],"[(8, 22), (9, 12)]","ተክለ ሃይማኖት in Sinksar on OK but in App DB on [(8, 22), (9, 12)] - which correct?"
GZ-MEL-098,መልክዐ አቡነ አብርሃም በግእዝ,አብርሃም,"[(12, 28)]","[(11, 7), (12, 28)]",[],"[(11, 7)]","አብርሃም in Sinksar on OK but in App DB on [(11, 7)] - which correct?"
GZ-MEL-102,መልክዐ አቡነ እንድርያስ ዘደብረ ስኂን (ፅፉን) በግእዝ,እንድርያስ ዘደብረ ስኂን,"[(1, 4), (2, 4), (3, 4), (4, 4), (5, 4), (7, 4), (8, 4), (9, 4), (10, 4), (11, 4), (11, 30), (12, 4), (12, 30)]","[(7, 29)]","[(1, 4), (2, 4), (3, 4), (4, 4), (5, 4), (7, 4), (8, 4), (9, 4), (10, 4), (11, 4), (11, 30), (12, 4), (12, 30)]","[(7, 29)]","እንድርያስ ዘደብረ ስኂን in Sinksar on [(1, 4), (2, 4), (3, 4), (4, 4), (5, 4), (7, 4), (8, 4), (9, 4), (10, 4), (11, 4), (11, 30), (12, 4), (12, 30)] but in App DB on [(7, 29)] - which correct?"
GZ-MEL-103,መልክዐ አቡነ እንድርያስ ዘደብረ ጽጌ በግእዝ,እንድርያስ ዘደብረ ጽጌ,"[(1, 4), (2, 4), (3, 4), (4, 4), (5, 4), (7, 4), (8, 4), (9, 4), (10, 4), (11, 4), (11, 30), (12, 4), (12, 30)]","[(6, 1)]","[(1, 4), (2, 4), (3, 4), (4, 4), (5, 4), (7, 4), (8, 4), (9, 4), (10, 4), (11, 4), (11, 30), (12, 4), (12, 30)]","[(6, 1)]","እንድርያስ ዘደብረ ጽጌ in Sinksar on [(1, 4), (2, 4), (3, 4), (4, 4), (5, 4), (7, 4), (8, 4), (9, 4), (10, 4), (11, 4), (11, 30), (12, 4), (12, 30)] but in App DB on [(6, 1)] - which correct?"
GZ-MEL-104,መልክዐ አቡነ ዕጨጌ ዮሐንስ በግእዝ,ዕጨጌ ዮሐንስ,"[(1, 14), (2, 14), (2, 18), (3, 14), (4, 14), (5, 14), (6, 14), (7, 14), (7, 27), (8, 14), (8, 21), (9, 14), (10, 9), (10, 14), (11, 11), (11, 14), (12, 5), (12, 14), (13, 3)]","[(11, 29)]","[(1, 14), (2, 14), (2, 18), (3, 14), (4, 14), (5, 14), (6, 14), (7, 14), (7, 27), (8, 14), (8, 21), (9, 14), (10, 9), (10, 14), (11, 11), (11, 14), (12, 5), (12, 14), (13, 3)]","[(11, 29)]","ዕጨጌ ዮሐንስ in Sinksar on [(1, 14), (2, 14), (2, 18), (3, 14), (4, 14), (5, 14), (6, 14), (7, 14), (7, 27), (8, 14), (8, 21), (9, 14), (10, 9), (10, 14), (11, 11), (11, 14), (12, 5), (12, 14), (13, 3)] but in App DB on [(11, 29)] - which correct?"
GZ-MEL-105,መልክዐ አቡነ ዘርዐ ቡሩክ በግእዝ,ዘርዐ ቡሩክ,"[(1, 13), (2, 13), (3, 13), (6, 13), (7, 13), (8, 13), (9, 13), (10, 13), (11, 13), (12, 13)]","[(1, 13), (2, 13), (3, 13), (4, 13), (5, 13), (6, 13), (7, 13), (8, 13), (9, 13), (10, 13), (11, 13), (12, 13)]",[],"[(4, 13), (5, 13)]","ዘርዐ ቡሩክ in Sinksar on OK but in App DB on [(4, 13), (5, 13)] - which correct?"
GZ-MEL-110,መልክዐ አቡነ ዮሐንስ ዘድብረ ዳጋ በግእዝ,ዮሐንስ ዘድብረ ዳጋ,"[(1, 14), (2, 14), (2, 18), (3, 14), (4, 14), (5, 14), (6, 14), (7, 14), (7, 27), (8, 14), (8, 21), (9, 14), (10, 9), (10, 14), (11, 11), (11, 14), (12, 5), (12, 14), (13, 3)]","[(12, 8)]","[(1, 14), (2, 14), (2, 18), (3, 14), (4, 14), (5, 14), (6, 14), (7, 14), (7, 27), (8, 14), (8, 21), (9, 14), (10, 9), (10, 14), (11, 11), (11, 14), (12, 5), (12, 14), (13, 3)]","[(12, 8)]","ዮሐንስ ዘድብረ ዳጋ in Sinksar on [(1, 14), (2, 14), (2, 18), (3, 14), (4, 14), (5, 14), (6, 14), (7, 14), (7, 27), (8, 14), (8, 21), (9, 14), (10, 9), (10, 14), (11, 11), (11, 14), (12, 5), (12, 14), (13, 3)] but in App DB on [(12, 8)] - which correct?"
GZ-MEL-114,መልክዐ አቡነ ዳንኤል በግእዝ,ዳንኤል,"[(1, 16), (1, 23), (2, 16), (2, 23), (3, 23), (4, 23), (5, 16), (6, 16), (7, 16), (8, 16), (9, 16), (10, 16), (10, 23), (11, 16), (11, 23), (12, 16), (12, 23)]","[(3, 6)]","[(1, 16), (1, 23), (2, 16), (2, 23), (3, 23), (4, 23), (5, 16), (6, 16), (7, 16), (8, 16), (9, 16), (10, 16), (10, 23), (11, 16), (11, 23), (12, 16), (12, 23)]","[(3, 6)]","ዳንኤል in Sinksar on [(1, 16), (1, 23), (2, 16), (2, 23), (3, 23), (4, 23), (5, 16), (6, 16), (7, 16), (8, 16), (9, 16), (10, 16), (10, 23), (11, 16), (11, 23), (12, 16), (12, 23)] but in App DB on [(3, 6)] - which correct?"
GZ-MEL-117,መልክዐ አቡነ ፊልሞና በግእዝ,ፊልሞና,"[(3, 27)]","[(4, 22)]","[(3, 27)]","[(4, 22)]","ፊልሞና in Sinksar on [(3, 27)] but in App DB on [(4, 22)] - which correct?"
GZ-MEL-118,መልክዐ አቡነ ፊልጶስ በግእዝ,ፊልጶስ,"[(10, 14)]","[(11, 28)]","[(10, 14)]","[(11, 28)]","ፊልጶስ in Sinksar on [(10, 14)] but in App DB on [(11, 28)] - which correct?"
GZ-MEL-120,መልክዐ አቡነ ፊልጶስ ዘደብረ ቢዘን በግእዝ,ፊልጶስ ዘደብረ ቢዘን,"[(10, 14)]","[(12, 5)]","[(10, 14)]","[(12, 5)]","ፊልጶስ ዘደብረ ቢዘን in Sinksar on [(10, 14)] but in App DB on [(12, 5)] - which correct?"
GZ-MEL-123,መልክዐ አባ ጊዮርጊስ ዘጋሥጫ በግእዝ,አባ ጊዮርጊስ ዘጋሥጫ,"[(5, 4)]","[(1, 7), (2, 7), (3, 7), (4, 7), (5, 7), (6, 7), (7, 7), (8, 7), (9, 7), (10, 7), (11, 7), (12, 7)]","[(5, 4)]","[(1, 7), (2, 7), (3, 7), (4, 7), (5, 7), (6, 7), (7, 7), (8, 7), (9, 7), (10, 7), (11, 7), (12, 7)]","አባ ጊዮርጊስ ዘጋሥጫ in Sinksar on [(5, 4)] but in App DB on [(1, 7), (2, 7), (3, 7), (4, 7), (5, 7), (6, 7), (7, 7), (8, 7), (9, 7), (10, 7), (11, 7), (12, 7)] - which correct?"
GZ-MEL-124,መልክዐ አብርሃም ይሥሐቅ ወያዕቆብ በግእዝ,አብርሃም ይሥሐቅ ወያዕቆብ,"[(12, 28)]","[(1, 28), (2, 28), (3, 28), (4, 28), (5, 28), (6, 28), (7, 28), (8, 28), (9, 28), (10, 28), (11, 28), (12, 24), (12, 28)]",[],"[(1, 28), (2, 28), (3, 28), (4, 28), (5, 28), (6, 28), (7, 28), (8, 28), (9, 28), (10, 28), (11, 28), (12, 24)]","አብርሃም ይሥሐቅ ወያዕቆብ in Sinksar on OK but in App DB on [(1, 28), (2, 28), (3, 28), (4, 28), (5, 28), (6, 28), (7, 28), (8, 28), (9, 28), (10, 28), (11, 28), (12, 24)] - which correct?"
GZ-MEL-133,መልክዐ ኢያቄም በግእዝ,ኢያቄም,"[(8, 7)]","[(1, 1), (1, 3), (1, 7), (1, 11), (1, 12), (2, 1), (2, 3), (2, 11), (3, 1), (3, 3), (3, 11), (4, 1), (4, 3), (4, 11), (4, 13), (5, 1), (5, 3), (5, 11), (6, 1), (6, 3), (6, 11), (7, 1), (7, 3), (7, 11), (8, 1), (8, 3), (8, 7), (8, 11), (9, 1), (9, 3), (9, 11), (10, 1), (10, 3), (10, 11), (11, 1), (11, 3), (11, 11), (12, 1), (12, 3), (12, 7), (12, 11)]",[],"[(1, 1), (1, 3), (1, 7), (1, 11), (1, 12), (2, 1), (2, 3), (2, 11), (3, 1), (3, 3), (3, 11), (4, 1), (4, 3), (4, 11), (4, 13), (5, 1), (5, 3), (5, 11), (6, 1), (6, 3), (6, 11), (7, 1), (7, 3), (7, 11), (8, 1), (8, 3), (8, 11), (9, 1), (9, 3), (9, 11), (10, 1), (10, 3), (10, 11), (11, 1), (11, 3), (11, 11), (12, 1), (12, 3), (12, 7), (12, 11)]","ኢያቄም in Sinksar on OK but in App DB on [(1, 1), (1, 3), (1, 7), (1, 11), (1, 12), (2, 1), (2, 3), (2, 11), (3, 1), (3, 3), (3, 11), (4, 1), (4, 3), (4, 11), (4, 13), (5, 1), (5, 3), (5, 11), (6, 1), (6, 3), (6, 11), (7, 1), (7, 3), (7, 11), (8, 1), (8, 3), (8, 11), (9, 1), (9, 3), (9, 11), (10, 1), (10, 3), (10, 11), (11, 1), (11, 3), (11, 11), (12, 1), (12, 3), (12, 7), (12, 11)] - which correct?"
GZ-MEL-134,መልክዐ ኤልያስ በግእዝ,ኤልያስ,"[(1, 6), (2, 6), (3, 6), (5, 6), (6, 6), (7, 6), (7, 11), (8, 6), (9, 6), (10, 6), (11, 6), (12, 6), (12, 13)]","[(1, 6), (2, 6), (3, 6), (4, 1), (4, 6), (5, 6), (6, 6), (7, 6), (8, 6), (9, 6), (10, 6), (11, 6), (12, 6), (12, 13)]","[(7, 11)]","[(4, 1), (4, 6)]","ኤልያስ in Sinksar on [(7, 11)] but in App DB on [(4, 1), (4, 6)] - which correct?"
GZ-MEL-135,መልክዐ ኤዎስጣቴዎስ በግእዝ,ኤዎስጣቴዎስ,"[(1, 23), (5, 18)]","[(1, 18), (2, 18), (3, 18), (4, 18), (5, 18), (6, 18), (7, 18), (8, 18), (9, 18), (10, 18), (11, 18), (12, 18)]","[(1, 23)]","[(1, 18), (2, 18), (3, 18), (4, 18), (6, 18), (7, 18), (8, 18), (9, 18), (10, 18), (11, 18), (12, 18)]","ኤዎስጣቴዎስ in Sinksar on [(1, 23)] but in App DB on [(1, 18), (2, 18), (3, 18), (4, 18), (6, 18), (7, 18), (8, 18), (9, 18), (10, 18), (11, 18), (12, 18)] - which correct?"
GZ-MEL-136,መልክዐ እስትንፋሰ ክርስቶስ በግእዝ,እስትንፋሰ ክርስቶስ,"[(1, 9), (2, 9), (3, 9), (4, 9), (5, 9), (7, 9), (9, 9), (10, 9), (11, 9), (12, 9)]","[(1, 9), (2, 9), (3, 9), (4, 9), (5, 9), (6, 9), (7, 9), (8, 9), (9, 9), (10, 9), (11, 9), (12, 9)]",[],"[(6, 9), (8, 9)]","እስትንፋሰ ክርስቶስ in Sinksar on OK but in App DB on [(6, 9), (8, 9)] - which correct?"
GZ-MEL-137,መልክዐ እንድርያስ ሐዋርያ በግእዝ,እንድርያስ ሐዋርያ,"[(1, 4), (2, 4), (3, 4), (4, 4), (5, 4), (7, 4), (8, 4), (9, 4), (10, 4), (11, 4), (11, 30), (12, 4), (12, 30)]","[(1, 4), (2, 4), (3, 4), (4, 4), (5, 4), (6, 4), (7, 4), (8, 4), (9, 4), (10, 4), (11, 4), (11, 30), (12, 4), (12, 30)]",[],"[(6, 4)]","እንድርያስ ሐዋርያ in Sinksar on OK but in App DB on [(6, 4)] - which correct?"
GZ-MEL-138,መልክዐ እንጦንዮስ በግእዝ,እንጦንዮስ,"[(1, 25), (6, 22), (7, 22), (8, 22), (9, 22), (10, 22)]","[(5, 22), (7, 6), (11, 22)]","[(1, 25), (6, 22), (7, 22), (8, 22), (9, 22), (10, 22)]","[(5, 22), (7, 6), (11, 22)]","እንጦንዮስ in Sinksar on [(1, 25), (6, 22), (7, 22), (8, 22), (9, 22), (10, 22)] but in App DB on [(5, 22), (7, 6), (11, 22)] - which correct?"
GZ-MEL-141,መልክዐ ኪዳነ ምሕረት በግእዝ,ኪዳነ ምሕረት,"[(1, 16), (2, 16), (3, 16), (4, 16), (6, 16), (7, 16), (8, 16), (9, 16), (10, 16), (11, 16), (12, 16)]","[(1, 16), (2, 16), (3, 16), (4, 16), (5, 16), (6, 16), (7, 16), (8, 16), (9, 16), (10, 16), (11, 16), (12, 16)]",[],"[(5, 16)]","ኪዳነ ምሕረት in Sinksar on OK but in App DB on [(5, 16)] - which correct?"
GZ-MEL-143,መልክዐ ክርስቶስ ሠምራ በግእዝ,ክርስቶስ ሠምራ,"[(1, 10), (2, 10), (3, 10), (4, 10), (5, 10), (7, 10), (8, 10), (9, 10), (10, 10), (11, 10), (12, 10)]","[(1, 24), (2, 24), (3, 24), (4, 24), (5, 24), (6, 24), (7, 24), (8, 24), (9, 12), (9, 24), (10, 24), (11, 24), (12, 24)]","[(1, 10), (2, 10), (3, 10), (4, 10), (5, 10), (7, 10), (8, 10), (9, 10), (10, 10), (11, 10), (12, 10)]","[(1, 24), (2, 24), (3, 24), (4, 24), (5, 24), (6, 24), (7, 24), (8, 24), (9, 12), (9, 24), (10, 24), (11, 24), (12, 24)]","ክርስቶስ ሠምራ in Sinksar on [(1, 10), (2, 10), (3, 10), (4, 10), (5, 10), (7, 10), (8, 10), (9, 10), (10, 10), (11, 10), (12, 10)] but in App DB on [(1, 24), (2, 24), (3, 24), (4, 24), (5, 24), (6, 24), (7, 24), (8, 24), (9, 12), (9, 24), (10, 24), (11, 24), (12, 24)] - which correct?"
GZ-MEL-145,መልክዐ ዓቢየ እግዚእ በግእዝ,ዓቢየ እግዚእ,"[(1, 19), (2, 19), (3, 19), (4, 19), (6, 19), (7, 19), (8, 19), (10, 19), (11, 19), (12, 19)]","[(1, 19), (2, 19), (3, 19), (4, 19), (5, 19), (6, 19), (7, 19), (8, 19), (9, 19), (10, 19), (11, 19), (12, 10), (12, 13), (12, 19)]",[],"[(5, 19), (9, 19), (12, 10), (12, 13)]","ዓቢየ እግዚእ in Sinksar on OK but in App DB on [(5, 19), (9, 19), (12, 10), (12, 13)] - which correct?"
GZ-MEL-149,መልክዐ ዮሐንስ ወልደ ነጎድጓድ በግእዝ,ዮሐንስ ወልደ ነጎድጓድ,"[(6, 4)]","[(1, 4), (1, 29), (2, 4), (3, 4), (4, 4), (5, 4), (6, 4), (7, 4), (8, 4), (9, 4), (9, 16), (10, 4), (11, 4), (11, 27), (12, 4)]",[],"[(1, 4), (1, 29), (2, 4), (3, 4), (4, 4), (5, 4), (7, 4), (8, 4), (9, 4), (9, 16), (10, 4), (11, 4), (11, 27), (12, 4)]","ዮሐንስ ወልደ ነጎድጓድ in Sinksar on OK but in App DB on [(1, 4), (1, 29), (2, 4), (3, 4), (4, 4), (5, 4), (7, 4), (8, 4), (9, 4), (9, 16), (10, 4), (11, 4), (11, 27), (12, 4)] - which correct?"
GZ-MEL-150,መልክዐ ዮሐንስ ፍቁረ እግዚእ በግእዝ,ዮሐንስ ፍቁረ እግዚእ,"[(1, 14), (2, 14), (2, 18), (3, 14), (4, 14), (5, 14), (6, 14), (7, 14), (7, 27), (8, 14), (8, 21), (9, 14), (10, 9), (10, 14), (11, 11), (11, 14), (12, 5), (12, 14), (13, 3)]","[(1, 4), (1, 29), (2, 4), (3, 4), (4, 4), (5, 4), (6, 4), (7, 4), (8, 4), (9, 4), (9, 16), (10, 4), (11, 4), (11, 27), (12, 4)]","[(1, 14), (2, 14), (2, 18), (3, 14), (4, 14), (5, 14), (6, 14), (7, 14), (7, 27), (8, 14), (8, 21), (9, 14), (10, 9), (10, 14), (11, 11), (11, 14), (12, 5), (12, 14), (13, 3)]","[(1, 4), (1, 29), (2, 4), (3, 4), (4, 4), (5, 4), (6, 4), (7, 4), (8, 4), (9, 4), (9, 16), (10, 4), (11, 4), (11, 27), (12, 4)]","ዮሐንስ ፍቁረ እግዚእ in Sinksar on [(1, 14), (2, 14), (2, 18), (3, 14), (4, 14), (5, 14), (6, 14), (7, 14), (7, 27), (8, 14), (8, 21), (9, 14), (10, 9), (10, 14), (11, 11), (11, 14), (12, 5), (12, 14), (13, 3)] but in App DB on [(1, 4), (1, 29), (2, 4), (3, 4), (4, 4), (5, 4), (6, 4), (7, 4), (8, 4), (9, 4), (9, 16), (10, 4), (11, 4), (11, 27), (12, 4)] - which correct?"
GZ-MEL-151,መልክዐ ገብረ መንፈስ ቅዱስ በግእዝ,ገብረ መንፈስ ቅዱስ,"[(1, 5), (2, 5), (3, 5), (4, 5), (4, 29), (5, 5), (6, 5), (7, 29), (9, 5), (11, 5), (12, 5)]","[(1, 5), (2, 5), (3, 5), (4, 5), (4, 29), (5, 5), (6, 5), (7, 5), (7, 29), (8, 5), (9, 5), (10, 5), (11, 5), (12, 5)]",[],"[(7, 5), (8, 5), (10, 5)]","ገብረ መንፈስ ቅዱስ in Sinksar on OK but in App DB on [(7, 5), (8, 5), (10, 5)] - which correct?"
GZ-MEL-152,መልክዐ ገብረ መንፈስ ቅዱስ ካልዕ በግእዝ,ገብረ መንፈስ ቅዱስ ካልዕ,"[(1, 5), (2, 5), (3, 5), (4, 5), (4, 29), (5, 5), (6, 5), (7, 29), (9, 5), (11, 5), (12, 5)]","[(1, 5), (2, 5), (3, 5), (4, 5), (4, 29), (5, 5), (6, 5), (7, 5), (7, 29), (8, 5), (9, 5), (10, 5), (11, 5), (12, 5)]",[],"[(7, 5), (8, 5), (10, 5)]","ገብረ መንፈስ ቅዱስ ካልዕ in Sinksar on OK but in App DB on [(7, 5), (8, 5), (10, 5)] - which correct?"
GZ-MEL-153,መልክዐ ገብረ ክርስቶስ በግእዝ,ገብረ ክርስቶስ,"[(5, 14), (10, 6)]","[(2, 14)]","[(5, 14), (10, 6)]","[(2, 14)]","ገብረ ክርስቶስ in Sinksar on [(5, 14), (10, 6)] but in App DB on [(2, 14)] - which correct?"
GZ-MEL-154,መልክዐ ጊዮርጊስ በግእዝ,ጊዮርጊስ,"[(5, 4)]","[(1, 23), (2, 23), (3, 7), (3, 23), (4, 23), (5, 18), (5, 23), (6, 23), (7, 23), (8, 23), (9, 23), (10, 23), (11, 23), (12, 16), (12, 23)]","[(5, 4)]","[(1, 23), (2, 23), (3, 7), (3, 23), (4, 23), (5, 18), (5, 23), (6, 23), (7, 23), (8, 23), (9, 23), (10, 23), (11, 23), (12, 16), (12, 23)]","ጊዮርጊስ in Sinksar on [(5, 4)] but in App DB on [(1, 23), (2, 23), (3, 7), (3, 23), (4, 23), (5, 18), (5, 23), (6, 23), (7, 23), (8, 23), (9, 23), (10, 23), (11, 23), (12, 16), (12, 23)] - which correct?"
GZ-MEL-155,መልክዐ ጊዮርጊስ ካልዕ ወሥቃዩ በግእዝ,ጊዮርጊስ ካልዕ ወሥቃዩ,"[(5, 4)]","[(1, 23), (2, 23), (3, 7), (3, 23), (4, 23), (5, 18), (5, 23), (6, 23), (7, 23), (8, 23), (9, 23), (10, 23), (11, 23), (12, 16), (12, 23)]","[(5, 4)]","[(1, 23), (2, 23), (3, 7), (3, 23), (4, 23), (5, 18), (5, 23), (6, 23), (7, 23), (8, 23), (9, 23), (10, 23), (11, 23), (12, 16), (12, 23)]","ጊዮርጊስ ካልዕ ወሥቃዩ in Sinksar on [(5, 4)] but in App DB on [(1, 23), (2, 23), (3, 7), (3, 23), (4, 23), (5, 18), (5, 23), (6, 23), (7, 23), (8, 23), (9, 23), (10, 23), (11, 23), (12, 16), (12, 23)] - which correct?"
GZ-MEL-158,መልክዐ ጴጥሮስ ወጳውሎስ በግእዝ,ጴጥሮስ ወጳውሎስ,"[(6, 9)]","[(11, 5)]","[(6, 9)]","[(11, 5)]","ጴጥሮስ ወጳውሎስ in Sinksar on [(6, 9)] but in App DB on [(11, 5)] - which correct?"
GZ-MEL-159,መልክዐ ጸበለ ማርያም ቅድስት በግእዝ,ጸበለ ማርያም ቅድስት,"[(2, 24)]","[(1, 24), (2, 24), (3, 24), (4, 24), (5, 24), (6, 24), (7, 24), (8, 24), (9, 24), (10, 24), (11, 24), (12, 24)]",[],"[(1, 24), (3, 24), (4, 24), (5, 24), (6, 24), (7, 24), (8, 24), (9, 24), (10, 24), (11, 24), (12, 24)]","ጸበለ ማርያም ቅድስት in Sinksar on OK but in App DB on [(1, 24), (3, 24), (4, 24), (5, 24), (6, 24), (7, 24), (8, 24), (9, 24), (10, 24), (11, 24), (12, 24)] - which correct?"
GZ-MEL-161,መልክዐ ጽዮን ማርያም ሣልስ በግእዝ,ጽዮን ማርያም ሣልስ,"[(2, 30), (8, 30)]","[(1, 21), (2, 21), (3, 21), (4, 21), (5, 21), (6, 21), (7, 21), (8, 21), (9, 1), (9, 21), (10, 21), (11, 21), (12, 16), (12, 21)]","[(2, 30), (8, 30)]","[(1, 21), (2, 21), (3, 21), (4, 21), (5, 21), (6, 21), (7, 21), (8, 21), (9, 1), (9, 21), (10, 21), (11, 21), (12, 16), (12, 21)]","ጽዮን ማርያም ሣልስ in Sinksar on [(2, 30), (8, 30)] but in App DB on [(1, 21), (2, 21), (3, 21), (4, 21), (5, 21), (6, 21), (7, 21), (8, 21), (9, 1), (9, 21), (10, 21), (11, 21), (12, 16), (12, 21)] - which correct?"
GZ-MEL-162,መልክዐ ፊቅጦር በግእዝ,ፊቅጦር,"[(4, 5), (5, 21), (5, 27), (6, 27), (7, 27)]","[(1, 27), (2, 27), (3, 27), (4, 5), (4, 27), (5, 27), (6, 13), (6, 27), (7, 27), (8, 27), (9, 27), (10, 27), (11, 27), (12, 27)]","[(5, 21)]","[(1, 27), (2, 27), (3, 27), (4, 27), (6, 13), (8, 27), (9, 27), (10, 27), (11, 27), (12, 27)]","ፊቅጦር in Sinksar on [(5, 21)] but in App DB on [(1, 27), (2, 27), (3, 27), (4, 27), (6, 13), (8, 27), (9, 27), (10, 27), (11, 27), (12, 27)] - which correct?"
GZ-MEL-164,መልክዐ ፬ቱ እንስሳ በግእዝ,፬ቱ እንስሳ,"[(3, 8), (4, 8)]","[(1, 8), (2, 8), (3, 8), (4, 8), (5, 8), (6, 8), (7, 8), (8, 8), (9, 8), (10, 8), (11, 8), (12, 8)]",[],"[(1, 8), (2, 8), (5, 8), (6, 8), (7, 8), (8, 8), (9, 8), (10, 8), (11, 8), (12, 8)]","፬ቱ እንስሳ in Sinksar on OK but in App DB on [(1, 8), (2, 8), (5, 8), (6, 8), (7, 8), (8, 8), (9, 8), (10, 8), (11, 8), (12, 8)] - which correct?"
GZ-MTS-001,መጽሐፈ ልደታ ለማርያም በግእዝ,ልደታ ለማርያም,"[(2, 30), (8, 30)]","[(1, 1), (2, 1), (3, 1), (4, 1), (5, 1), (6, 1), (7, 1), (8, 1), (9, 1), (10, 1), (11, 1), (12, 1)]","[(2, 30), (8, 30)]","[(1, 1), (2, 1), (3, 1), (4, 1), (5, 1), (6, 1), (7, 1), (8, 1), (9, 1), (10, 1), (11, 1), (12, 1)]","ልደታ ለማርያም in Sinksar on [(2, 30), (8, 30)] but in App DB on [(1, 1), (2, 1), (3, 1), (4, 1), (5, 1), (6, 1), (7, 1), (8, 1), (9, 1), (10, 1), (11, 1), (12, 1)] - which correct?"
GZ-TAM-001,ተአምረ ማርያም በግእዝ,ማርያም,"[(4, 22)]","[(1, 21), (2, 21), (3, 21), (4, 21), (5, 21), (6, 21), (7, 21), (8, 21), (9, 1), (9, 21), (10, 21), (11, 21), (12, 16), (12, 21)]","[(4, 22)]","[(1, 21), (2, 21), (3, 21), (4, 21), (5, 21), (6, 21), (7, 21), (8, 21), (9, 1), (9, 21), (10, 21), (11, 21), (12, 16), (12, 21)]","ማርያም in Sinksar on [(4, 22)] but in App DB on [(1, 21), (2, 21), (3, 21), (4, 21), (5, 21), (6, 21), (7, 21), (8, 21), (9, 1), (9, 21), (10, 21), (11, 21), (12, 16), (12, 21)] - which correct?"
GZ-TBB-001,ጥበበ ሰሎሞን በግእዝ,ጥበበ ሰሎሞን,"[(5, 7)]",[],"[(5, 7)]",[],"ጥበበ ሰሎሞን in Sinksar on [(5, 7)] but in App DB on OK - which correct?"
GZ-TEA-002,ተአምኆ ዘሥሉስ ቅዱስ በግእዝ,ተአምኆ ዘሥሉስ ቅዱስ,"[(1, 7), (2, 7), (3, 7), (4, 7), (6, 7), (7, 7), (8, 7), (10, 7), (12, 7)]",[],"[(1, 7), (2, 7), (3, 7), (4, 7), (6, 7), (7, 7), (8, 7), (10, 7), (12, 7)]",[],"ተአምኆ ዘሥሉስ ቅዱስ in Sinksar on [(1, 7), (2, 7), (3, 7), (4, 7), (6, 7), (7, 7), (8, 7), (10, 7), (12, 7)] but in App DB on OK - which correct?"
GZ-TEA-003,ተአምኆ ዘሥሉስ ቅዱስ በግእዝ ካልእ,ተአምኆ ዘሥሉስ ቅዱስ በግእዝ ካልእ,"[(1, 7), (2, 7), (3, 7), (4, 7), (6, 7), (7, 7), (8, 7), (10, 7), (12, 7)]",[],"[(1, 7), (2, 7), (3, 7), (4, 7), (6, 7), (7, 7), (8, 7), (10, 7), (12, 7)]",[],"ተአምኆ ዘሥሉስ ቅዱስ በግእዝ ካልእ in Sinksar on [(1, 7), (2, 7), (3, 7), (4, 7), (6, 7), (7, 7), (8, 7), (10, 7), (12, 7)] but in App DB on OK - which correct?"
GZ-TSE-007,ጸሎቱ ለጴጥሮስ በግእዝ,ጸሎቱ ለጴጥሮስ,"[(6, 9)]","[(1, 5), (2, 5), (3, 5), (4, 1), (4, 5), (5, 5), (6, 5), (6, 9), (7, 5), (8, 5), (9, 5), (10, 5), (10, 21), (11, 5), (12, 5), (12, 7)]",[],"[(1, 5), (2, 5), (3, 5), (4, 1), (4, 5), (5, 5), (6, 5), (7, 5), (8, 5), (9, 5), (10, 5), (10, 21), (11, 5), (12, 5), (12, 7)]","ጸሎቱ ለጴጥሮስ in Sinksar on OK but in App DB on [(1, 5), (2, 5), (3, 5), (4, 1), (4, 5), (5, 5), (6, 5), (7, 5), (8, 5), (9, 5), (10, 5), (10, 21), (11, 5), (12, 5), (12, 7)] - which correct?"
GZ-WUD-002,ውዳሴ ማርያም በግእዝ,ማርያም,"[(2, 30), (8, 30)]",[],"[(2, 30), (8, 30)]",[],"ማርያም in Sinksar on [(2, 30), (8, 30)] but in App DB on OK - which correct?"
GZ-ZNA-002,ዜናሁ ለንጉሥ ገላውዴዎስ በግእዝ,ዜናሁ ለንጉሥ ገላውዴዎስ,"[(6, 11), (7, 11), (8, 11), (9, 11)]","[(7, 27)]","[(6, 11), (7, 11), (8, 11), (9, 11)]","[(7, 27)]","ዜናሁ ለንጉሥ ገላውዴዎስ in Sinksar on [(6, 11), (7, 11), (8, 11), (9, 11)] but in App DB on [(7, 27)] - which correct?"
TI-RAY-001,ራእየ ማርያም ብትግርኛ,ራእየ ማርያም,"[(2, 30), (8, 30)]","[(1, 21), (2, 21), (3, 21), (4, 21), (5, 21), (6, 21), (7, 21), (8, 21), (9, 1), (9, 21), (10, 21), (11, 21), (12, 16), (12, 21)]","[(2, 30), (8, 30)]","[(1, 21), (2, 21), (3, 21), (4, 21), (5, 21), (6, 21), (7, 21), (8, 21), (9, 1), (9, 21), (10, 21), (11, 21), (12, 16), (12, 21)]","ራእየ ማርያም in Sinksar on [(2, 30), (8, 30)] but in App DB on [(1, 21), (2, 21), (3, 21), (4, 21), (5, 21), (6, 21), (7, 21), (8, 21), (9, 1), (9, 21), (10, 21), (11, 21), (12, 16), (12, 21)] - which correct?"
TI-WUD-001,ውዳሴ ማርያም ብትግርኛ,ማርያም,"[(2, 30), (8, 30)]",[],"[(2, 30), (8, 30)]",[],"ማርያም in Sinksar on [(2, 30), (8, 30)] but in App DB on OK - which correct?"
