book_id,title,matched_core,core_length,confidence,sinksar_dates,tselot_dates,missing_to_add,extra_to_remove,status
AM-MEL-016,መልክዐ ቅዱስ ዮሐንስ ወንጌላዊ በአማርኛ,ዮሐንስ ወንጌላዊ,10,HIGH,"[(1, 4), (1, 29), (2, 4), (3, 4), (4, 4), (5, 4), (9, 16), (11, 27)]","[(1, 4), (1, 29), (2, 4), (3, 4), (4, 4), (5, 4), (6, 4), (7, 4), (8, 4), (9, 4), (9, 16), (10, 4), (11, 4), (11, 27), (12, 4)]",[],"[(6, 4), (7, 4), (8, 4), (9, 4), (10, 4), (11, 4), (12, 4)]",WRONG_DATE
AM-MEL-017,መልክዐ ቅድስት ጸበለ ማርያም በአማርኛ,ጸበለ ማርያም,8,HIGH,"[(2, 24)]","[(1, 24), (2, 24), (3, 24), (4, 24), (5, 24), (6, 24), (7, 24), (8, 24), (9, 24), (10, 24), (11, 24), (12, 24)]",[],"[(1, 24), (3, 24), (4, 24), (5, 24), (6, 24), (7, 24), (8, 24), (9, 24), (10, 24), (11, 24), (12, 24)]",WRONG_DATE
AM-MEL-018,መልክዐ ቅድስት ፍቅርተ ክርስቶስ በአማርኛ,ፍቅርተ ክርስቶስ,10,HIGH,"[(7, 29)]","[(1, 29), (2, 29), (3, 29), (4, 29), (5, 29), (6, 29), (7, 29), (8, 29), (9, 29), (10, 29), (11, 29), (12, 29)]",[],"[(1, 29), (2, 29), (3, 29), (4, 29), (5, 29), (6, 29), (8, 29), (9, 29), (10, 29), (11, 29), (12, 29)]",WRONG_DATE
AM-MEL-019,መልክዐ አቡነ ሐራ ድንግል በአማርኛ,ሐራ ድንግል,7,MEDIUM,"[(1, 11), (2, 11), (3, 11), (4, 11), (5, 11), (6, 11), (7, 11), (8, 11), (9, 11), (10, 11), (11, 11), (12, 11)]","[(1, 11), (2, 11), (3, 11), (4, 11), (5, 11), (6, 11), (7, 11), (8, 11), (9, 11), (10, 11), (11, 11), (12, 11)]",[],[],CORRECT
AM-MEL-021,መልክዐ አቡነ ዮሐንስ ጻድቅ በአማርኛ,ዮሐንስ ጻድቅ,8,HIGH,"[(1, 16), (2, 16), (9, 7), (11, 16), (12, 16)]","[(1, 16), (2, 16), (3, 16), (4, 16), (5, 16), (5, 20), (6, 16), (7, 16), (8, 16), (9, 7), (9, 16), (10, 16), (11, 16), (12, 16)]",[],"[(3, 16), (4, 16), (5, 16), (5, 20), (6, 16), (7, 16), (8, 16), (9, 16), (10, 16)]",WRONG_DATE
AM-MEL-027,መልክዐ ኪዳነ ምሕረት በአማርኛ,ኪዳነ ምሕረት,8,HIGH,"[(1, 16), (2, 16), (3, 16), (4, 16), (6, 16), (7, 16), (8, 16), (9, 16), (10, 16), (11, 16), (12, 16)]","[(1, 16), (2, 16), (3, 16), (4, 16), (5, 16), (6, 16), (7, 16), (8, 16), (9, 16), (10, 16), (11, 16), (12, 16)]",[],"[(5, 16)]",WRONG_DATE
AM-TEA-003,ተአምኆ ዘሥሉስ ቅዱስ መልክዕ በአማርኛ,ሥሉስ ቅዱስ,7,MEDIUM,"[(1, 7), (2, 7), (3, 7), (4, 7), (6, 7), (7, 7), (8, 7), (10, 7), (12, 7)]",[],"[(1, 7), (2, 7), (3, 7), (4, 7), (6, 7), (7, 7), (8, 7), (10, 7), (12, 7)]",[],WRONG_DATE
AM-MEL-037,የቅዱሳን ሠለስቱ ደቂቅ መልክዕ በአማርኛ,ሠለስቱ ደቂቅ,8,HIGH,"[(4, 2)]","[(4, 2), (4, 19), (9, 10)]",[],"[(4, 19), (9, 10)]",WRONG_DATE
AM-MEL-045,የቅዱስ እስጢፋኖስ 2ኛ መልክዕ በአማርኛ,እስጢፋኖስ,6,MEDIUM,"[(5, 17)]","[(1, 15), (1, 17), (2, 17), (3, 17), (4, 17), (5, 1), (5, 17), (6, 17), (7, 17), (8, 17), (9, 17), (10, 17), (11, 17), (12, 17)]",[],"[(1, 15), (1, 17), (2, 17), (3, 17), (4, 17), (5, 1), (6, 17), (7, 17), (8, 17), (9, 17), (10, 17), (11, 17), (12, 17)]",WRONG_DATE
AM-MEL-046,የቅዱስ እንድርያስ ሐዋርያ መልክዕ በአማርኛ,እንድርያስ,6,MEDIUM,"[(1, 4), (2, 4), (3, 4), (4, 4), (5, 4), (7, 4), (8, 4), (9, 4), (10, 4), (11, 4), (11, 30), (12, 4), (12, 30)]","[(1, 4), (2, 4), (3, 4), (4, 4), (5, 4), (6, 4), (7, 4), (8, 4), (9, 4), (10, 4), (11, 4), (11, 30), (12, 4), (12, 30)]",[],"[(6, 4)]",WRONG_DATE
AM-MEL-048,የቅዱስ ዮሐንስ መጥምቅ መልክዕ በአማርኛ,ዮሐንስ መጥምቅ,9,HIGH,"[(1, 26), (3, 12), (5, 11), (5, 21), (13, 1)]","[(1, 1), (1, 2), (1, 26), (1, 30), (2, 2), (2, 30), (3, 2), (3, 30), (4, 2), (4, 30), (5, 2), (5, 11), (5, 30), (6, 2), (6, 30), (7, 2), (7, 30), (8, 2), (8, 15), (8, 30), (9, 2), (9, 30), (10, 2), (10, 30), (11, 2), (11, 30), (12, 2), (12, 30), (13, 1)]","[(3, 12), (5, 21)]","[(1, 1), (1, 2), (1, 30), (2, 2), (2, 30), (3, 2), (3, 30), (4, 2), (4, 30), (5, 2), (5, 30), (6, 2), (6, 30), (7, 2), (7, 30), (8, 2), (8, 15), (8, 30), (9, 2), (9, 30), (10, 2), (10, 30), (11, 2), (11, 30), (12, 2), (12, 30)]",WRONG_DATE
AM-MEL-054,የአቡነ ሳሙኤል ዘዋልድባ መልክዕ በአማርኛ,ሳሙኤል ዘዋልድባ,10,HIGH,"[(1, 12), (2, 12), (3, 12), (4, 12), (6, 12), (7, 12), (8, 12), (9, 12), (10, 12), (11, 12), (12, 12)]","[(1, 12), (2, 12), (3, 12), (4, 12), (5, 12), (6, 12), (7, 12), (8, 12), (9, 12), (10, 12), (11, 12), (12, 12)]",[],"[(5, 12)]",WRONG_DATE
AM-MEL-055,የአቡነ ሳሙኤል ዘዋልድባ ኹለተኛ መልክዕ በአማርኛ,ሳሙኤል ዘዋልድባ,10,HIGH,"[(1, 12), (2, 12), (3, 12), (4, 12), (6, 12), (7, 12), (8, 12), (9, 12), (10, 12), (11, 12), (12, 12)]","[(1, 12), (2, 12), (3, 12), (4, 12), (5, 12), (6, 12), (7, 12), (8, 12), (9, 12), (10, 12), (11, 12), (12, 12)]",[],"[(5, 12)]",WRONG_DATE
AM-MEL-057,የአቡነ ተክለ ሃይማኖት 2ኛ መልክዕ በአማርኛ,ተክለ ሃይማኖት,9,HIGH,"[(1, 24), (2, 24), (3, 24), (4, 24), (5, 24), (6, 24), (7, 24), (8, 24), (9, 24), (10, 24), (11, 24), (12, 24)]","[(1, 24), (2, 24), (3, 24), (4, 24), (5, 24), (6, 24), (7, 24), (8, 22), (8, 24), (9, 12), (9, 24), (10, 24), (11, 24), (12, 24)]",[],"[(8, 22), (9, 12)]",WRONG_DATE
AM-MEL-058,የአቡነ ተክለ ሃይማኖት መልክዕ በአማርኛ,ተክለ ሃይማኖት,9,HIGH,"[(1, 24), (2, 24), (3, 24), (4, 24), (5, 24), (6, 24), (7, 24), (8, 24), (9, 24), (10, 24), (11, 24), (12, 24)]","[(1, 24), (2, 24), (3, 24), (4, 24), (5, 24), (6, 24), (7, 24), (8, 22), (8, 24), (9, 12), (9, 24), (10, 24), (11, 24), (12, 24)]",[],"[(8, 22), (9, 12)]",WRONG_DATE
AM-MEL-061,የአቡነ ዘርዐ ቡሩክ መልክዕ በአማርኛ,ዘርዐ ቡሩክ,7,MEDIUM,"[(1, 13), (2, 13), (3, 13), (6, 13), (7, 13), (8, 13), (9, 13), (10, 13), (11, 13), (12, 13)]","[(1, 13), (2, 13), (3, 13), (4, 13), (5, 13), (6, 13), (7, 13), (8, 13), (9, 13), (10, 13), (11, 13), (12, 13)]",[],"[(4, 13), (5, 13)]",WRONG_DATE
AM-MEL-062,የአቡነ ዜና ማርቆስ መልክዕ በአማርኛ,ዜና ማርቆስ,7,MEDIUM,"[(1, 3), (2, 3), (3, 3), (4, 3), (5, 3), (6, 3), (7, 3), (8, 3), (9, 3), (10, 3), (11, 3), (12, 3)]","[(1, 3), (2, 3), (3, 3), (4, 3), (5, 3), (6, 3), (7, 3), (8, 3), (9, 3), (10, 3), (11, 3), (12, 3)]",[],[],CORRECT
AM-MEL-065,ጸሎተ መልክዐ ሥቃዩ ለቅዱስ ጊዮርጊስ ሊቀ ሰማዕታት በአማርኛ,ጊዮርጊስ ሊቀ ሰማዕታት,14,HIGH,"[(1, 23), (2, 23), (3, 7), (3, 23), (4, 23), (5, 23), (6, 23), (7, 23), (8, 23), (9, 23), (10, 23), (11, 23), (12, 16), (12, 23)]","[(1, 23), (2, 23), (3, 7), (3, 23), (4, 23), (5, 18), (5, 23), (6, 23), (7, 23), (8, 23), (9, 23), (10, 23), (11, 23), (12, 16), (12, 23)]",[],"[(5, 18)]",WRONG_DATE
AM-MEL-066,ጸሎተ መልክዕ ዘቅዱስ ጊዮርጊስ ሊቀ ሰማዕታት በአማርኛ,ጊዮርጊስ ሊቀ ሰማዕታት,14,HIGH,"[(1, 23), (2, 23), (3, 7), (3, 23), (4, 23), (5, 23), (6, 23), (7, 23), (8, 23), (9, 23), (10, 23), (11, 23), (12, 16), (12, 23)]","[(1, 23), (2, 23), (3, 7), (3, 23), (4, 23), (5, 18), (5, 23), (6, 23), (7, 23), (8, 23), (9, 23), (10, 23), (11, 23), (12, 16), (12, 23)]",[],"[(5, 18)]",WRONG_DATE
AM-MEL-067,ጸሎተ መልክዕ ዘቅዱስ ጊዮርጊስ ሊቀ ሰማዕታት ካልዕ በአማርኛ,ጊዮርጊስ ሊቀ ሰማዕታት,14,HIGH,"[(1, 23), (2, 23), (3, 7), (3, 23), (4, 23), (5, 23), (6, 23), (7, 23), (8, 23), (9, 23), (10, 23), (11, 23), (12, 16), (12, 23)]","[(1, 23), (2, 23), (3, 7), (3, 23), (4, 23), (5, 18), (5, 23), (6, 23), (7, 23), (8, 23), (9, 23), (10, 23), (11, 23), (12, 16), (12, 23)]",[],"[(5, 18)]",WRONG_DATE
AM-SIB-001,ስብሐተ ፍቁር ዘቅዱስ ጊዮርጊስ ሊቀ ሰማዕታት በአማርኛ,ጊዮርጊስ ሊቀ ሰማዕታት,14,HIGH,"[(1, 23), (2, 23), (3, 7), (3, 23), (4, 23), (5, 23), (6, 23), (7, 23), (8, 23), (9, 23), (10, 23), (11, 23), (12, 16), (12, 23)]","[(1, 23), (2, 23), (3, 7), (3, 23), (4, 23), (5, 18), (5, 23), (6, 23), (7, 23), (8, 23), (9, 23), (10, 23), (11, 23), (12, 16), (12, 23)]",[],"[(5, 18)]",WRONG_DATE
AM-TEA-002,ተአምኆ ዘሥሉስ ቅዱስ በአማርኛ,ሥሉስ ቅዱስ,7,MEDIUM,"[(1, 7), (2, 7), (3, 7), (4, 7), (6, 7), (7, 7), (8, 7), (10, 7), (12, 7)]",[],"[(1, 7), (2, 7), (3, 7), (4, 7), (6, 7), (7, 7), (8, 7), (10, 7), (12, 7)]",[],WRONG_DATE
GZ-MEL-016,መልክዐ ሊቀ ሰማዕታት ቅዱስ እስጢፋኖስ በግእዝ,እስጢፋኖስ,6,MEDIUM,"[(5, 17)]","[(1, 15), (1, 17), (2, 17), (3, 17), (4, 17), (5, 1), (5, 17), (6, 17), (7, 17), (8, 17), (9, 17), (10, 17), (11, 17), (12, 17)]",[],"[(1, 15), (1, 17), (2, 17), (3, 17), (4, 17), (5, 1), (6, 17), (7, 17), (8, 17), (9, 17), (10, 17), (11, 17), (12, 17)]",WRONG_DATE
GZ-MEL-017,መልክዐ ሊቀ ሰማዕታት ቅዱስ እስጢፋኖስ ካልእ በግእዝ,እስጢፋኖስ,6,MEDIUM,"[(5, 17)]","[(1, 15), (1, 17), (2, 17), (3, 17), (4, 17), (5, 1), (5, 17), (6, 17), (7, 17), (8, 17), (9, 17), (10, 17), (11, 17), (12, 17)]",[],"[(1, 15), (1, 17), (2, 17), (3, 17), (4, 17), (5, 1), (6, 17), (7, 17), (8, 17), (9, 17), (10, 17), (11, 17), (12, 17)]",WRONG_DATE
GZ-MEL-021,መልክዐ ሐራ ድንግል በግእዝ,ሐራ ድንግል,7,MEDIUM,"[(1, 11), (2, 11), (3, 11), (4, 11), (5, 11), (6, 11), (7, 11), (8, 11), (9, 11), (10, 11), (11, 11), (12, 11)]","[(1, 11), (2, 11), (3, 11), (4, 11), (5, 11), (6, 11), (7, 11), (8, 11), (9, 11), (10, 11), (11, 11), (12, 11)]",[],[],CORRECT
GZ-MEL-028,መልክዐ መድኃኔ ዓለም በግእዝ,መድኃኔ ዓለም,8,HIGH,"[(12, 27)]","[(1, 27), (2, 27), (3, 27), (4, 27), (5, 27), (6, 27), (7, 27), (8, 27), (9, 27), (10, 27), (11, 27), (12, 27)]",[],"[(1, 27), (2, 27), (3, 27), (4, 27), (5, 27), (6, 27), (7, 27), (8, 27), (9, 27), (10, 27), (11, 27)]",WRONG_DATE
GZ-MEL-034,መልክዐ ሥሉስ ቅዱስ በግእዝ,ሥሉስ ቅዱስ,7,MEDIUM,"[(1, 7), (2, 7), (3, 7), (4, 7), (6, 7), (7, 7), (8, 7), (10, 7), (12, 7)]","[(5, 7)]","[(1, 7), (2, 7), (3, 7), (4, 7), (6, 7), (7, 7), (8, 7), (10, 7), (12, 7)]","[(5, 7)]",WRONG_DATE
GZ-MEL-039,መልክዐ ሰማዕት ቅዱስ መርቆሬዎስ በግእዝ,መርቆሬዎስ,6,MEDIUM,"[(1, 25), (2, 25), (3, 25), (3, 30), (4, 25), (6, 25), (7, 1), (7, 25), (8, 25), (9, 25), (10, 25), (12, 25)]","[(1, 25), (2, 25), (3, 25), (4, 25), (5, 25), (6, 25), (7, 25), (8, 25), (9, 25), (10, 25), (11, 25), (12, 25)]","[(3, 30), (7, 1)]","[(5, 25), (11, 25)]",WRONG_DATE
GZ-MEL-047,መልክዐ ቅዱሳን ሠለስቱ ደቂቅ በግእዝ,ሠለስቱ ደቂቅ,8,HIGH,"[(4, 2)]","[(4, 2), (4, 19), (9, 10)]",[],"[(4, 19), (9, 10)]",WRONG_DATE
GZ-MEL-058,መልክዐ ቅዱስ አግናጥዮስ ምጥው ለአንበሳ በግእዝ,አግናጥዮስ,6,MEDIUM,"[(1, 7), (2, 7), (2, 26), (3, 7), (4, 7), (4, 24), (5, 7), (6, 7), (7, 7), (8, 7), (10, 7), (12, 7)]","[(1, 7), (2, 7), (2, 26), (3, 7), (4, 7), (4, 24), (5, 7), (6, 7), (7, 7), (8, 7), (9, 7), (10, 7), (11, 1), (11, 7), (12, 7)]",[],"[(9, 7), (11, 1), (11, 7)]",WRONG_DATE
GZ-MEL-060,መልክዐ ቅዱስ ዮሐንስ መጥምቅ በግእዝ,ዮሐንስ መጥምቅ,9,HIGH,"[(1, 26), (3, 12), (5, 11), (5, 21), (13, 1)]","[(1, 1), (1, 2), (1, 26), (1, 30), (2, 2), (2, 30), (3, 2), (3, 30), (4, 2), (4, 30), (5, 2), (5, 11), (5, 30), (6, 2), (6, 30), (7, 2), (7, 30), (8, 2), (8, 15), (8, 30), (9, 2), (9, 30), (10, 2), (10, 30), (11, 2), (11, 30), (12, 2), (12, 30), (13, 1)]","[(3, 12), (5, 21)]","[(1, 1), (1, 2), (1, 30), (2, 2), (2, 30), (3, 2), (3, 30), (4, 2), (4, 30), (5, 2), (5, 30), (6, 2), (6, 30), (7, 2), (7, 30), (8, 2), (8, 15), (8, 30), (9, 2), (9, 30), (10, 2), (10, 30), (11, 2), (11, 30), (12, 2), (12, 30)]",WRONG_DATE
GZ-MEL-062,መልክዐ ቅዱስ ዮሐንስ ወንጌላዊ በግእዝ,ዮሐንስ ወንጌላዊ,10,HIGH,"[(1, 4), (1, 29), (2, 4), (3, 4), (4, 4), (5, 4), (9, 16), (11, 27)]","[(1, 4), (1, 29), (2, 4), (3, 4), (4, 4), (5, 4), (6, 4), (7, 4), (8, 4), (9, 4), (9, 16), (10, 4), (11, 4), (11, 27), (12, 4)]",[],"[(6, 4), (7, 4), (8, 4), (9, 4), (10, 4), (11, 4), (12, 4)]",WRONG_DATE
GZ-MEL-066,መልክዐ ቅድስት ፍቅርተ ክርስቶስ በግእዝ,ፍቅርተ ክርስቶስ,10,HIGH,"[(7, 29)]","[(1, 29), (2, 29), (3, 29), (4, 29), (5, 29), (6, 29), (7, 29), (8, 29), (9, 29), (10, 29), (11, 29), (12, 29)]",[],"[(1, 29), (2, 29), (3, 29), (4, 29), (5, 29), (6, 29), (8, 29), (9, 29), (10, 29), (11, 29), (12, 29)]",WRONG_DATE
GZ-MEL-068,መልክዐ ተክለ ሃይማኖት በግእዝ,ተክለ ሃይማኖት,9,HIGH,"[(1, 24), (2, 24), (3, 24), (4, 24), (5, 24), (6, 24), (7, 24), (8, 24), (9, 24), (10, 24), (11, 24), (12, 24)]","[(1, 24), (2, 24), (3, 24), (4, 24), (5, 24), (6, 24), (7, 24), (8, 22), (8, 24), (9, 12), (9, 24), (10, 24), (11, 24), (12, 24)]",[],"[(8, 22), (9, 12)]",WRONG_DATE
GZ-MEL-069,መልክዐ ተክለ ሃይማኖት ካልእ በግእዝ,ተክለ ሃይማኖት,9,HIGH,"[(1, 24), (2, 24), (3, 24), (4, 24), (5, 24), (6, 24), (7, 24), (8, 24), (9, 24), (10, 24), (11, 24), (12, 24)]","[(1, 24), (2, 24), (3, 24), (4, 24), (5, 24), (6, 24), (7, 24), (8, 22), (8, 24), (9, 12), (9, 24), (10, 24), (11, 24), (12, 24)]",[],"[(8, 22), (9, 12)]",WRONG_DATE
GZ-MEL-076,መልክዐ አቡነ መርቆሬዎስ ዘደብረ ድማኅ በግእዝ,መርቆሬዎስ,6,MEDIUM,"[(1, 25), (2, 25), (3, 25), (3, 30), (4, 25), (6, 25), (7, 1), (7, 25), (8, 25), (9, 25), (10, 25), (12, 25)]","[(4, 16)]","[(1, 25), (2, 25), (3, 25), (3, 30), (4, 25), (6, 25), (7, 1), (7, 25), (8, 25), (9, 25), (10, 25), (12, 25)]","[(4, 16)]",WRONG_DATE
GZ-MEL-078,መልክዐ አቡነ መድኃኒነ እግዚእ በግእዝ,መድኃኒነ እግዚእ,10,HIGH,"[(5, 3)]","[(1, 3), (2, 3), (3, 3), (4, 3), (5, 3), (6, 3), (7, 3), (8, 3), (9, 3), (10, 3), (11, 3), (12, 3)]",[],"[(1, 3), (2, 3), (3, 3), (4, 3), (6, 3), (7, 3), (8, 3), (9, 3), (10, 3), (11, 3), (12, 3)]",WRONG_DATE
GZ-MEL-085,መልክዐ አቡነ ሳሙኤል ዘዋልድባ በግእዝ,ሳሙኤል ዘዋልድባ,10,HIGH,"[(1, 12), (2, 12), (3, 12), (4, 12), (6, 12), (7, 12), (8, 12), (9, 12), (10, 12), (11, 12), (12, 12)]","[(1, 12), (2, 12), (3, 12), (4, 12), (5, 12), (6, 12), (7, 12), (8, 12), (9, 12), (10, 12), (11, 12), (12, 12)]",[],"[(5, 12)]",WRONG_DATE
GZ-MEL-086,መልክዐ አቡነ ሳሙኤል ዘዋልድባ ካልዕ በግእዝ,ሳሙኤል ዘዋልድባ,10,HIGH,"[(1, 12), (2, 12), (3, 12), (4, 12), (6, 12), (7, 12), (8, 12), (9, 12), (10, 12), (11, 12), (12, 12)]","[(1, 12), (2, 12), (3, 12), (4, 12), (5, 12), (6, 12), (7, 12), (8, 12), (9, 12), (10, 12), (11, 12), (12, 12)]",[],"[(5, 12)]",WRONG_DATE
GZ-MEL-092,መልክዐ አቡነ ተክለ ሃይማኖት በግእዝ,ተክለ ሃይማኖት,9,HIGH,"[(1, 24), (2, 24), (3, 24), (4, 24), (5, 24), (6, 24), (7, 24), (8, 24), (9, 24), (10, 24), (11, 24), (12, 24)]","[(1, 24), (2, 24), (3, 24), (4, 24), (5, 24), (6, 24), (7, 24), (8, 22), (8, 24), (9, 12), (9, 24), (10, 24), (11, 24), (12, 24)]",[],"[(8, 22), (9, 12)]",WRONG_DATE
GZ-MEL-099,መልክዐ አቡነ አብሳዲ ዘደብረ ማርያም በግእዝ,አብሳዲ ዘደብረ ማርያም,14,HIGH,"[(1, 30)]","[(1, 30)]",[],[],CORRECT
GZ-MEL-102,መልክዐ አቡነ እንድርያስ ዘደብረ ስኂን (ፅፉን) በግእዝ,እንድርያስ,6,MEDIUM,"[(1, 4), (2, 4), (3, 4), (4, 4), (5, 4), (7, 4), (8, 4), (9, 4), (10, 4), (11, 4), (11, 30), (12, 4), (12, 30)]","[(7, 29)]","[(1, 4), (2, 4), (3, 4), (4, 4), (5, 4), (7, 4), (8, 4), (9, 4), (10, 4), (11, 4), (11, 30), (12, 4), (12, 30)]","[(7, 29)]",WRONG_DATE
GZ-MEL-103,መልክዐ አቡነ እንድርያስ ዘደብረ ጽጌ በግእዝ,እንድርያስ,6,MEDIUM,"[(1, 4), (2, 4), (3, 4), (4, 4), (5, 4), (7, 4), (8, 4), (9, 4), (10, 4), (11, 4), (11, 30), (12, 4), (12, 30)]","[(6, 1)]","[(1, 4), (2, 4), (3, 4), (4, 4), (5, 4), (7, 4), (8, 4), (9, 4), (10, 4), (11, 4), (11, 30), (12, 4), (12, 30)]","[(6, 1)]",WRONG_DATE
GZ-MEL-105,መልክዐ አቡነ ዘርዐ ቡሩክ በግእዝ,ዘርዐ ቡሩክ,7,MEDIUM,"[(1, 13), (2, 13), (3, 13), (6, 13), (7, 13), (8, 13), (9, 13), (10, 13), (11, 13), (12, 13)]","[(1, 13), (2, 13), (3, 13), (4, 13), (5, 13), (6, 13), (7, 13), (8, 13), (9, 13), (10, 13), (11, 13), (12, 13)]",[],"[(4, 13), (5, 13)]",WRONG_DATE
GZ-MEL-106,መልክዐ አቡነ ዜና ማርቆስ በግእዝ,ዜና ማርቆስ,7,MEDIUM,"[(1, 3), (2, 3), (3, 3), (4, 3), (5, 3), (6, 3), (7, 3), (8, 3), (9, 3), (10, 3), (11, 3), (12, 3)]","[(1, 3), (2, 3), (3, 3), (4, 3), (5, 3), (6, 3), (7, 3), (8, 3), (9, 3), (10, 3), (11, 3), (12, 3)]",[],[],CORRECT
GZ-MEL-109,መልክዐ አቡነ ዮሐንስ ከማ በግእዝ,ዮሐንስ ከማ,7,MEDIUM,"[(4, 25)]","[(4, 25)]",[],[],CORRECT
GZ-MEL-135,መልክዐ ኤዎስጣቴዎስ በግእዝ,ኤዎስጣቴዎስ,7,MEDIUM,"[(1, 23), (5, 18)]","[(1, 18), (2, 18), (3, 18), (4, 18), (5, 18), (6, 18), (7, 18), (8, 18), (9, 18), (10, 18), (11, 18), (12, 18)]","[(1, 23)]","[(1, 18), (2, 18), (3, 18), (4, 18), (6, 18), (7, 18), (8, 18), (9, 18), (10, 18), (11, 18), (12, 18)]",WRONG_DATE
GZ-MEL-136,መልክዐ እስትንፋሰ ክርስቶስ በግእዝ,እስትንፋሰ ክርስቶስ,12,HIGH,"[(1, 9), (2, 9), (3, 9), (4, 9), (5, 9), (7, 9), (9, 9), (10, 9), (11, 9), (12, 9)]","[(1, 9), (2, 9), (3, 9), (4, 9), (5, 9), (6, 9), (7, 9), (8, 9), (9, 9), (10, 9), (11, 9), (12, 9)]",[],"[(6, 9), (8, 9)]",WRONG_DATE
GZ-MEL-137,መልክዐ እንድርያስ ሐዋርያ በግእዝ,እንድርያስ,6,MEDIUM,"[(1, 4), (2, 4), (3, 4), (4, 4), (5, 4), (7, 4), (8, 4), (9, 4), (10, 4), (11, 4), (11, 30), (12, 4), (12, 30)]","[(1, 4), (2, 4), (3, 4), (4, 4), (5, 4), (6, 4), (7, 4), (8, 4), (9, 4), (10, 4), (11, 4), (11, 30), (12, 4), (12, 30)]",[],"[(6, 4)]",WRONG_DATE
GZ-MEL-138,መልክዐ እንጦንዮስ በግእዝ,እንጦንዮስ,6,MEDIUM,"[(1, 25), (6, 22), (7, 22), (8, 22), (9, 22), (10, 22)]","[(5, 22), (7, 6), (11, 22)]","[(1, 25), (6, 22), (7, 22), (8, 22), (9, 22), (10, 22)]","[(5, 22), (7, 6), (11, 22)]",WRONG_DATE
GZ-MEL-139,መልክዐ እግዚአብሔር አብ በግእዝ,እግዚአብሔር አብ,10,HIGH,"[(1, 13), (2, 13), (3, 13), (4, 13), (5, 13), (6, 13), (7, 13), (8, 13), (9, 13), (10, 13), (11, 13), (12, 13)]","[(1, 13), (2, 13), (3, 13), (4, 13), (5, 13), (6, 13), (7, 13), (8, 13), (9, 13), (10, 13), (11, 13), (12, 13)]",[],[],CORRECT
GZ-MEL-140,መልክዐ እግዚአብሔር አብ ካልዕ በግእዝ,እግዚአብሔር አብ,10,HIGH,"[(1, 13), (2, 13), (3, 13), (4, 13), (5, 13), (6, 13), (7, 13), (8, 13), (9, 13), (10, 13), (11, 13), (12, 13)]","[(1, 13), (2, 13), (3, 13), (4, 13), (5, 13), (6, 13), (7, 13), (8, 13), (9, 13), (10, 13), (11, 13), (12, 13)]",[],[],CORRECT
GZ-MEL-141,መልክዐ ኪዳነ ምሕረት በግእዝ,ኪዳነ ምሕረት,8,HIGH,"[(1, 16), (2, 16), (3, 16), (4, 16), (6, 16), (7, 16), (8, 16), (9, 16), (10, 16), (11, 16), (12, 16)]","[(1, 16), (2, 16), (3, 16), (4, 16), (5, 16), (6, 16), (7, 16), (8, 16), (9, 16), (10, 16), (11, 16), (12, 16)]",[],"[(5, 16)]",WRONG_DATE
GZ-MEL-143,መልክዐ ክርስቶስ ሠምራ በግእዝ,መልክዐ ክርስቶስ,10,HIGH,"[(1, 10), (2, 10), (3, 10), (4, 10), (5, 10), (7, 10), (8, 10), (9, 10), (10, 10), (11, 10), (12, 10)]","[(1, 24), (2, 24), (3, 24), (4, 24), (5, 24), (6, 24), (7, 24), (8, 24), (9, 12), (9, 24), (10, 24), (11, 24), (12, 24)]","[(1, 10), (2, 10), (3, 10), (4, 10), (5, 10), (7, 10), (8, 10), (9, 10), (10, 10), (11, 10), (12, 10)]","[(1, 24), (2, 24), (3, 24), (4, 24), (5, 24), (6, 24), (7, 24), (8, 24), (9, 12), (9, 24), (10, 24), (11, 24), (12, 24)]",WRONG_DATE
GZ-MEL-145,መልክዐ ዓቢየ እግዚእ በግእዝ,ዓቢየ እግዚእ,8,HIGH,"[(1, 19), (2, 19), (3, 19), (4, 19), (6, 19), (7, 19), (8, 19), (10, 19), (11, 19), (12, 19)]","[(1, 19), (2, 19), (3, 19), (4, 19), (5, 19), (6, 19), (7, 19), (8, 19), (9, 19), (10, 19), (11, 19), (12, 10), (12, 13), (12, 19)]",[],"[(5, 19), (9, 19), (12, 10), (12, 13)]",WRONG_DATE
GZ-MEL-149,መልክዐ ዮሐንስ ወልደ ነጎድጓድ በግእዝ,ዮሐንስ ወልደ ነጎድጓድ,14,HIGH,"[(6, 4)]","[(1, 4), (1, 29), (2, 4), (3, 4), (4, 4), (5, 4), (6, 4), (7, 4), (8, 4), (9, 4), (9, 16), (10, 4), (11, 4), (11, 27), (12, 4)]",[],"[(1, 4), (1, 29), (2, 4), (3, 4), (4, 4), (5, 4), (7, 4), (8, 4), (9, 4), (9, 16), (10, 4), (11, 4), (11, 27), (12, 4)]",WRONG_DATE
GZ-MEL-151,መልክዐ ገብረ መንፈስ ቅዱስ በግእዝ,ገብረ መንፈስ ቅዱስ,12,HIGH,"[(1, 5), (2, 5), (3, 5), (4, 5), (4, 29), (5, 5), (6, 5), (7, 29), (9, 5), (11, 5), (12, 5)]","[(1, 5), (2, 5), (3, 5), (4, 5), (4, 29), (5, 5), (6, 5), (7, 5), (7, 29), (8, 5), (9, 5), (10, 5), (11, 5), (12, 5)]",[],"[(7, 5), (8, 5), (10, 5)]",WRONG_DATE
GZ-MEL-152,መልክዐ ገብረ መንፈስ ቅዱስ ካልዕ በግእዝ,ገብረ መንፈስ ቅዱስ,12,HIGH,"[(1, 5), (2, 5), (3, 5), (4, 5), (4, 29), (5, 5), (6, 5), (7, 29), (9, 5), (11, 5), (12, 5)]","[(1, 5), (2, 5), (3, 5), (4, 5), (4, 29), (5, 5), (6, 5), (7, 5), (7, 29), (8, 5), (9, 5), (10, 5), (11, 5), (12, 5)]",[],"[(7, 5), (8, 5), (10, 5)]",WRONG_DATE
GZ-MEL-153,መልክዐ ገብረ ክርስቶስ በግእዝ,ገብረ ክርስቶስ,9,HIGH,"[(5, 14), (10, 6)]","[(2, 14)]","[(5, 14), (10, 6)]","[(2, 14)]",WRONG_DATE
GZ-MEL-159,መልክዐ ጸበለ ማርያም ቅድስት በግእዝ,ጸበለ ማርያም,8,HIGH,"[(2, 24)]","[(1, 24), (2, 24), (3, 24), (4, 24), (5, 24), (6, 24), (7, 24), (8, 24), (9, 24), (10, 24), (11, 24), (12, 24)]",[],"[(1, 24), (3, 24), (4, 24), (5, 24), (6, 24), (7, 24), (8, 24), (9, 24), (10, 24), (11, 24), (12, 24)]",WRONG_DATE
GZ-MEL-164,መልክዐ ፬ቱ እንስሳ በግእዝ,፬ቱ እንስሳ,7,MEDIUM,"[(3, 8), (4, 8)]","[(1, 8), (2, 8), (3, 8), (4, 8), (5, 8), (6, 8), (7, 8), (8, 8), (9, 8), (10, 8), (11, 8), (12, 8)]",[],"[(1, 8), (2, 8), (5, 8), (6, 8), (7, 8), (8, 8), (9, 8), (10, 8), (11, 8), (12, 8)]",WRONG_DATE
GZ-TEA-002,ተአምኆ ዘሥሉስ ቅዱስ በግእዝ,ሥሉስ ቅዱስ,7,MEDIUM,"[(1, 7), (2, 7), (3, 7), (4, 7), (6, 7), (7, 7), (8, 7), (10, 7), (12, 7)]",[],"[(1, 7), (2, 7), (3, 7), (4, 7), (6, 7), (7, 7), (8, 7), (10, 7), (12, 7)]",[],WRONG_DATE
GZ-TEA-003,ተአምኆ ዘሥሉስ ቅዱስ በግእዝ ካልእ,ሥሉስ ቅዱስ,7,MEDIUM,"[(1, 7), (2, 7), (3, 7), (4, 7), (6, 7), (7, 7), (8, 7), (10, 7), (12, 7)]",[],"[(1, 7), (2, 7), (3, 7), (4, 7), (6, 7), (7, 7), (8, 7), (10, 7), (12, 7)]",[],WRONG_DATE
GZ-GDL-002,ገድለ ሰማዕት ቅዱስ መርቆሬዎስ በግእዝ,መርቆሬዎስ,6,MEDIUM,"[(1, 25), (2, 25), (3, 25), (3, 30), (4, 25), (6, 25), (7, 1), (7, 25), (8, 25), (9, 25), (10, 25), (12, 25)]","[(1, 25), (2, 25), (3, 25), (4, 25), (5, 25), (6, 25), (7, 25), (8, 25), (9, 25), (10, 25), (11, 25), (12, 25)]","[(3, 30), (7, 1)]","[(5, 25), (11, 25)]",WRONG_DATE
AM-GDL-002,ገድለ ማርያም እንተ ዕፍረት በአማርኛ,ማርያም እንተ ዕፍረት,13,HIGH,"[(2, 1), (6, 6)]","[(2, 1), (6, 6)]",[],[],CORRECT
GZ-TAM-001,ተአምረ ማርያም በግእዝ,ተአምረ ማርያም,9,HIGH,"[(4, 22)]","[(1, 21), (2, 21), (3, 21), (4, 21), (5, 21), (6, 21), (7, 21), (8, 21), (9, 1), (9, 21), (10, 21), (11, 21), (12, 16), (12, 21)]","[(4, 22)]","[(1, 21), (2, 21), (3, 21), (4, 21), (5, 21), (6, 21), (7, 21), (8, 21), (9, 1), (9, 21), (10, 21), (11, 21), (12, 16), (12, 21)]",WRONG_DATE
AM-GDL-003,ገድለ ማርያም መግደላዊት በአማርኛ,ማርያም መግደላዊት,11,HIGH,"[(7, 29), (12, 6)]","[(7, 29), (12, 6)]",[],[],CORRECT
AM-GDL-004,ገድለ ተክለ ሃይማኖት በአማርኛ,ተክለ ሃይማኖት,9,HIGH,"[(1, 24), (2, 24), (3, 24), (4, 24), (5, 24), (6, 24), (7, 24), (8, 24), (9, 24), (10, 24), (11, 24), (12, 24)]","[(1, 24), (2, 24), (3, 24), (4, 24), (5, 24), (6, 24), (7, 24), (8, 22), (8, 24), (9, 12), (9, 24), (10, 24), (11, 24), (12, 24)]",[],"[(8, 22), (9, 12)]",WRONG_DATE
AM-GDL-005,ገድለ ቅድስት ክርስቶስ ሠምራ በአማርኛ,ክርስቶስ ሠምራ,9,HIGH,"[(1, 12), (1, 24), (2, 12), (2, 24), (3, 12), (3, 24), (4, 12), (4, 24), (6, 12), (6, 24), (7, 12), (7, 24), (8, 12), (8, 24), (9, 24), (10, 12), (10, 24), (11, 12), (11, 24), (12, 12), (12, 24)]","[(1, 24), (2, 24), (3, 24), (4, 24), (5, 24), (6, 24), (7, 24), (8, 24), (9, 12), (9, 24), (10, 24), (11, 24), (12, 24)]","[(1, 12), (2, 12), (3, 12), (4, 12), (6, 12), (7, 12), (8, 12), (10, 12), (11, 12), (12, 12)]","[(5, 24), (9, 12)]",WRONG_DATE
GZ-DRS-005,ድርሳነ መድኃኔ ዓለም በግእዝ,መድኃኔ ዓለም,8,HIGH,"[(12, 27)]","[(1, 27), (2, 27), (3, 27), (4, 27), (5, 27), (6, 27), (7, 27), (8, 27), (9, 27), (10, 27), (11, 27), (12, 27)]",[],"[(1, 27), (2, 27), (3, 27), (4, 27), (5, 27), (6, 27), (7, 27), (8, 27), (9, 27), (10, 27), (11, 27)]",WRONG_DATE
AM-GDL-007,ገድለ አቡነ ገብረ መንፈስ ቅዱስ በአማርኛ,ገብረ መንፈስ ቅዱስ,12,HIGH,"[(1, 5), (2, 5), (3, 5), (4, 5), (4, 29), (5, 5), (6, 5), (7, 29), (9, 5), (11, 5), (12, 5)]","[(1, 5), (2, 5), (3, 5), (4, 5), (4, 29), (5, 5), (6, 5), (7, 5), (7, 29), (8, 5), (9, 5), (10, 5), (11, 5), (12, 5)]",[],"[(7, 5), (8, 5), (10, 5)]",WRONG_DATE
GZ-ZNA-002,ዜናሁ ለንጉሥ ገላውዴዎስ በግእዝ,ገላውዴዎስ,6,MEDIUM,"[(6, 11), (7, 11), (8, 11), (9, 11)]","[(7, 27)]","[(6, 11), (7, 11), (8, 11), (9, 11)]","[(7, 27)]",WRONG_DATE
AM-GDL-009,ገድለ ቅዱስ እስጢፋኖስ አማርኛ,እስጢፋኖስ,6,MEDIUM,"[(5, 17)]","[(1, 15), (1, 17), (2, 17), (3, 17), (4, 17), (5, 1), (5, 17), (6, 17), (7, 17), (8, 17), (9, 17), (10, 17), (11, 17), (12, 17)]",[],"[(1, 15), (1, 17), (2, 17), (3, 17), (4, 17), (5, 1), (6, 17), (7, 17), (8, 17), (9, 17), (10, 17), (11, 17), (12, 17)]",WRONG_DATE
AM-GDL-014,የአቡነ እስትንፋሰ ክርስቶስ ገድል በአማርኛ,እስትንፋሰ ክርስቶስ,12,HIGH,"[(1, 9), (2, 9), (3, 9), (4, 9), (5, 9), (7, 9), (9, 9), (10, 9), (11, 9), (12, 9)]","[(1, 9), (2, 9), (3, 9), (4, 9), (5, 9), (6, 9), (7, 9), (8, 9), (9, 9), (10, 9), (11, 9), (12, 9)]",[],"[(6, 9), (8, 9)]",WRONG_DATE
AM-GDL-015,ገድለ ሰማዕት ቅዱስ መርቆሬዎስ በአማርኛ,መርቆሬዎስ,6,MEDIUM,"[(1, 25), (2, 25), (3, 25), (3, 30), (4, 25), (6, 25), (7, 1), (7, 25), (8, 25), (9, 25), (10, 25), (12, 25)]","[(1, 25), (2, 25), (3, 25), (4, 25), (5, 25), (6, 25), (7, 25), (8, 25), (9, 25), (10, 25), (11, 25), (12, 25)]","[(3, 30), (7, 1)]","[(5, 25), (11, 25)]",WRONG_DATE
AM-DRS-004,ድርሳነ መድኃኔ ዓለም በአማርኛ,መድኃኔ ዓለም,8,HIGH,"[(12, 27)]","[(1, 27), (2, 27), (3, 27), (4, 27), (5, 27), (6, 27), (7, 27), (8, 27), (9, 27), (10, 27), (11, 27), (12, 27)]",[],"[(1, 27), (2, 27), (3, 27), (4, 27), (5, 27), (6, 27), (7, 27), (8, 27), (9, 27), (10, 27), (11, 27)]",WRONG_DATE
GZ-GDL-017,ገድለ አቡነ ተክለ ሐዋርያት በግእዝ,ተክለ ሐዋርያት,9,HIGH,"[(3, 27)]","[(3, 27)]",[],[],CORRECT
GZ-GDL-019,ገድለ ቅድስት ክርስቶስ ሠምራ በግእዝ,ክርስቶስ ሠምራ,9,HIGH,"[(1, 12), (1, 24), (2, 12), (2, 24), (3, 12), (3, 24), (4, 12), (4, 24), (6, 12), (6, 24), (7, 12), (7, 24), (8, 12), (8, 24), (9, 24), (10, 12), (10, 24), (11, 12), (11, 24), (12, 12), (12, 24)]","[(1, 24), (2, 24), (3, 24), (4, 24), (5, 24), (6, 24), (7, 24), (8, 24), (9, 12), (9, 24), (10, 24), (11, 24), (12, 24)]","[(1, 12), (2, 12), (3, 12), (4, 12), (6, 12), (7, 12), (8, 12), (10, 12), (11, 12), (12, 12)]","[(5, 24), (9, 12)]",WRONG_DATE
GZ-GDL-022,ገድለ ቅዱስ እስጢፋኖስ በግእዝ,እስጢፋኖስ,6,MEDIUM,"[(5, 17)]","[(1, 15), (1, 17), (2, 17), (3, 17), (4, 17), (5, 1), (5, 17), (6, 17), (7, 17), (8, 17), (9, 17), (10, 17), (11, 17), (12, 17)]",[],"[(1, 15), (1, 17), (2, 17), (3, 17), (4, 17), (5, 1), (6, 17), (7, 17), (8, 17), (9, 17), (10, 17), (11, 17), (12, 17)]",WRONG_DATE
GZ-GDL-024,ገድለ አቡነ አሮን መንክራዊ ግእዝ,አሮን መንክራዊ,9,HIGH,"[(1, 5)]","[(1, 5), (2, 5), (3, 5), (4, 5), (5, 5), (6, 5), (7, 5), (8, 5), (9, 5), (10, 5), (11, 5), (12, 5)]",[],"[(2, 5), (3, 5), (4, 5), (5, 5), (6, 5), (7, 5), (8, 5), (9, 5), (10, 5), (11, 5), (12, 5)]",WRONG_DATE
AM-GDL-022,የመባዓ ጽዮን ገድል በአማርኛ,መባዓ ጽዮን,7,MEDIUM,"[(2, 27), (3, 27), (4, 27)]","[(1, 27), (2, 27), (3, 27), (4, 27), (5, 27), (6, 27), (7, 27), (8, 27), (9, 27), (10, 27), (11, 27), (12, 27)]",[],"[(1, 27), (5, 27), (6, 27), (7, 27), (8, 27), (9, 27), (10, 27), (11, 27), (12, 27)]",WRONG_DATE
AM-GDL-028,ገድለ አቡነ አሮን መንክራዊ በአማርኛ,አሮን መንክራዊ,9,HIGH,"[(1, 5)]","[(1, 5), (2, 5), (3, 5), (4, 5), (5, 5), (6, 5), (7, 5), (8, 5), (9, 5), (10, 5), (11, 5), (12, 5)]",[],"[(2, 5), (3, 5), (4, 5), (5, 5), (6, 5), (7, 5), (8, 5), (9, 5), (10, 5), (11, 5), (12, 5)]",WRONG_DATE
AM-TAM-002,ተአምረ ማርያም በአማርኛ,ተአምረ ማርያም,9,HIGH,"[(4, 22)]","[(1, 21), (2, 21), (3, 21), (4, 21), (5, 21), (6, 21), (7, 21), (8, 21), (9, 1), (9, 21), (10, 21), (11, 21), (12, 16), (12, 21)]","[(4, 22)]","[(1, 21), (2, 21), (3, 21), (4, 21), (5, 21), (6, 21), (7, 21), (8, 21), (9, 1), (9, 21), (10, 21), (11, 21), (12, 16), (12, 21)]",WRONG_DATE
