book_id,title,saint_core,sinksar_correct_dates,tselot_current_dates,missing_dates_to_add,extra_dates_to_remove,status
AM-MEL-020,መልክዐ አቡነ ዕጨጌ ዮሐንስ በአማርኛ,ዮሐንስ,"[(1, 14), (2, 14), (2, 18), (3, 14), (4, 14), (5, 14), (6, 14), (7, 14), (7, 27), (8, 14), (8, 21), (9, 14), (10, 9), (10, 14), (11, 11), (11, 14), (12, 5), (12, 14), (13, 3)]","[(11, 29)]","[(1, 14), (2, 14), (2, 18), (3, 14), (4, 14), (5, 14), (6, 14), (7, 14), (7, 27), (8, 14), (8, 21), (9, 14), (10, 9), (10, 14), (11, 11), (11, 14), (12, 5), (12, 14), (13, 3)]","[(11, 29)]",MISMATCH
AM-MEL-047,የቅዱስ ዮሐንስ 2ኛ መልክዕ በአማርኛ,ዮሐንስ,"[(1, 14), (2, 14), (2, 18), (3, 14), (4, 14), (5, 14), (6, 14), (7, 14), (7, 27), (8, 14), (8, 21), (9, 14), (10, 9), (10, 14), (11, 11), (11, 14), (12, 5), (12, 14), (13, 3)]","[(1, 4), (1, 29), (2, 4), (3, 4), (4, 4), (5, 4), (6, 4), (7, 4), (8, 4), (9, 4), (9, 16), (10, 4), (11, 4), (11, 27), (12, 4)]","[(1, 14), (2, 14), (2, 18), (3, 14), (4, 14), (5, 14), (6, 14), (7, 14), (7, 27), (8, 14), (8, 21), (9, 14), (10, 9), (10, 14), (11, 11), (11, 14), (12, 5), (12, 14), (13, 3)]","[(1, 4), (1, 29), (2, 4), (3, 4), (4, 4), (5, 4), (6, 4), (7, 4), (8, 4), (9, 4), (9, 16), (10, 4), (11, 4), (11, 27), (12, 4)]",MISMATCH
GZ-MEL-061,መልክዐ ቅዱስ ዮሐንስ ካልእ በግእዝ,ዮሐንስ,"[(1, 14), (2, 14), (2, 18), (3, 14), (4, 14), (5, 14), (6, 14), (7, 14), (7, 27), (8, 14), (8, 21), (9, 14), (10, 9), (10, 14), (11, 11), (11, 14), (12, 5), (12, 14), (13, 3)]","[(1, 4), (1, 29), (2, 4), (3, 4), (4, 4), (5, 4), (6, 4), (7, 4), (8, 4), (9, 4), (9, 16), (10, 4), (11, 4), (11, 27), (12, 4)]","[(1, 14), (2, 14), (2, 18), (3, 14), (4, 14), (5, 14), (6, 14), (7, 14), (7, 27), (8, 14), (8, 21), (9, 14), (10, 9), (10, 14), (11, 11), (11, 14), (12, 5), (12, 14), (13, 3)]","[(1, 4), (1, 29), (2, 4), (3, 4), (4, 4), (5, 4), (6, 4), (7, 4), (8, 4), (9, 4), (9, 16), (10, 4), (11, 4), (11, 27), (12, 4)]",MISMATCH
GZ-MEL-104,መልክዐ አቡነ ዕጨጌ ዮሐንስ በግእዝ,ዮሐንስ,"[(1, 14), (2, 14), (2, 18), (3, 14), (4, 14), (5, 14), (6, 14), (7, 14), (7, 27), (8, 14), (8, 21), (9, 14), (10, 9), (10, 14), (11, 11), (11, 14), (12, 5), (12, 14), (13, 3)]","[(11, 29)]","[(1, 14), (2, 14), (2, 18), (3, 14), (4, 14), (5, 14), (6, 14), (7, 14), (7, 27), (8, 14), (8, 21), (9, 14), (10, 9), (10, 14), (11, 11), (11, 14), (12, 5), (12, 14), (13, 3)]","[(11, 29)]",MISMATCH
GZ-MEL-110,መልክዐ አቡነ ዮሐንስ ዘድብረ ዳጋ በግእዝ,ዮሐንስ,"[(1, 14), (2, 14), (2, 18), (3, 14), (4, 14), (5, 14), (6, 14), (7, 14), (7, 27), (8, 14), (8, 21), (9, 14), (10, 9), (10, 14), (11, 11), (11, 14), (12, 5), (12, 14), (13, 3)]","[(12, 8)]","[(1, 14), (2, 14), (2, 18), (3, 14), (4, 14), (5, 14), (6, 14), (7, 14), (7, 27), (8, 14), (8, 21), (9, 14), (10, 9), (10, 14), (11, 11), (11, 14), (12, 5), (12, 14), (13, 3)]","[(12, 8)]",MISMATCH
GZ-MEL-150,መልክዐ ዮሐንስ ፍቁረ እግዚእ በግእዝ,ዮሐንስ,"[(1, 14), (2, 14), (2, 18), (3, 14), (4, 14), (5, 14), (6, 14), (7, 14), (7, 27), (8, 14), (8, 21), (9, 14), (10, 9), (10, 14), (11, 11), (11, 14), (12, 5), (12, 14), (13, 3)]","[(1, 4), (1, 29), (2, 4), (3, 4), (4, 4), (5, 4), (6, 4), (7, 4), (8, 4), (9, 4), (9, 16), (10, 4), (11, 4), (11, 27), (12, 4)]","[(1, 14), (2, 14), (2, 18), (3, 14), (4, 14), (5, 14), (6, 14), (7, 14), (7, 27), (8, 14), (8, 21), (9, 14), (10, 9), (10, 14), (11, 11), (11, 14), (12, 5), (12, 14), (13, 3)]","[(1, 4), (1, 29), (2, 4), (3, 4), (4, 4), (5, 4), (6, 4), (7, 4), (8, 4), (9, 4), (9, 16), (10, 4), (11, 4), (11, 27), (12, 4)]",MISMATCH
AM-GDL-013,የቅዱስ ዮሐንስ ገድል በአማርኛ,ዮሐንስ,"[(1, 14), (2, 14), (2, 18), (3, 14), (4, 14), (5, 14), (6, 14), (7, 14), (7, 27), (8, 14), (8, 21), (9, 14), (10, 9), (10, 14), (11, 11), (11, 14), (12, 5), (12, 14), (13, 3)]","[(1, 4), (1, 29), (2, 4), (3, 4), (4, 4), (5, 4), (6, 4), (7, 4), (8, 4), (9, 4), (9, 16), (10, 4), (11, 4), (11, 27), (12, 4)]","[(1, 14), (2, 14), (2, 18), (3, 14), (4, 14), (5, 14), (6, 14), (7, 14), (7, 27), (8, 14), (8, 21), (9, 14), (10, 9), (10, 14), (11, 11), (11, 14), (12, 5), (12, 14), (13, 3)]","[(1, 4), (1, 29), (2, 4), (3, 4), (4, 4), (5, 4), (6, 4), (7, 4), (8, 4), (9, 4), (9, 16), (10, 4), (11, 4), (11, 27), (12, 4)]",MISMATCH
GZ-GDL-018,ገድለ አቡነ ዮሐንስ በግእዝ,ዮሐንስ,"[(1, 14), (2, 14), (2, 18), (3, 14), (4, 14), (5, 14), (6, 14), (7, 14), (7, 27), (8, 14), (8, 21), (9, 14), (10, 9), (10, 14), (11, 11), (11, 14), (12, 5), (12, 14), (13, 3)]","[(11, 29)]","[(1, 14), (2, 14), (2, 18), (3, 14), (4, 14), (5, 14), (6, 14), (7, 14), (7, 27), (8, 14), (8, 21), (9, 14), (10, 9), (10, 14), (11, 11), (11, 14), (12, 5), (12, 14), (13, 3)]","[(11, 29)]",MISMATCH
AM-GDL-027,ገድለ አቡነ እጨጌ ዮሐንስ ዘጸገሮ በአማርኛ,ዮሐንስ,"[(1, 14), (2, 14), (2, 18), (3, 14), (4, 14), (5, 14), (6, 14), (7, 14), (7, 27), (8, 14), (8, 21), (9, 14), (10, 9), (10, 14), (11, 11), (11, 14), (12, 5), (12, 14), (13, 3)]","[(11, 29)]","[(1, 14), (2, 14), (2, 18), (3, 14), (4, 14), (5, 14), (6, 14), (7, 14), (7, 27), (8, 14), (8, 21), (9, 14), (10, 9), (10, 14), (11, 11), (11, 14), (12, 5), (12, 14), (13, 3)]","[(11, 29)]",MISMATCH
GZ-MEL-114,መልክዐ አቡነ ዳንኤል በግእዝ,ዳንኤል,"[(1, 16), (1, 23), (2, 16), (2, 23), (3, 23), (4, 23), (5, 16), (6, 16), (7, 16), (8, 16), (9, 16), (10, 16), (10, 23), (11, 16), (11, 23), (12, 16), (12, 23)]","[(3, 6)]","[(1, 16), (1, 23), (2, 16), (2, 23), (3, 23), (4, 23), (5, 16), (6, 16), (7, 16), (8, 16), (9, 16), (10, 16), (10, 23), (11, 16), (11, 23), (12, 16), (12, 23)]","[(3, 6)]",MISMATCH
GZ-GDL-028,ገድለ አቡነ ዳንኤል በግእዝ,ዳንኤል,"[(1, 16), (1, 23), (2, 16), (2, 23), (3, 23), (4, 23), (5, 16), (6, 16), (7, 16), (8, 16), (9, 16), (10, 16), (10, 23), (11, 16), (11, 23), (12, 16), (12, 23)]","[(3, 6)]","[(1, 16), (1, 23), (2, 16), (2, 23), (3, 23), (4, 23), (5, 16), (6, 16), (7, 16), (8, 16), (9, 16), (10, 16), (10, 23), (11, 16), (11, 23), (12, 16), (12, 23)]","[(3, 6)]",MISMATCH
GZ-MEL-094,መልክዐ አቡነ ቶማስ ዘዘናቁዴ በግእዝ,ቶማስ,"[(1, 18), (1, 26), (2, 9), (2, 26), (3, 26), (4, 26), (5, 26), (6, 2), (6, 26), (7, 26), (8, 26), (10, 21), (10, 26), (11, 1), (11, 26), (12, 26)]","[(3, 3)]","[(1, 18), (1, 26), (2, 9), (2, 26), (3, 26), (4, 26), (5, 26), (6, 2), (6, 26), (7, 26), (8, 26), (10, 21), (10, 26), (11, 1), (11, 26), (12, 26)]","[(3, 3)]",MISMATCH
AM-MEL-050,የቅዱስ ገብርኤል መልክዕ በአማርኛ,ገብርኤል,"[(1, 23), (2, 23), (3, 23), (4, 23), (5, 23), (6, 21), (6, 23), (7, 23), (8, 23), (9, 23), (10, 23), (11, 23), (12, 23)]","[(1, 19), (2, 19), (3, 19), (4, 19), (4, 22), (5, 19), (6, 19), (7, 19), (7, 30), (8, 19), (9, 19), (10, 13), (10, 19), (10, 26), (11, 19), (12, 7), (12, 19)]","[(1, 23), (2, 23), (3, 23), (4, 23), (5, 23), (6, 21), (6, 23), (7, 23), (8, 23), (9, 23), (10, 23), (11, 23), (12, 23)]","[(1, 19), (2, 19), (3, 19), (4, 19), (4, 22), (5, 19), (6, 19), (7, 19), (7, 30), (8, 19), (9, 19), (10, 13), (10, 19), (10, 26), (11, 19), (12, 7), (12, 19)]",MISMATCH
GZ-MEL-013,መልክዐ ሊቀ መላእክት ቅዱስ ገብርኤል በግእዝ,ገብርኤል,"[(1, 23), (2, 23), (3, 23), (4, 23), (5, 23), (6, 21), (6, 23), (7, 23), (8, 23), (9, 23), (10, 23), (11, 23), (12, 23)]","[(1, 19), (2, 19), (3, 19), (4, 19), (4, 22), (5, 19), (6, 19), (7, 19), (7, 30), (8, 19), (9, 19), (10, 13), (10, 19), (10, 26), (11, 19), (12, 7), (12, 19)]","[(1, 23), (2, 23), (3, 23), (4, 23), (5, 23), (6, 21), (6, 23), (7, 23), (8, 23), (9, 23), (10, 23), (11, 23), (12, 23)]","[(1, 19), (2, 19), (3, 19), (4, 19), (4, 22), (5, 19), (6, 19), (7, 19), (7, 30), (8, 19), (9, 19), (10, 13), (10, 19), (10, 26), (11, 19), (12, 7), (12, 19)]",MISMATCH
GZ-MEL-102,መልክዐ አቡነ እንድርያስ ዘደብረ ስኂን (ፅፉን) በግእዝ,እንድርያስ,"[(1, 4), (2, 4), (3, 4), (4, 4), (5, 4), (7, 4), (8, 4), (9, 4), (10, 4), (11, 4), (11, 30), (12, 4), (12, 30)]","[(7, 29)]","[(1, 4), (2, 4), (3, 4), (4, 4), (5, 4), (7, 4), (8, 4), (9, 4), (10, 4), (11, 4), (11, 30), (12, 4), (12, 30)]","[(7, 29)]",MISMATCH
GZ-MEL-103,መልክዐ አቡነ እንድርያስ ዘደብረ ጽጌ በግእዝ,እንድርያስ,"[(1, 4), (2, 4), (3, 4), (4, 4), (5, 4), (7, 4), (8, 4), (9, 4), (10, 4), (11, 4), (11, 30), (12, 4), (12, 30)]","[(6, 1)]","[(1, 4), (2, 4), (3, 4), (4, 4), (5, 4), (7, 4), (8, 4), (9, 4), (10, 4), (11, 4), (11, 30), (12, 4), (12, 30)]","[(6, 1)]",MISMATCH
AM-DRS-003,ድርሳነ ገብርኤል በአማርኛ,ገብርኤል,"[(1, 23), (2, 23), (3, 23), (4, 23), (5, 23), (6, 21), (6, 23), (7, 23), (8, 23), (9, 23), (10, 23), (11, 23), (12, 23)]","[(1, 19), (2, 19), (3, 19), (4, 19), (4, 22), (5, 19), (6, 19), (7, 19), (7, 30), (8, 19), (9, 19), (10, 13), (10, 19), (10, 26), (11, 19), (12, 7), (12, 19)]","[(1, 23), (2, 23), (3, 23), (4, 23), (5, 23), (6, 21), (6, 23), (7, 23), (8, 23), (9, 23), (10, 23), (11, 23), (12, 23)]","[(1, 19), (2, 19), (3, 19), (4, 19), (4, 22), (5, 19), (6, 19), (7, 19), (7, 30), (8, 19), (9, 19), (10, 13), (10, 19), (10, 26), (11, 19), (12, 7), (12, 19)]",MISMATCH
GZ-DRS-010,ድርሳነ ገብርኤል በግእዝ,ገብርኤል,"[(1, 23), (2, 23), (3, 23), (4, 23), (5, 23), (6, 21), (6, 23), (7, 23), (8, 23), (9, 23), (10, 23), (11, 23), (12, 23)]","[(1, 19), (2, 19), (3, 19), (4, 19), (4, 22), (5, 19), (6, 19), (7, 19), (7, 30), (8, 19), (9, 19), (10, 13), (10, 19), (10, 26), (11, 19), (12, 7), (12, 19)]","[(1, 23), (2, 23), (3, 23), (4, 23), (5, 23), (6, 21), (6, 23), (7, 23), (8, 23), (9, 23), (10, 23), (11, 23), (12, 23)]","[(1, 19), (2, 19), (3, 19), (4, 19), (4, 22), (5, 19), (6, 19), (7, 19), (7, 30), (8, 19), (9, 19), (10, 13), (10, 19), (10, 26), (11, 19), (12, 7), (12, 19)]",MISMATCH
GZ-MEL-076,መልክዐ አቡነ መርቆሬዎስ ዘደብረ ድማኅ በግእዝ,መርቆሬዎስ,"[(1, 25), (2, 25), (3, 25), (3, 30), (4, 25), (6, 25), (7, 1), (7, 25), (8, 25), (9, 25), (10, 25), (12, 25)]","[(4, 16)]","[(1, 25), (2, 25), (3, 25), (3, 30), (4, 25), (6, 25), (7, 1), (7, 25), (8, 25), (9, 25), (10, 25), (12, 25)]","[(4, 16)]",MISMATCH
GZ-MEL-080,መልክዐ አቡነ ማቴዎስ ዘደብረ በርበሬ በግእዝ,ማቴዎስ,"[(1, 12), (2, 12), (3, 12), (4, 12), (5, 5), (6, 12), (7, 12), (8, 12), (9, 12), (10, 12), (11, 12), (12, 12)]","[(5, 14)]","[(1, 12), (2, 12), (3, 12), (4, 12), (5, 5), (6, 12), (7, 12), (8, 12), (9, 12), (10, 12), (11, 12), (12, 12)]","[(5, 14)]",MISMATCH
GZ-MEL-081,መልክዐ አቡነ ማቴዎስ ዘደብረ በርበሬ በግእዝ ካልእ,ማቴዎስ,"[(1, 12), (2, 12), (3, 12), (4, 12), (5, 5), (6, 12), (7, 12), (8, 12), (9, 12), (10, 12), (11, 12), (12, 12)]","[(3, 13)]","[(1, 12), (2, 12), (3, 12), (4, 12), (5, 5), (6, 12), (7, 12), (8, 12), (9, 12), (10, 12), (11, 12), (12, 12)]","[(3, 13)]",MISMATCH
GZ-MEL-084,መልክዐ አቡነ ሳሙኤል በግእዝ ሣልስ በግእዝ,ሳሙኤል,"[(1, 23), (2, 12), (2, 23), (3, 23), (4, 23), (5, 23), (6, 23), (7, 23), (8, 23), (9, 23), (10, 9), (10, 23), (11, 23), (12, 23)]","[(1, 12), (2, 12), (2, 29), (3, 12), (4, 12), (4, 23), (5, 12), (6, 12), (7, 12), (8, 12), (9, 12), (10, 12), (11, 12), (12, 12)]","[(1, 23), (2, 23), (3, 23), (5, 23), (6, 23), (7, 23), (8, 23), (9, 23), (10, 9), (10, 23), (11, 23), (12, 23)]","[(1, 12), (2, 29), (3, 12), (4, 12), (5, 12), (6, 12), (7, 12), (8, 12), (9, 12), (10, 12), (11, 12), (12, 12)]",MISMATCH
GZ-MEL-143,መልክዐ ክርስቶስ ሠምራ በግእዝ,መልክዐ ክርስቶስ,"[(1, 10), (2, 10), (3, 10), (4, 10), (5, 10), (7, 10), (8, 10), (9, 10), (10, 10), (11, 10), (12, 10)]","[(1, 24), (2, 24), (3, 24), (4, 24), (5, 24), (6, 24), (7, 24), (8, 24), (9, 12), (9, 24), (10, 24), (11, 24), (12, 24)]","[(1, 10), (2, 10), (3, 10), (4, 10), (5, 10), (7, 10), (8, 10), (9, 10), (10, 10), (11, 10), (12, 10)]","[(1, 24), (2, 24), (3, 24), (4, 24), (5, 24), (6, 24), (7, 24), (8, 24), (9, 12), (9, 24), (10, 24), (11, 24), (12, 24)]",MISMATCH
GZ-MEL-014,መልክዐ ሊቀ መላእክት ቅዱስ ገብርኤል ካልዕ (ደቅስዮስ) በግእዝ,ደቅስዮስ,"[(1, 22), (2, 22), (3, 22), (4, 22), (6, 22), (7, 22), (8, 22), (9, 22), (10, 22), (11, 22), (12, 22)]","[(1, 19), (2, 19), (3, 19), (4, 19), (4, 22), (5, 19), (6, 19), (7, 19), (7, 30), (8, 19), (9, 19), (10, 13), (10, 19), (10, 26), (11, 19), (12, 7), (12, 19)]","[(1, 22), (2, 22), (3, 22), (6, 22), (7, 22), (8, 22), (9, 22), (10, 22), (11, 22), (12, 22)]","[(1, 19), (2, 19), (3, 19), (4, 19), (5, 19), (6, 19), (7, 19), (7, 30), (8, 19), (9, 19), (10, 13), (10, 19), (10, 26), (11, 19), (12, 7), (12, 19)]",MISMATCH
AM-GDL-005,ገድለ ቅድስት ክርስቶስ ሠምራ በአማርኛ,ክርስቶስ ሠምራ,"[(1, 12), (1, 24), (2, 12), (2, 24), (3, 12), (3, 24), (4, 12), (4, 24), (6, 12), (6, 24), (7, 12), (7, 24), (8, 12), (8, 24), (9, 24), (10, 12), (10, 24), (11, 12), (11, 24), (12, 12), (12, 24)]","[(1, 24), (2, 24), (3, 24), (4, 24), (5, 24), (6, 24), (7, 24), (8, 24), (9, 12), (9, 24), (10, 24), (11, 24), (12, 24)]","[(1, 12), (2, 12), (3, 12), (4, 12), (6, 12), (7, 12), (8, 12), (10, 12), (11, 12), (12, 12)]","[(5, 24), (9, 12)]",MISMATCH
GZ-GDL-019,ገድለ ቅድስት ክርስቶስ ሠምራ በግእዝ,ክርስቶስ ሠምራ,"[(1, 12), (1, 24), (2, 12), (2, 24), (3, 12), (3, 24), (4, 12), (4, 24), (6, 12), (6, 24), (7, 12), (7, 24), (8, 12), (8, 24), (9, 24), (10, 12), (10, 24), (11, 12), (11, 24), (12, 12), (12, 24)]","[(1, 24), (2, 24), (3, 24), (4, 24), (5, 24), (6, 24), (7, 24), (8, 24), (9, 12), (9, 24), (10, 24), (11, 24), (12, 24)]","[(1, 12), (2, 12), (3, 12), (4, 12), (6, 12), (7, 12), (8, 12), (10, 12), (11, 12), (12, 12)]","[(5, 24), (9, 12)]",MISMATCH
AM-TEA-003,ተአምኆ ዘሥሉስ ቅዱስ መልክዕ በአማርኛ,ሥሉስ ቅዱስ,"[(1, 7), (2, 7), (3, 7), (4, 7), (6, 7), (7, 7), (8, 7), (10, 7), (12, 7)]",[],"[(1, 7), (2, 7), (3, 7), (4, 7), (6, 7), (7, 7), (8, 7), (10, 7), (12, 7)]",[],MISMATCH
AM-TEA-002,ተአምኆ ዘሥሉስ ቅዱስ በአማርኛ,ሥሉስ ቅዱስ,"[(1, 7), (2, 7), (3, 7), (4, 7), (6, 7), (7, 7), (8, 7), (10, 7), (12, 7)]",[],"[(1, 7), (2, 7), (3, 7), (4, 7), (6, 7), (7, 7), (8, 7), (10, 7), (12, 7)]",[],MISMATCH
GZ-MEL-034,መልክዐ ሥሉስ ቅዱስ በግእዝ,ሥሉስ ቅዱስ,"[(1, 7), (2, 7), (3, 7), (4, 7), (6, 7), (7, 7), (8, 7), (10, 7), (12, 7)]","[(5, 7)]","[(1, 7), (2, 7), (3, 7), (4, 7), (6, 7), (7, 7), (8, 7), (10, 7), (12, 7)]","[(5, 7)]",MISMATCH
GZ-MEL-079,መልክዐ አቡነ ሙሴ በግእዝ,ሙሴ,"[(1, 14), (5, 14), (6, 14), (7, 14), (8, 14), (9, 14), (10, 14), (11, 14), (12, 14)]","[(1, 4)]","[(1, 14), (5, 14), (6, 14), (7, 14), (8, 14), (9, 14), (10, 14), (11, 14), (12, 14)]","[(1, 4)]",MISMATCH
GZ-TEA-002,ተአምኆ ዘሥሉስ ቅዱስ በግእዝ,ሥሉስ ቅዱስ,"[(1, 7), (2, 7), (3, 7), (4, 7), (6, 7), (7, 7), (8, 7), (10, 7), (12, 7)]",[],"[(1, 7), (2, 7), (3, 7), (4, 7), (6, 7), (7, 7), (8, 7), (10, 7), (12, 7)]",[],MISMATCH
GZ-TEA-003,ተአምኆ ዘሥሉስ ቅዱስ በግእዝ ካልእ,ሥሉስ ቅዱስ,"[(1, 7), (2, 7), (3, 7), (4, 7), (6, 7), (7, 7), (8, 7), (10, 7), (12, 7)]",[],"[(1, 7), (2, 7), (3, 7), (4, 7), (6, 7), (7, 7), (8, 7), (10, 7), (12, 7)]",[],MISMATCH
AM-ZNA-002,ዜና አበው በአማርኛ,አበው,"[(1, 28), (2, 28), (3, 28), (6, 28), (8, 28), (9, 28), (10, 28), (11, 28)]","[(3, 4), (5, 26)]","[(1, 28), (2, 28), (3, 28), (6, 28), (8, 28), (9, 28), (10, 28), (11, 28)]","[(3, 4), (5, 26)]",MISMATCH
GZ-MEL-138,መልክዐ እንጦንዮስ በግእዝ,እንጦንዮስ,"[(1, 25), (6, 22), (7, 22), (8, 22), (9, 22), (10, 22)]","[(5, 22), (7, 6), (11, 22)]","[(1, 25), (6, 22), (7, 22), (8, 22), (9, 22), (10, 22)]","[(5, 22), (7, 6), (11, 22)]",MISMATCH
GZ-ZNA-002,ዜናሁ ለንጉሥ ገላውዴዎስ በግእዝ,ገላውዴዎስ,"[(6, 11), (7, 11), (8, 11), (9, 11)]","[(7, 27)]","[(6, 11), (7, 11), (8, 11), (9, 11)]","[(7, 27)]",MISMATCH
GZ-MEL-023,መልክዐ ሐዋርያት በግእዝ,ሐዋርያት,"[(10, 20), (10, 21), (12, 16)]","[(11, 5), (12, 15)]","[(10, 20), (10, 21), (12, 16)]","[(11, 5), (12, 15)]",MISMATCH
GZ-MEL-040,መልክዐ ሰማዕት ቅዱስ ቴዎድሮስ በግእዝ,ቴዎድሮስ,"[(4, 11), (7, 21), (10, 6)]","[(1, 12), (1, 20), (2, 12), (2, 20), (3, 5), (3, 12), (3, 20), (4, 12), (4, 20), (5, 12), (5, 20), (6, 12), (6, 20), (6, 28), (7, 12), (7, 20), (8, 12), (8, 20), (9, 12), (9, 20), (10, 12), (10, 20), (11, 12), (11, 20), (12, 12), (12, 20)]","[(4, 11), (7, 21), (10, 6)]","[(1, 12), (1, 20), (2, 12), (2, 20), (3, 5), (3, 12), (3, 20), (4, 12), (4, 20), (5, 12), (5, 20), (6, 12), (6, 20), (6, 28), (7, 12), (7, 20), (8, 12), (8, 20), (9, 12), (9, 20), (10, 12), (10, 20), (11, 12), (11, 20), (12, 12), (12, 20)]",MISMATCH
GZ-GDL-030,ገድለ ቅዱስ ቴዎድሮስ በግእዝ,ቴዎድሮስ,"[(4, 11), (7, 21), (10, 6)]","[(1, 12), (1, 20), (2, 12), (2, 20), (3, 5), (3, 12), (3, 20), (4, 12), (4, 20), (5, 12), (5, 20), (6, 12), (6, 20), (6, 28), (7, 12), (7, 20), (8, 12), (8, 20), (9, 12), (9, 20), (10, 12), (10, 20), (11, 12), (11, 20), (12, 12), (12, 20)]","[(4, 11), (7, 21), (10, 6)]","[(1, 12), (1, 20), (2, 12), (2, 20), (3, 5), (3, 12), (3, 20), (4, 12), (4, 20), (5, 12), (5, 20), (6, 12), (6, 20), (6, 28), (7, 12), (7, 20), (8, 12), (8, 20), (9, 12), (9, 20), (10, 12), (10, 20), (11, 12), (11, 20), (12, 12), (12, 20)]",MISMATCH
GZ-GDL-031,ገድለ ሰማዕት ቅዱስ ቴዎድሮስ በግእዝ,ቴዎድሮስ,"[(4, 11), (7, 21), (10, 6)]","[(1, 12), (1, 20), (2, 12), (2, 20), (3, 5), (3, 12), (3, 20), (4, 12), (4, 20), (5, 12), (5, 20), (6, 12), (6, 20), (6, 28), (7, 12), (7, 20), (8, 12), (8, 20), (9, 12), (9, 20), (10, 12), (10, 20), (11, 12), (11, 20), (12, 12), (12, 20)]","[(4, 11), (7, 21), (10, 6)]","[(1, 12), (1, 20), (2, 12), (2, 20), (3, 5), (3, 12), (3, 20), (4, 12), (4, 20), (5, 12), (5, 20), (6, 12), (6, 20), (6, 28), (7, 12), (7, 20), (8, 12), (8, 20), (9, 12), (9, 20), (10, 12), (10, 20), (11, 12), (11, 20), (12, 12), (12, 20)]",MISMATCH
GZ-GDL-032,መጽሐፈ ገድለ ቅዱሳን ሐዋርያት በግእዝ,ሐዋርያት,"[(10, 20), (10, 21), (12, 16)]","[(11, 5), (12, 15)]","[(10, 20), (10, 21), (12, 16)]","[(11, 5), (12, 15)]",MISMATCH
AM-ZNA-003,ዜና ሐዋርያት በአማርኛ,ሐዋርያት,"[(10, 20), (10, 21), (12, 16)]","[(11, 5), (12, 15)]","[(10, 20), (10, 21), (12, 16)]","[(11, 5), (12, 15)]",MISMATCH
AM-GDL-030,ገድለ ሰማዕት ቅዱስ ቴዎድሮስ በአማርኛ,ቴዎድሮስ,"[(4, 11), (7, 21), (10, 6)]","[(1, 12), (1, 20), (2, 12), (2, 20), (3, 5), (3, 12), (3, 20), (4, 12), (4, 20), (5, 12), (5, 20), (6, 12), (6, 20), (6, 28), (7, 12), (7, 20), (8, 12), (8, 20), (9, 12), (9, 20), (10, 12), (10, 20), (11, 12), (11, 20), (12, 12), (12, 20)]","[(4, 11), (7, 21), (10, 6)]","[(1, 12), (1, 20), (2, 12), (2, 20), (3, 5), (3, 12), (3, 20), (4, 12), (4, 20), (5, 12), (5, 20), (6, 12), (6, 20), (6, 28), (7, 12), (7, 20), (8, 12), (8, 20), (9, 12), (9, 20), (10, 12), (10, 20), (11, 12), (11, 20), (12, 12), (12, 20)]",MISMATCH
AM-LAH-001,ላሐ ማርያም በአማርኛ,ማርያም,"[(2, 30), (8, 30)]","[(1, 21), (2, 21), (3, 21), (4, 21), (5, 21), (6, 21), (7, 21), (8, 21), (9, 1), (9, 21), (10, 21), (11, 21), (12, 16), (12, 21)]","[(2, 30), (8, 30)]","[(1, 21), (2, 21), (3, 21), (4, 21), (5, 21), (6, 21), (7, 21), (8, 21), (9, 1), (9, 21), (10, 21), (11, 21), (12, 16), (12, 21)]",MISMATCH
AM-MEL-008,መልክዐ ማርያም ሣልሲት በአማርኛ,ማርያም,"[(2, 30), (8, 30)]","[(1, 21), (2, 21), (3, 21), (4, 21), (5, 21), (6, 21), (7, 21), (8, 21), (9, 1), (9, 21), (10, 21), (11, 21), (12, 16), (12, 21)]","[(2, 30), (8, 30)]","[(1, 21), (2, 21), (3, 21), (4, 21), (5, 21), (6, 21), (7, 21), (8, 21), (9, 1), (9, 21), (10, 21), (11, 21), (12, 16), (12, 21)]",MISMATCH
AM-MEL-009,መልክዐ ማርያም በአማርኛ,ማርያም,"[(2, 30), (8, 30)]","[(1, 21), (2, 21), (3, 21), (4, 21), (5, 21), (6, 21), (7, 21), (8, 21), (9, 1), (9, 21), (10, 21), (11, 21), (12, 16), (12, 21)]","[(2, 30), (8, 30)]","[(1, 21), (2, 21), (3, 21), (4, 21), (5, 21), (6, 21), (7, 21), (8, 21), (9, 1), (9, 21), (10, 21), (11, 21), (12, 16), (12, 21)]",MISMATCH
AM-MEL-013,መልክዐ ቅዱስ ሚናስ በአማርኛ,ሚናስ,"[(2, 7), (3, 11), (3, 15), (4, 15), (5, 15), (11, 15), (12, 15)]","[(1, 15), (2, 15), (3, 15), (4, 15), (5, 15), (6, 15), (7, 15), (8, 15), (9, 15), (10, 15), (11, 15), (12, 15)]","[(2, 7), (3, 11)]","[(1, 15), (2, 15), (6, 15), (7, 15), (8, 15), (9, 15), (10, 15)]",MISMATCH
AM-MEL-048,የቅዱስ ዮሐንስ መጥምቅ መልክዕ በአማርኛ,ዮሐንስ መጥምቅ,"[(1, 26), (3, 12), (5, 11), (5, 21), (13, 1)]","[(1, 1), (1, 2), (1, 26), (1, 30), (2, 2), (2, 30), (3, 2), (3, 30), (4, 2), (4, 30), (5, 2), (5, 11), (5, 30), (6, 2), (6, 30), (7, 2), (7, 30), (8, 2), (8, 15), (8, 30), (9, 2), (9, 30), (10, 2), (10, 30), (11, 2), (11, 30), (12, 2), (12, 30), (13, 1)]","[(3, 12), (5, 21)]","[(1, 1), (1, 2), (1, 30), (2, 2), (2, 30), (3, 2), (3, 30), (4, 2), (4, 30), (5, 2), (5, 30), (6, 2), (6, 30), (7, 2), (7, 30), (8, 2), (8, 15), (8, 30), (9, 2), (9, 30), (10, 2), (10, 30), (11, 2), (11, 30), (12, 2), (12, 30)]",MISMATCH
AM-MEL-064,የጽዮን ማርያም 3ኛ መልክዕ በአማርኛ,ማርያም,"[(2, 30), (8, 30)]","[(1, 21), (2, 21), (3, 21), (4, 21), (5, 21), (6, 21), (7, 21), (8, 21), (9, 1), (9, 21), (10, 21), (11, 21), (12, 16), (12, 21)]","[(2, 30), (8, 30)]","[(1, 21), (2, 21), (3, 21), (4, 21), (5, 21), (6, 21), (7, 21), (8, 21), (9, 1), (9, 21), (10, 21), (11, 21), (12, 16), (12, 21)]",MISMATCH
AM-RAY-001,ራዕየ ማርያም በአማርኛ,ማርያም,"[(2, 30), (8, 30)]","[(1, 21), (2, 21), (3, 21), (4, 21), (5, 21), (6, 21), (7, 21), (8, 21), (9, 1), (9, 21), (10, 21), (11, 21), (12, 16), (12, 21)]","[(2, 30), (8, 30)]","[(1, 21), (2, 21), (3, 21), (4, 21), (5, 21), (6, 21), (7, 21), (8, 21), (9, 1), (9, 21), (10, 21), (11, 21), (12, 16), (12, 21)]",MISMATCH
AM-WUD-002,ውዳሴ ማርያም በአማርኛ,ማርያም,"[(2, 30), (8, 30)]",[],"[(2, 30), (8, 30)]",[],MISMATCH
GZ-ETA-001,እትአመነኪ ማርያም በሰማይ ወበምድር በግእዝ,ማርያም,"[(2, 30), (8, 30)]","[(1, 21), (2, 21), (3, 21), (4, 21), (5, 21), (6, 21), (7, 21), (8, 21), (9, 1), (9, 21), (10, 21), (11, 21), (12, 16), (12, 21)]","[(2, 30), (8, 30)]","[(1, 21), (2, 21), (3, 21), (4, 21), (5, 21), (6, 21), (7, 21), (8, 21), (9, 1), (9, 21), (10, 21), (11, 21), (12, 16), (12, 21)]",MISMATCH
GZ-LAH-001,ላሐ ማርያም በግእዝ,ማርያም,"[(2, 30), (8, 30)]","[(1, 21), (2, 21), (3, 21), (4, 21), (5, 21), (6, 21), (7, 21), (8, 21), (9, 1), (9, 21), (10, 21), (11, 21), (12, 16), (12, 21)]","[(2, 30), (8, 30)]","[(1, 21), (2, 21), (3, 21), (4, 21), (5, 21), (6, 21), (7, 21), (8, 21), (9, 1), (9, 21), (10, 21), (11, 21), (12, 16), (12, 21)]",MISMATCH
GZ-MEL-002,መልከዐ ማርያም ዳግሚት በግእዝ,ማርያም,"[(2, 30), (8, 30)]","[(1, 21), (2, 21), (3, 21), (4, 21), (5, 21), (6, 21), (7, 21), (8, 21), (9, 1), (9, 21), (10, 21), (11, 21), (12, 16), (12, 21)]","[(2, 30), (8, 30)]","[(1, 21), (2, 21), (3, 21), (4, 21), (5, 21), (6, 21), (7, 21), (8, 21), (9, 1), (9, 21), (10, 21), (11, 21), (12, 16), (12, 21)]",MISMATCH
GZ-MEL-031,መልክዐ ማርያም ሣልሲት በግእዝ,ማርያም,"[(2, 30), (8, 30)]","[(1, 21), (2, 21), (3, 21), (4, 21), (5, 21), (6, 21), (7, 21), (8, 21), (9, 1), (9, 21), (10, 21), (11, 21), (12, 16), (12, 21)]","[(2, 30), (8, 30)]","[(1, 21), (2, 21), (3, 21), (4, 21), (5, 21), (6, 21), (7, 21), (8, 21), (9, 1), (9, 21), (10, 21), (11, 21), (12, 16), (12, 21)]",MISMATCH
GZ-MEL-032,መልክዐ ማርያም በግእዝ,ማርያም,"[(2, 30), (8, 30)]","[(1, 21), (2, 21), (3, 21), (4, 21), (5, 21), (6, 21), (7, 21), (8, 21), (9, 1), (9, 21), (10, 21), (11, 21), (12, 16), (12, 21)]","[(2, 30), (8, 30)]","[(1, 21), (2, 21), (3, 21), (4, 21), (5, 21), (6, 21), (7, 21), (8, 21), (9, 1), (9, 21), (10, 21), (11, 21), (12, 16), (12, 21)]",MISMATCH
GZ-MEL-039,መልክዐ ሰማዕት ቅዱስ መርቆሬዎስ በግእዝ,መርቆሬዎስ,"[(1, 25), (2, 25), (3, 25), (3, 30), (4, 25), (6, 25), (7, 1), (7, 25), (8, 25), (9, 25), (10, 25), (12, 25)]","[(1, 25), (2, 25), (3, 25), (4, 25), (5, 25), (6, 25), (7, 25), (8, 25), (9, 25), (10, 25), (11, 25), (12, 25)]","[(3, 30), (7, 1)]","[(5, 25), (11, 25)]",MISMATCH
GZ-MEL-052,መልክዐ ቅዱስ ሚናስ በግእዝ,ሚናስ,"[(2, 7), (3, 11), (3, 15), (4, 15), (5, 15), (11, 15), (12, 15)]","[(1, 15), (2, 15), (3, 15), (4, 15), (5, 15), (6, 15), (7, 15), (8, 15), (9, 15), (10, 15), (11, 15), (12, 15)]","[(2, 7), (3, 11)]","[(1, 15), (2, 15), (6, 15), (7, 15), (8, 15), (9, 15), (10, 15)]",MISMATCH
GZ-MEL-060,መልክዐ ቅዱስ ዮሐንስ መጥምቅ በግእዝ,ዮሐንስ መጥምቅ,"[(1, 26), (3, 12), (5, 11), (5, 21), (13, 1)]","[(1, 1), (1, 2), (1, 26), (1, 30), (2, 2), (2, 30), (3, 2), (3, 30), (4, 2), (4, 30), (5, 2), (5, 11), (5, 30), (6, 2), (6, 30), (7, 2), (7, 30), (8, 2), (8, 15), (8, 30), (9, 2), (9, 30), (10, 2), (10, 30), (11, 2), (11, 30), (12, 2), (12, 30), (13, 1)]","[(3, 12), (5, 21)]","[(1, 1), (1, 2), (1, 30), (2, 2), (2, 30), (3, 2), (3, 30), (4, 2), (4, 30), (5, 2), (5, 30), (6, 2), (6, 30), (7, 2), (7, 30), (8, 2), (8, 15), (8, 30), (9, 2), (9, 30), (10, 2), (10, 30), (11, 2), (11, 30), (12, 2), (12, 30)]",MISMATCH
GZ-MEL-070,መልክዐ ተክለ ማርያም ዘይሰመይ መብዓ ጽዮን በግእዝ,ማርያም,"[(2, 30), (8, 30)]","[(12, 13)]","[(2, 30), (8, 30)]","[(12, 13)]",MISMATCH
GZ-MEL-153,መልክዐ ገብረ ክርስቶስ በግእዝ,ገብረ ክርስቶስ,"[(5, 14), (10, 6)]","[(2, 14)]","[(5, 14), (10, 6)]","[(2, 14)]",MISMATCH
GZ-MEL-161,መልክዐ ጽዮን ማርያም ሣልስ በግእዝ,ማርያም,"[(2, 30), (8, 30)]","[(1, 21), (2, 21), (3, 21), (4, 21), (5, 21), (6, 21), (7, 21), (8, 21), (9, 1), (9, 21), (10, 21), (11, 21), (12, 16), (12, 21)]","[(2, 30), (8, 30)]","[(1, 21), (2, 21), (3, 21), (4, 21), (5, 21), (6, 21), (7, 21), (8, 21), (9, 1), (9, 21), (10, 21), (11, 21), (12, 16), (12, 21)]",MISMATCH
GZ-WUD-002,ውዳሴ ማርያም በግእዝ,ማርያም,"[(2, 30), (8, 30)]",[],"[(2, 30), (8, 30)]",[],MISMATCH
TI-RAY-001,ራእየ ማርያም ብትግርኛ,ማርያም,"[(2, 30), (8, 30)]","[(1, 21), (2, 21), (3, 21), (4, 21), (5, 21), (6, 21), (7, 21), (8, 21), (9, 1), (9, 21), (10, 21), (11, 21), (12, 16), (12, 21)]","[(2, 30), (8, 30)]","[(1, 21), (2, 21), (3, 21), (4, 21), (5, 21), (6, 21), (7, 21), (8, 21), (9, 1), (9, 21), (10, 21), (11, 21), (12, 16), (12, 21)]",MISMATCH
TI-WUD-001,ውዳሴ ማርያም ብትግርኛ,ማርያም,"[(2, 30), (8, 30)]",[],"[(2, 30), (8, 30)]",[],MISMATCH
GZ-GDL-002,ገድለ ሰማዕት ቅዱስ መርቆሬዎስ በግእዝ,መርቆሬዎስ,"[(1, 25), (2, 25), (3, 25), (3, 30), (4, 25), (6, 25), (7, 1), (7, 25), (8, 25), (9, 25), (10, 25), (12, 25)]","[(1, 25), (2, 25), (3, 25), (4, 25), (5, 25), (6, 25), (7, 25), (8, 25), (9, 25), (10, 25), (11, 25), (12, 25)]","[(3, 30), (7, 1)]","[(5, 25), (11, 25)]",MISMATCH
AM-GDL-010,ገድለ ሰማዕታት በአማርኛ,ሰማዕታት,"[(7, 20), (8, 26)]","[(3, 4), (6, 12)]","[(7, 20), (8, 26)]","[(3, 4), (6, 12)]",MISMATCH
AM-GDL-015,ገድለ ሰማዕት ቅዱስ መርቆሬዎስ በአማርኛ,መርቆሬዎስ,"[(1, 25), (2, 25), (3, 25), (3, 30), (4, 25), (6, 25), (7, 1), (7, 25), (8, 25), (9, 25), (10, 25), (12, 25)]","[(1, 25), (2, 25), (3, 25), (4, 25), (5, 25), (6, 25), (7, 25), (8, 25), (9, 25), (10, 25), (11, 25), (12, 25)]","[(3, 30), (7, 1)]","[(5, 25), (11, 25)]",MISMATCH
GZ-MTS-001,መጽሐፈ ልደታ ለማርያም በግእዝ,ማርያም,"[(2, 30), (8, 30)]","[(1, 1), (2, 1), (3, 1), (4, 1), (5, 1), (6, 1), (7, 1), (8, 1), (9, 1), (10, 1), (11, 1), (12, 1)]","[(2, 30), (8, 30)]","[(1, 1), (2, 1), (3, 1), (4, 1), (5, 1), (6, 1), (7, 1), (8, 1), (9, 1), (10, 1), (11, 1), (12, 1)]",MISMATCH
AM-MEL-005,መልክዐ መቃርዮስ በአማርኛ,መቃርዮስ,"[(6, 4)]","[(1, 27), (2, 27), (3, 27), (4, 27), (5, 8), (5, 27), (6, 27), (7, 13), (7, 27), (8, 27), (9, 27), (10, 27), (11, 14), (11, 27), (12, 19), (12, 27)]","[(6, 4)]","[(1, 27), (2, 27), (3, 27), (4, 27), (5, 8), (5, 27), (6, 27), (7, 13), (7, 27), (8, 27), (9, 27), (10, 27), (11, 14), (11, 27), (12, 19), (12, 27)]",MISMATCH
AM-MEL-042,የቅዱስ ማርቆስ 2ኛ መልክዕ በአማርኛ,ማርቆስ,"[(2, 30), (3, 30), (4, 17), (4, 30), (8, 30)]","[(1, 30), (2, 30), (3, 30), (4, 30), (5, 30), (6, 30), (7, 30), (8, 30), (9, 30), (10, 30), (11, 30), (12, 30)]","[(4, 17)]","[(1, 30), (5, 30), (6, 30), (7, 30), (9, 30), (10, 30), (11, 30), (12, 30)]",MISMATCH
AM-MEL-044,የቅዱስ አቦሊ መልክዕ በአማርኛ,አቦሊ,"[(4, 26), (12, 1)]","[(1, 1), (1, 26), (2, 1), (3, 1), (4, 1), (5, 1), (6, 1), (7, 1), (8, 1), (9, 1), (10, 1), (11, 1), (12, 1)]","[(4, 26)]","[(1, 1), (1, 26), (2, 1), (3, 1), (4, 1), (5, 1), (6, 1), (7, 1), (8, 1), (9, 1), (10, 1), (11, 1)]",MISMATCH
AM-MEL-049,የቅዱስ ዳዊት መልክዕ በአማርኛ,ዳዊት,"[(12, 4)]","[(1, 23), (2, 23), (3, 23), (4, 23), (5, 23), (6, 23), (7, 23), (8, 6), (8, 23), (9, 23), (10, 23), (11, 23), (12, 23)]","[(12, 4)]","[(1, 23), (2, 23), (3, 23), (4, 23), (5, 23), (6, 23), (7, 23), (8, 6), (8, 23), (9, 23), (10, 23), (11, 23), (12, 23)]",MISMATCH
AM-MEL-051,የቅዱስ ጊዮርጊስ መልክዕ በአማርኛ,ጊዮርጊስ,"[(5, 4)]","[(1, 23), (2, 23), (3, 7), (3, 23), (4, 23), (5, 18), (5, 23), (6, 23), (7, 23), (8, 23), (9, 23), (10, 23), (11, 23), (12, 16), (12, 23)]","[(5, 4)]","[(1, 23), (2, 23), (3, 7), (3, 23), (4, 23), (5, 18), (5, 23), (6, 23), (7, 23), (8, 23), (9, 23), (10, 23), (11, 23), (12, 16), (12, 23)]",MISMATCH
AM-MEL-052,የነቢዩ የቅዱስ ኤልያስ 3ኛ መልክዕ በአማርኛ,ኤልያስ,"[(1, 6), (2, 6), (3, 6), (5, 6), (6, 6), (7, 6), (7, 11), (8, 6), (9, 6), (10, 6), (11, 6), (12, 6), (12, 13)]","[(1, 6), (2, 6), (3, 6), (4, 1), (4, 6), (5, 6), (6, 6), (7, 6), (8, 6), (9, 6), (10, 6), (11, 6), (12, 6), (12, 13)]","[(7, 11)]","[(4, 1), (4, 6)]",MISMATCH
AM-MZM-001,መዝሙረ ዳዊት በአማርኛ,ዳዊት,"[(12, 4)]",[],"[(12, 4)]",[],MISMATCH
GZ-MEL-019,መልክዐ ላሊበላ በግዕዝ,ላሊበላ,"[(4, 29), (6, 12), (7, 29), (12, 29)]","[(1, 12), (2, 12), (3, 12), (4, 12), (4, 29), (5, 12), (6, 12), (7, 12), (7, 29), (8, 12), (9, 12), (10, 12), (11, 12), (12, 12)]","[(12, 29)]","[(1, 12), (2, 12), (3, 12), (4, 12), (5, 12), (7, 12), (8, 12), (9, 12), (10, 12), (11, 12), (12, 12)]",MISMATCH
GZ-MEL-026,መልክዐ መቃርዮስ በግእዝ,መቃርዮስ,"[(6, 4)]","[(1, 27), (2, 27), (3, 27), (4, 27), (5, 8), (5, 27), (6, 27), (7, 13), (7, 27), (8, 27), (9, 27), (10, 27), (11, 14), (11, 27), (12, 19), (12, 27)]","[(6, 4)]","[(1, 27), (2, 27), (3, 27), (4, 27), (5, 8), (5, 27), (6, 27), (7, 13), (7, 27), (8, 27), (9, 27), (10, 27), (11, 14), (11, 27), (12, 19), (12, 27)]",MISMATCH
GZ-MEL-030,መልክዐ ማርቆስ በግእዝ,ማርቆስ,"[(2, 30), (3, 30), (4, 17), (4, 30), (8, 30)]","[(1, 30), (2, 30), (3, 30), (4, 30), (5, 30), (6, 30), (7, 30), (8, 30), (9, 30), (10, 30), (11, 30), (12, 30)]","[(4, 17)]","[(1, 30), (5, 30), (6, 30), (7, 30), (9, 30), (10, 30), (11, 30), (12, 30)]",MISMATCH
GZ-MEL-036,መልክዐ ሥቃዩ ለጊዮርጊስ በግእዝ,ጊዮርጊስ,"[(5, 4)]","[(1, 23), (2, 23), (3, 7), (3, 23), (4, 23), (5, 18), (5, 23), (6, 23), (7, 23), (8, 23), (9, 23), (10, 23), (11, 23), (12, 16), (12, 23)]","[(5, 4)]","[(1, 23), (2, 23), (3, 7), (3, 23), (4, 23), (5, 18), (5, 23), (6, 23), (7, 23), (8, 23), (9, 23), (10, 23), (11, 23), (12, 16), (12, 23)]",MISMATCH
GZ-MEL-038,መልክዐ ሰላማ በግእዝ,ሰላማ,"[(1, 24)]","[(4, 18), (11, 26)]","[(1, 24)]","[(4, 18), (11, 26)]",MISMATCH
GZ-MEL-042,መልክዐ ሰማዕት ቅድስት አርሴማ በግእዝ,አርሴማ,"[(5, 29)]","[(1, 6), (1, 29), (2, 6), (3, 6), (4, 6), (5, 6), (6, 6), (7, 6), (8, 6), (9, 6), (10, 6), (10, 17), (11, 6), (12, 6)]","[(5, 29)]","[(1, 6), (1, 29), (2, 6), (3, 6), (4, 6), (5, 6), (6, 6), (7, 6), (8, 6), (9, 6), (10, 6), (10, 17), (11, 6), (12, 6)]",MISMATCH
GZ-MEL-053,መልክዐ ቅዱስ ማርቆስ ካልእ በግእዝ,ማርቆስ,"[(2, 30), (3, 30), (4, 17), (4, 30), (8, 30)]","[(1, 30), (2, 30), (3, 30), (4, 30), (5, 30), (6, 30), (7, 30), (8, 30), (9, 30), (10, 30), (11, 30), (12, 30)]","[(4, 17)]","[(1, 30), (5, 30), (6, 30), (7, 30), (9, 30), (10, 30), (11, 30), (12, 30)]",MISMATCH
GZ-MEL-056,መልክዐ ቅዱስ አባዲር በግእዝ,አባዲር,"[(1, 28), (6, 7)]","[(1, 28)]","[(6, 7)]",[],MISMATCH
GZ-MEL-057,መልክዐ ቅዱስ አቦሊ በግእዝ,አቦሊ,"[(4, 26), (12, 1)]","[(1, 1), (1, 26), (2, 1), (3, 1), (4, 1), (5, 1), (6, 1), (7, 1), (8, 1), (9, 1), (10, 1), (11, 1), (12, 1)]","[(4, 26)]","[(1, 1), (1, 26), (2, 1), (3, 1), (4, 1), (5, 1), (6, 1), (7, 1), (8, 1), (9, 1), (10, 1), (11, 1)]",MISMATCH
GZ-MEL-059,መልክዐ ቅዱስ ኤልያስ ነቢይ ሣልስ በግእዝ,ኤልያስ,"[(1, 6), (2, 6), (3, 6), (5, 6), (6, 6), (7, 6), (7, 11), (8, 6), (9, 6), (10, 6), (11, 6), (12, 6), (12, 13)]","[(1, 6), (2, 6), (3, 6), (4, 1), (4, 6), (5, 6), (6, 6), (7, 6), (8, 6), (9, 6), (10, 6), (11, 6), (12, 6), (12, 13)]","[(7, 11)]","[(4, 1), (4, 6)]",MISMATCH
GZ-MEL-064,መልክዐ ቅዱስ ዳዊት በግእዝ,ዳዊት,"[(12, 4)]","[(1, 23), (2, 23), (3, 23), (4, 23), (5, 23), (6, 23), (7, 23), (8, 6), (8, 23), (9, 23), (10, 23), (11, 23), (12, 23)]","[(12, 4)]","[(1, 23), (2, 23), (3, 23), (4, 23), (5, 23), (6, 23), (7, 23), (8, 6), (8, 23), (9, 23), (10, 23), (11, 23), (12, 23)]",MISMATCH
GZ-MEL-065,መልክዐ ቅዱስ ጊዮርጊስ በግእዝ,ጊዮርጊስ,"[(5, 4)]","[(1, 23), (2, 23), (3, 7), (3, 23), (4, 23), (5, 18), (5, 23), (6, 23), (7, 23), (8, 23), (9, 23), (10, 23), (11, 23), (12, 16), (12, 23)]","[(5, 4)]","[(1, 23), (2, 23), (3, 7), (3, 23), (4, 23), (5, 18), (5, 23), (6, 23), (7, 23), (8, 23), (9, 23), (10, 23), (11, 23), (12, 16), (12, 23)]",MISMATCH
GZ-MEL-111,መልክዐ አቡነ ዮሴፍ በግእዝ,ዮሴፍ,"[(5, 26)]","[(1, 19), (2, 19), (3, 19), (4, 19), (5, 19), (6, 19), (7, 19), (8, 19), (9, 19), (10, 19), (11, 19), (12, 19)]","[(5, 26)]","[(1, 19), (2, 19), (3, 19), (4, 19), (5, 19), (6, 19), (7, 19), (8, 19), (9, 19), (10, 19), (11, 19), (12, 19)]",MISMATCH
GZ-MEL-113,መልክዐ አቡነ ዮናስ ዘደብረ ድኁኃን ዘደብረ ጽጌ ወዘደብረ ጽዮን በግእዝ,ዮናስ,"[(1, 25)]","[(3, 17), (7, 17)]","[(1, 25)]","[(3, 17), (7, 17)]",MISMATCH
GZ-MEL-117,መልክዐ አቡነ ፊልሞና በግእዝ,ፊልሞና,"[(3, 27)]","[(4, 22)]","[(3, 27)]","[(4, 22)]",MISMATCH
GZ-MEL-118,መልክዐ አቡነ ፊልጶስ በግእዝ,ፊልጶስ,"[(10, 14)]","[(11, 28)]","[(10, 14)]","[(11, 28)]",MISMATCH
GZ-MEL-120,መልክዐ አቡነ ፊልጶስ ዘደብረ ቢዘን በግእዝ,ፊልጶስ,"[(10, 14)]","[(12, 5)]","[(10, 14)]","[(12, 5)]",MISMATCH
GZ-MEL-123,መልክዐ አባ ጊዮርጊስ ዘጋሥጫ በግእዝ,ጊዮርጊስ,"[(5, 4)]","[(1, 7), (2, 7), (3, 7), (4, 7), (5, 7), (6, 7), (7, 7), (8, 7), (9, 7), (10, 7), (11, 7), (12, 7)]","[(5, 4)]","[(1, 7), (2, 7), (3, 7), (4, 7), (5, 7), (6, 7), (7, 7), (8, 7), (9, 7), (10, 7), (11, 7), (12, 7)]",MISMATCH
GZ-MEL-134,መልክዐ ኤልያስ በግእዝ,ኤልያስ,"[(1, 6), (2, 6), (3, 6), (5, 6), (6, 6), (7, 6), (7, 11), (8, 6), (9, 6), (10, 6), (11, 6), (12, 6), (12, 13)]","[(1, 6), (2, 6), (3, 6), (4, 1), (4, 6), (5, 6), (6, 6), (7, 6), (8, 6), (9, 6), (10, 6), (11, 6), (12, 6), (12, 13)]","[(7, 11)]","[(4, 1), (4, 6)]",MISMATCH
GZ-MEL-135,መልክዐ ኤዎስጣቴዎስ በግእዝ,ኤዎስጣቴዎስ,"[(1, 23), (5, 18)]","[(1, 18), (2, 18), (3, 18), (4, 18), (5, 18), (6, 18), (7, 18), (8, 18), (9, 18), (10, 18), (11, 18), (12, 18)]","[(1, 23)]","[(1, 18), (2, 18), (3, 18), (4, 18), (6, 18), (7, 18), (8, 18), (9, 18), (10, 18), (11, 18), (12, 18)]",MISMATCH
GZ-MEL-154,መልክዐ ጊዮርጊስ በግእዝ,ጊዮርጊስ,"[(5, 4)]","[(1, 23), (2, 23), (3, 7), (3, 23), (4, 23), (5, 18), (5, 23), (6, 23), (7, 23), (8, 23), (9, 23), (10, 23), (11, 23), (12, 16), (12, 23)]","[(5, 4)]","[(1, 23), (2, 23), (3, 7), (3, 23), (4, 23), (5, 18), (5, 23), (6, 23), (7, 23), (8, 23), (9, 23), (10, 23), (11, 23), (12, 16), (12, 23)]",MISMATCH
GZ-MEL-155,መልክዐ ጊዮርጊስ ካልዕ ወሥቃዩ በግእዝ,ጊዮርጊስ,"[(5, 4)]","[(1, 23), (2, 23), (3, 7), (3, 23), (4, 23), (5, 18), (5, 23), (6, 23), (7, 23), (8, 23), (9, 23), (10, 23), (11, 23), (12, 16), (12, 23)]","[(5, 4)]","[(1, 23), (2, 23), (3, 7), (3, 23), (4, 23), (5, 18), (5, 23), (6, 23), (7, 23), (8, 23), (9, 23), (10, 23), (11, 23), (12, 16), (12, 23)]",MISMATCH
GZ-MEL-158,መልክዐ ጴጥሮስ ወጳውሎስ በግእዝ,ጴጥሮስ,"[(6, 9)]","[(11, 5)]","[(6, 9)]","[(11, 5)]",MISMATCH
GZ-MEL-162,መልክዐ ፊቅጦር በግእዝ,ፊቅጦር,"[(4, 5), (5, 21), (5, 27), (6, 27), (7, 27)]","[(1, 27), (2, 27), (3, 27), (4, 5), (4, 27), (5, 27), (6, 13), (6, 27), (7, 27), (8, 27), (9, 27), (10, 27), (11, 27), (12, 27)]","[(5, 21)]","[(1, 27), (2, 27), (3, 27), (4, 27), (6, 13), (8, 27), (9, 27), (10, 27), (11, 27), (12, 27)]",MISMATCH
GZ-MZM-004,መዝሙረ ዳዊት በግእዝ,ዳዊት,"[(12, 4)]",[],"[(12, 4)]",[],MISMATCH
TI-MZM-001,መዝሙረ ዳዊት ብትግርኛ,ዳዊት,"[(12, 4)]",[],"[(12, 4)]",[],MISMATCH
AM-GDL-001,ገድለ ቅዱስ አባ ጊዮርጊስ ዘጋሥጫ በአማርኛ,ጊዮርጊስ,"[(5, 4)]","[(1, 7), (2, 7), (3, 7), (4, 7), (5, 7), (6, 7), (7, 7), (8, 7), (9, 7), (10, 7), (11, 7), (12, 7)]","[(5, 4)]","[(1, 7), (2, 7), (3, 7), (4, 7), (5, 7), (6, 7), (7, 7), (8, 7), (9, 7), (10, 7), (11, 7), (12, 7)]",MISMATCH
GZ-GDL-001,ገድለ አቡነ ፊልጶስ ዘደብረ ሊባኖስ በግእዝ,ፊልጶስ,"[(10, 14)]","[(7, 23), (11, 28)]","[(10, 14)]","[(7, 23), (11, 28)]",MISMATCH
GZ-TAM-001,ተአምረ ማርያም በግእዝ,ተአምረ ማርያም,"[(4, 22)]","[(1, 21), (2, 21), (3, 21), (4, 21), (5, 21), (6, 21), (7, 21), (8, 21), (9, 1), (9, 21), (10, 21), (11, 21), (12, 16), (12, 21)]","[(4, 22)]","[(1, 21), (2, 21), (3, 21), (4, 21), (5, 21), (6, 21), (7, 21), (8, 21), (9, 1), (9, 21), (10, 21), (11, 21), (12, 16), (12, 21)]",MISMATCH
GZ-GDL-003,ገድለ እምነ ወለተ ጴጥሮስ በግእዝ,ጴጥሮስ,"[(6, 9)]","[(1, 17), (2, 17), (3, 17), (4, 17), (5, 17), (6, 17), (7, 17), (8, 17), (9, 17), (10, 17), (11, 17), (12, 17)]","[(6, 9)]","[(1, 17), (2, 17), (3, 17), (4, 17), (5, 17), (6, 17), (7, 17), (8, 17), (9, 17), (10, 17), (11, 17), (12, 17)]",MISMATCH
GZ-TBB-001,ጥበበ ሰሎሞን በግእዝ,ሰሎሞን,"[(5, 7)]",[],"[(5, 7)]",[],MISMATCH
GZ-GDL-007,ገድለ ቅዱስ አባ ጊዮርጊስ ዘጋሥጫ በግእዝ,ጊዮርጊስ,"[(5, 4)]","[(1, 7), (2, 7), (3, 7), (4, 7), (5, 7), (6, 7), (7, 7), (8, 7), (9, 7), (10, 7), (11, 7), (12, 7)]","[(5, 4)]","[(1, 7), (2, 7), (3, 7), (4, 7), (5, 7), (6, 7), (7, 7), (8, 7), (9, 7), (10, 7), (11, 7), (12, 7)]",MISMATCH
AM-GDL-008,ገድለ ሰማዕት ቅድስት አርሴማ በአማርኛ,አርሴማ,"[(5, 29)]","[(1, 6), (1, 29), (2, 6), (3, 6), (4, 6), (5, 6), (6, 6), (7, 6), (8, 6), (9, 6), (10, 6), (10, 17), (11, 6), (12, 6)]","[(5, 29)]","[(1, 6), (1, 29), (2, 6), (3, 6), (4, 6), (5, 6), (6, 6), (7, 6), (8, 6), (9, 6), (10, 6), (10, 17), (11, 6), (12, 6)]",MISMATCH
GZ-GDL-009,ገድለ ቅዱስ ሱስንዮስ በግእዝ,ሱስንዮስ,"[(11, 21)]","[(8, 26)]","[(11, 21)]","[(8, 26)]",MISMATCH
GZ-GDL-011,ገድለ አቡነ ፊልጶስ በግእዝ,ፊልጶስ,"[(10, 14)]","[(11, 28)]","[(10, 14)]","[(11, 28)]",MISMATCH
GZ-GDL-013,ገድለ ዘርዐ አብርሃም በግእዝ,አብርሃም,"[(12, 28)]","[(4, 24)]","[(12, 28)]","[(4, 24)]",MISMATCH
GZ-GDL-014,ገድለ ቅዱስ ጊዮርጊስ ሰማዕት በግእዝ,ጊዮርጊስ,"[(5, 4)]","[(1, 23), (2, 23), (3, 7), (3, 23), (4, 23), (5, 18), (5, 23), (6, 23), (7, 23), (8, 23), (9, 23), (10, 23), (11, 23), (12, 16), (12, 23)]","[(5, 4)]","[(1, 23), (2, 23), (3, 7), (3, 23), (4, 23), (5, 18), (5, 23), (6, 23), (7, 23), (8, 23), (9, 23), (10, 23), (11, 23), (12, 16), (12, 23)]",MISMATCH
AM-DRS-005,ድርሳነ ኤልያስ ነቢይ በአማርኛ,ኤልያስ,"[(1, 6), (2, 6), (3, 6), (5, 6), (6, 6), (7, 6), (7, 11), (8, 6), (9, 6), (10, 6), (11, 6), (12, 6), (12, 13)]","[(1, 6), (2, 6), (3, 6), (4, 1), (4, 6), (5, 6), (6, 6), (7, 6), (8, 6), (9, 6), (10, 6), (11, 6), (12, 6), (12, 13)]","[(7, 11)]","[(4, 1), (4, 6)]",MISMATCH
AM-GDL-018,ገድለ ቅዱስ ጊዮርጊስ ሰማዕት በአማርኛ,ጊዮርጊስ,"[(5, 4)]","[(1, 23), (2, 23), (3, 7), (3, 23), (4, 23), (5, 18), (5, 23), (6, 23), (7, 23), (8, 23), (9, 23), (10, 23), (11, 23), (12, 16), (12, 23)]","[(5, 4)]","[(1, 23), (2, 23), (3, 7), (3, 23), (4, 23), (5, 18), (5, 23), (6, 23), (7, 23), (8, 23), (9, 23), (10, 23), (11, 23), (12, 16), (12, 23)]",MISMATCH
AM-GDL-020,ገድለ እምነ ወለተ ጴጥሮስ በአማርኛ,ጴጥሮስ,"[(6, 9)]","[(1, 17), (2, 17), (3, 17), (4, 17), (5, 17), (6, 17), (7, 17), (8, 17), (9, 17), (10, 17), (11, 17), (12, 17)]","[(6, 9)]","[(1, 17), (2, 17), (3, 17), (4, 17), (5, 17), (6, 17), (7, 17), (8, 17), (9, 17), (10, 17), (11, 17), (12, 17)]",MISMATCH
GZ-GDL-020,ገድለ አቡነ ፊልሞና በግእዝ,ፊልሞና,"[(3, 27)]","[(4, 22)]","[(3, 27)]","[(4, 22)]",MISMATCH
GZ-GDL-026,ገድለ ቅዱሳን አባዲር ወኢራኢ በግእዝ,አባዲር,"[(1, 28), (6, 7)]","[(1, 28)]","[(6, 7)]",[],MISMATCH
GZ-GDL-027,ገድለ ቅዱስ ፊቅጦር በግእዝ,ፊቅጦር,"[(4, 5), (5, 21), (5, 27), (6, 27), (7, 27)]","[(1, 27), (2, 27), (3, 27), (4, 5), (4, 27), (5, 27), (6, 13), (6, 27), (7, 27), (8, 27), (9, 27), (10, 27), (11, 27), (12, 27)]","[(5, 21)]","[(1, 27), (2, 27), (3, 27), (4, 27), (6, 13), (8, 27), (9, 27), (10, 27), (11, 27), (12, 27)]",MISMATCH
GZ-GDL-029,ገድለ አቡነ ዮሴፍ በግእዝ,ዮሴፍ,"[(5, 26)]","[(1, 19), (2, 19), (3, 19), (4, 19), (5, 19), (6, 19), (7, 19), (8, 19), (9, 19), (10, 19), (11, 19), (12, 19)]","[(5, 26)]","[(1, 19), (2, 19), (3, 19), (4, 19), (5, 19), (6, 19), (7, 19), (8, 19), (9, 19), (10, 19), (11, 19), (12, 19)]",MISMATCH
GZ-GDL-033,ገድለ ሰማዕት ቅድስት አርሴማ በግእዝ,አርሴማ,"[(5, 29)]","[(1, 6), (1, 29), (2, 6), (3, 6), (4, 6), (5, 6), (6, 6), (7, 6), (8, 6), (9, 6), (10, 6), (10, 17), (11, 6), (12, 6)]","[(5, 29)]","[(1, 6), (1, 29), (2, 6), (3, 6), (4, 6), (5, 6), (6, 6), (7, 6), (8, 6), (9, 6), (10, 6), (10, 17), (11, 6), (12, 6)]",MISMATCH
AM-GDL-029,ገድለ ቅዱስ ፊቅጦር በአማርኛ,ፊቅጦር,"[(4, 5), (5, 21), (5, 27), (6, 27), (7, 27)]","[(1, 27), (2, 27), (3, 27), (4, 5), (4, 27), (5, 27), (6, 13), (6, 27), (7, 27), (8, 27), (9, 27), (10, 27), (11, 27), (12, 27)]","[(5, 21)]","[(1, 27), (2, 27), (3, 27), (4, 27), (6, 13), (8, 27), (9, 27), (10, 27), (11, 27), (12, 27)]",MISMATCH
AM-TAM-002,ተአምረ ማርያም በአማርኛ,ተአምረ ማርያም,"[(4, 22)]","[(1, 21), (2, 21), (3, 21), (4, 21), (5, 21), (6, 21), (7, 21), (8, 21), (9, 1), (9, 21), (10, 21), (11, 21), (12, 16), (12, 21)]","[(4, 22)]","[(1, 21), (2, 21), (3, 21), (4, 21), (5, 21), (6, 21), (7, 21), (8, 21), (9, 1), (9, 21), (10, 21), (11, 21), (12, 16), (12, 21)]",MISMATCH
AM-MEL-003,መልክዐ ለአቡነ አቢብ ጻድቅ በአማርኛ,አቢብ,"[(1, 25), (2, 25), (3, 25), (4, 25), (5, 25), (7, 25), (8, 15), (9, 25), (11, 25), (12, 25)]","[(1, 25), (2, 25), (3, 25), (4, 25), (5, 25), (6, 25), (7, 25), (8, 15), (8, 25), (9, 25), (10, 25), (11, 25), (12, 25)]",[],"[(6, 25), (8, 25), (10, 25)]",MISMATCH
AM-MEL-015,መልክዐ ቅዱስ ቂርቆስ በአማርኛ,ቂርቆስ,"[(4, 15)]","[(1, 15), (2, 15), (3, 15), (4, 15), (5, 15), (6, 15), (7, 15), (8, 15), (9, 15), (10, 15), (11, 15), (11, 19), (12, 15)]",[],"[(1, 15), (2, 15), (3, 15), (5, 15), (6, 15), (7, 15), (8, 15), (9, 15), (10, 15), (11, 15), (11, 19), (12, 15)]",MISMATCH
AM-MEL-016,መልክዐ ቅዱስ ዮሐንስ ወንጌላዊ በአማርኛ,ዮሐንስ ወንጌላዊ,"[(1, 4), (1, 29), (2, 4), (3, 4), (4, 4), (5, 4), (9, 16), (11, 27)]","[(1, 4), (1, 29), (2, 4), (3, 4), (4, 4), (5, 4), (6, 4), (7, 4), (8, 4), (9, 4), (9, 16), (10, 4), (11, 4), (11, 27), (12, 4)]",[],"[(6, 4), (7, 4), (8, 4), (9, 4), (10, 4), (11, 4), (12, 4)]",MISMATCH
AM-MEL-017,መልክዐ ቅድስት ጸበለ ማርያም በአማርኛ,ጸበለ ማርያም,"[(2, 24)]","[(1, 24), (2, 24), (3, 24), (4, 24), (5, 24), (6, 24), (7, 24), (8, 24), (9, 24), (10, 24), (11, 24), (12, 24)]",[],"[(1, 24), (3, 24), (4, 24), (5, 24), (6, 24), (7, 24), (8, 24), (9, 24), (10, 24), (11, 24), (12, 24)]",MISMATCH
AM-MEL-018,መልክዐ ቅድስት ፍቅርተ ክርስቶስ በአማርኛ,ፍቅርተ ክርስቶስ,"[(7, 29)]","[(1, 29), (2, 29), (3, 29), (4, 29), (5, 29), (6, 29), (7, 29), (8, 29), (9, 29), (10, 29), (11, 29), (12, 29)]",[],"[(1, 29), (2, 29), (3, 29), (4, 29), (5, 29), (6, 29), (8, 29), (9, 29), (10, 29), (11, 29), (12, 29)]",MISMATCH
AM-MEL-019,መልክዐ አቡነ ሐራ ድንግል በአማርኛ,ሐራ ድንግል,"[(1, 11), (2, 11), (3, 11), (4, 11), (5, 11), (6, 11), (7, 11), (8, 11), (9, 11), (10, 11), (11, 11), (12, 11)]","[(1, 11), (2, 11), (3, 11), (4, 11), (5, 11), (6, 11), (7, 11), (8, 11), (9, 11), (10, 11), (11, 11), (12, 11)]",[],[],CORRECT
AM-MEL-021,መልክዐ አቡነ ዮሐንስ ጻድቅ በአማርኛ,ዮሐንስ ጻድቅ,"[(1, 16), (2, 16), (9, 7), (11, 16), (12, 16)]","[(1, 16), (2, 16), (3, 16), (4, 16), (5, 16), (5, 20), (6, 16), (7, 16), (8, 16), (9, 7), (9, 16), (10, 16), (11, 16), (12, 16)]",[],"[(3, 16), (4, 16), (5, 16), (5, 20), (6, 16), (7, 16), (8, 16), (9, 16), (10, 16)]",MISMATCH
AM-MEL-022,መልክዐ አብርሃም ይሥሐቅ ያዕቆብ በአማርኛ,አብርሃም,"[(12, 28)]","[(1, 28), (2, 28), (3, 28), (4, 28), (5, 28), (6, 28), (7, 28), (8, 28), (9, 28), (10, 28), (11, 28), (12, 24), (12, 28)]",[],"[(1, 28), (2, 28), (3, 28), (4, 28), (5, 28), (6, 28), (7, 28), (8, 28), (9, 28), (10, 28), (11, 28), (12, 24)]",MISMATCH
AM-MEL-027,መልክዐ ኪዳነ ምሕረት በአማርኛ,ኪዳነ ምሕረት,"[(1, 16), (2, 16), (3, 16), (4, 16), (6, 16), (7, 16), (8, 16), (9, 16), (10, 16), (11, 16), (12, 16)]","[(1, 16), (2, 16), (3, 16), (4, 16), (5, 16), (6, 16), (7, 16), (8, 16), (9, 16), (10, 16), (11, 16), (12, 16)]",[],"[(5, 16)]",MISMATCH
AM-MEL-033,የሐዋርያው የቅዱስ ታዴዎስ መልክዕ በአማርኛ,ታዴዎስ,"[(5, 2), (6, 2), (7, 2), (8, 2), (9, 2), (10, 2)]","[(1, 2), (2, 2), (3, 2), (4, 2), (5, 2), (6, 2), (7, 2), (8, 2), (9, 2), (10, 2), (11, 2), (11, 29), (12, 2)]",[],"[(1, 2), (2, 2), (3, 2), (4, 2), (11, 2), (11, 29), (12, 2)]",MISMATCH
AM-MEL-037,የቅዱሳን ሠለስቱ ደቂቅ መልክዕ በአማርኛ,ሠለስቱ ደቂቅ,"[(4, 2)]","[(4, 2), (4, 19), (9, 10)]",[],"[(4, 19), (9, 10)]",MISMATCH
AM-MEL-045,የቅዱስ እስጢፋኖስ 2ኛ መልክዕ በአማርኛ,እስጢፋኖስ,"[(5, 17)]","[(1, 15), (1, 17), (2, 17), (3, 17), (4, 17), (5, 1), (5, 17), (6, 17), (7, 17), (8, 17), (9, 17), (10, 17), (11, 17), (12, 17)]",[],"[(1, 15), (1, 17), (2, 17), (3, 17), (4, 17), (5, 1), (6, 17), (7, 17), (8, 17), (9, 17), (10, 17), (11, 17), (12, 17)]",MISMATCH
AM-MEL-046,የቅዱስ እንድርያስ ሐዋርያ መልክዕ በአማርኛ,እንድርያስ,"[(1, 4), (2, 4), (3, 4), (4, 4), (5, 4), (7, 4), (8, 4), (9, 4), (10, 4), (11, 4), (11, 30), (12, 4), (12, 30)]","[(1, 4), (2, 4), (3, 4), (4, 4), (5, 4), (6, 4), (7, 4), (8, 4), (9, 4), (10, 4), (11, 4), (11, 30), (12, 4), (12, 30)]",[],"[(6, 4)]",MISMATCH
AM-MEL-054,የአቡነ ሳሙኤል ዘዋልድባ መልክዕ በአማርኛ,ሳሙኤል ዘዋልድባ,"[(1, 12), (2, 12), (3, 12), (4, 12), (6, 12), (7, 12), (8, 12), (9, 12), (10, 12), (11, 12), (12, 12)]","[(1, 12), (2, 12), (3, 12), (4, 12), (5, 12), (6, 12), (7, 12), (8, 12), (9, 12), (10, 12), (11, 12), (12, 12)]",[],"[(5, 12)]",MISMATCH
AM-MEL-055,የአቡነ ሳሙኤል ዘዋልድባ ኹለተኛ መልክዕ በአማርኛ,ሳሙኤል ዘዋልድባ,"[(1, 12), (2, 12), (3, 12), (4, 12), (6, 12), (7, 12), (8, 12), (9, 12), (10, 12), (11, 12), (12, 12)]","[(1, 12), (2, 12), (3, 12), (4, 12), (5, 12), (6, 12), (7, 12), (8, 12), (9, 12), (10, 12), (11, 12), (12, 12)]",[],"[(5, 12)]",MISMATCH
AM-MEL-057,የአቡነ ተክለ ሃይማኖት 2ኛ መልክዕ በአማርኛ,ተክለ ሃይማኖት,"[(1, 24), (2, 24), (3, 24), (4, 24), (5, 24), (6, 24), (7, 24), (8, 24), (9, 24), (10, 24), (11, 24), (12, 24)]","[(1, 24), (2, 24), (3, 24), (4, 24), (5, 24), (6, 24), (7, 24), (8, 22), (8, 24), (9, 12), (9, 24), (10, 24), (11, 24), (12, 24)]",[],"[(8, 22), (9, 12)]",MISMATCH
AM-MEL-058,የአቡነ ተክለ ሃይማኖት መልክዕ በአማርኛ,ተክለ ሃይማኖት,"[(1, 24), (2, 24), (3, 24), (4, 24), (5, 24), (6, 24), (7, 24), (8, 24), (9, 24), (10, 24), (11, 24), (12, 24)]","[(1, 24), (2, 24), (3, 24), (4, 24), (5, 24), (6, 24), (7, 24), (8, 22), (8, 24), (9, 12), (9, 24), (10, 24), (11, 24), (12, 24)]",[],"[(8, 22), (9, 12)]",MISMATCH
AM-MEL-059,የአቡነ አቢብ መልክዕ በአማርኛ,አቢብ,"[(1, 25), (2, 25), (3, 25), (4, 25), (5, 25), (7, 25), (8, 15), (9, 25), (11, 25), (12, 25)]","[(1, 25), (2, 25), (3, 25), (4, 25), (5, 25), (6, 25), (7, 25), (8, 15), (8, 25), (9, 25), (10, 25), (11, 25), (12, 25)]",[],"[(6, 25), (8, 25), (10, 25)]",MISMATCH
AM-MEL-061,የአቡነ ዘርዐ ቡሩክ መልክዕ በአማርኛ,ዘርዐ ቡሩክ,"[(1, 13), (2, 13), (3, 13), (6, 13), (7, 13), (8, 13), (9, 13), (10, 13), (11, 13), (12, 13)]","[(1, 13), (2, 13), (3, 13), (4, 13), (5, 13), (6, 13), (7, 13), (8, 13), (9, 13), (10, 13), (11, 13), (12, 13)]",[],"[(4, 13), (5, 13)]",MISMATCH
AM-MEL-062,የአቡነ ዜና ማርቆስ መልክዕ በአማርኛ,ዜና ማርቆስ,"[(1, 3), (2, 3), (3, 3), (4, 3), (5, 3), (6, 3), (7, 3), (8, 3), (9, 3), (10, 3), (11, 3), (12, 3)]","[(1, 3), (2, 3), (3, 3), (4, 3), (5, 3), (6, 3), (7, 3), (8, 3), (9, 3), (10, 3), (11, 3), (12, 3)]",[],[],CORRECT
AM-MEL-063,የአባታችን አብርሃም መልክዕ በአማርኛ,አብርሃም,"[(12, 28)]","[(11, 7), (12, 28)]",[],"[(11, 7)]",MISMATCH
AM-MEL-065,ጸሎተ መልክዐ ሥቃዩ ለቅዱስ ጊዮርጊስ ሊቀ ሰማዕታት በአማርኛ,ጊዮርጊስ ሊቀ ሰማዕታት,"[(1, 23), (2, 23), (3, 7), (3, 23), (4, 23), (5, 23), (6, 23), (7, 23), (8, 23), (9, 23), (10, 23), (11, 23), (12, 16), (12, 23)]","[(1, 23), (2, 23), (3, 7), (3, 23), (4, 23), (5, 18), (5, 23), (6, 23), (7, 23), (8, 23), (9, 23), (10, 23), (11, 23), (12, 16), (12, 23)]",[],"[(5, 18)]",MISMATCH
AM-MEL-066,ጸሎተ መልክዕ ዘቅዱስ ጊዮርጊስ ሊቀ ሰማዕታት በአማርኛ,ጊዮርጊስ ሊቀ ሰማዕታት,"[(1, 23), (2, 23), (3, 7), (3, 23), (4, 23), (5, 23), (6, 23), (7, 23), (8, 23), (9, 23), (10, 23), (11, 23), (12, 16), (12, 23)]","[(1, 23), (2, 23), (3, 7), (3, 23), (4, 23), (5, 18), (5, 23), (6, 23), (7, 23), (8, 23), (9, 23), (10, 23), (11, 23), (12, 16), (12, 23)]",[],"[(5, 18)]",MISMATCH
AM-MEL-067,ጸሎተ መልክዕ ዘቅዱስ ጊዮርጊስ ሊቀ ሰማዕታት ካልዕ በአማርኛ,ጊዮርጊስ ሊቀ ሰማዕታት,"[(1, 23), (2, 23), (3, 7), (3, 23), (4, 23), (5, 23), (6, 23), (7, 23), (8, 23), (9, 23), (10, 23), (11, 23), (12, 16), (12, 23)]","[(1, 23), (2, 23), (3, 7), (3, 23), (4, 23), (5, 18), (5, 23), (6, 23), (7, 23), (8, 23), (9, 23), (10, 23), (11, 23), (12, 16), (12, 23)]",[],"[(5, 18)]",MISMATCH
AM-SIB-001,ስብሐተ ፍቁር ዘቅዱስ ጊዮርጊስ ሊቀ ሰማዕታት በአማርኛ,ጊዮርጊስ ሊቀ ሰማዕታት,"[(1, 23), (2, 23), (3, 7), (3, 23), (4, 23), (5, 23), (6, 23), (7, 23), (8, 23), (9, 23), (10, 23), (11, 23), (12, 16), (12, 23)]","[(1, 23), (2, 23), (3, 7), (3, 23), (4, 23), (5, 18), (5, 23), (6, 23), (7, 23), (8, 23), (9, 23), (10, 23), (11, 23), (12, 16), (12, 23)]",[],"[(5, 18)]",MISMATCH
GZ-MEL-015,መልክዐ ሊቀ መላእክት ቅዱስ ፋኑኤል በግእዝ,ፋኑኤል,"[(6, 3)]","[(1, 3), (2, 3), (3, 3), (4, 3), (5, 3), (6, 3), (7, 3), (8, 3), (9, 3), (10, 3), (11, 3), (12, 3)]",[],"[(1, 3), (2, 3), (3, 3), (4, 3), (5, 3), (7, 3), (8, 3), (9, 3), (10, 3), (11, 3), (12, 3)]",MISMATCH
GZ-MEL-016,መልክዐ ሊቀ ሰማዕታት ቅዱስ እስጢፋኖስ በግእዝ,እስጢፋኖስ,"[(5, 17)]","[(1, 15), (1, 17), (2, 17), (3, 17), (4, 17), (5, 1), (5, 17), (6, 17), (7, 17), (8, 17), (9, 17), (10, 17), (11, 17), (12, 17)]",[],"[(1, 15), (1, 17), (2, 17), (3, 17), (4, 17), (5, 1), (6, 17), (7, 17), (8, 17), (9, 17), (10, 17), (11, 17), (12, 17)]",MISMATCH
GZ-MEL-017,መልክዐ ሊቀ ሰማዕታት ቅዱስ እስጢፋኖስ ካልእ በግእዝ,እስጢፋኖስ,"[(5, 17)]","[(1, 15), (1, 17), (2, 17), (3, 17), (4, 17), (5, 1), (5, 17), (6, 17), (7, 17), (8, 17), (9, 17), (10, 17), (11, 17), (12, 17)]",[],"[(1, 15), (1, 17), (2, 17), (3, 17), (4, 17), (5, 1), (6, 17), (7, 17), (8, 17), (9, 17), (10, 17), (11, 17), (12, 17)]",MISMATCH
GZ-MEL-021,መልክዐ ሐራ ድንግል በግእዝ,ሐራ ድንግል,"[(1, 11), (2, 11), (3, 11), (4, 11), (5, 11), (6, 11), (7, 11), (8, 11), (9, 11), (10, 11), (11, 11), (12, 11)]","[(1, 11), (2, 11), (3, 11), (4, 11), (5, 11), (6, 11), (7, 11), (8, 11), (9, 11), (10, 11), (11, 11), (12, 11)]",[],[],CORRECT
GZ-MEL-022,መልክዐ ሐና በግእዝ,ሐና,"[(1, 7), (12, 1)]","[(1, 1), (1, 3), (1, 7), (1, 11), (1, 12), (2, 1), (2, 3), (2, 11), (3, 1), (3, 3), (3, 11), (4, 1), (4, 3), (4, 11), (4, 13), (5, 1), (5, 3), (5, 11), (6, 1), (6, 3), (6, 11), (7, 1), (7, 3), (7, 11), (8, 1), (8, 3), (8, 7), (8, 11), (9, 1), (9, 3), (9, 11), (10, 1), (10, 3), (10, 11), (11, 1), (11, 3), (11, 11), (12, 1), (12, 3), (12, 7), (12, 11)]",[],"[(1, 1), (1, 3), (1, 11), (1, 12), (2, 1), (2, 3), (2, 11), (3, 1), (3, 3), (3, 11), (4, 1), (4, 3), (4, 11), (4, 13), (5, 1), (5, 3), (5, 11), (6, 1), (6, 3), (6, 11), (7, 1), (7, 3), (7, 11), (8, 1), (8, 3), (8, 7), (8, 11), (9, 1), (9, 3), (9, 11), (10, 1), (10, 3), (10, 11), (11, 1), (11, 3), (11, 11), (12, 3), (12, 7), (12, 11)]",MISMATCH
GZ-MEL-028,መልክዐ መድኃኔ ዓለም በግእዝ,መድኃኔ ዓለም,"[(12, 27)]","[(1, 27), (2, 27), (3, 27), (4, 27), (5, 27), (6, 27), (7, 27), (8, 27), (9, 27), (10, 27), (11, 27), (12, 27)]",[],"[(1, 27), (2, 27), (3, 27), (4, 27), (5, 27), (6, 27), (7, 27), (8, 27), (9, 27), (10, 27), (11, 27)]",MISMATCH
GZ-MEL-041,መልክዐ ሰማዕት ቅዱስ ፋሲለደስ በግእዝ,ፋሲለደስ,"[(1, 11), (2, 11), (3, 11), (4, 11), (5, 11), (6, 11), (7, 11), (8, 11), (9, 11), (10, 11), (11, 11), (12, 11)]","[(1, 11), (2, 11), (3, 11), (4, 11), (5, 11), (6, 11), (7, 11), (8, 11), (9, 11), (10, 11), (11, 11), (12, 11)]",[],[],CORRECT
GZ-MEL-047,መልክዐ ቅዱሳን ሠለስቱ ደቂቅ በግእዝ,ሠለስቱ ደቂቅ,"[(4, 2)]","[(4, 2), (4, 19), (9, 10)]",[],"[(4, 19), (9, 10)]",MISMATCH
GZ-MEL-054,መልክዐ ቅዱስ ቂርቆስ በግእዝ,ቂርቆስ,"[(4, 15)]","[(1, 15), (2, 15), (3, 15), (4, 15), (5, 15), (6, 15), (7, 15), (8, 15), (9, 15), (10, 15), (11, 15), (11, 19), (12, 15)]",[],"[(1, 15), (2, 15), (3, 15), (5, 15), (6, 15), (7, 15), (8, 15), (9, 15), (10, 15), (11, 15), (11, 19), (12, 15)]",MISMATCH
GZ-MEL-055,መልክዐ ቅዱስ ታዴዎስ በግእዝ,ታዴዎስ,"[(5, 2), (6, 2), (7, 2), (8, 2), (9, 2), (10, 2)]","[(1, 2), (2, 2), (3, 2), (4, 2), (5, 2), (6, 2), (7, 2), (8, 2), (9, 2), (10, 2), (11, 2), (11, 29), (12, 2)]",[],"[(1, 2), (2, 2), (3, 2), (4, 2), (11, 2), (11, 29), (12, 2)]",MISMATCH
GZ-MEL-058,መልክዐ ቅዱስ አግናጥዮስ ምጥው ለአንበሳ በግእዝ,አግናጥዮስ,"[(1, 7), (2, 7), (2, 26), (3, 7), (4, 7), (4, 24), (5, 7), (6, 7), (7, 7), (8, 7), (10, 7), (12, 7)]","[(1, 7), (2, 7), (2, 26), (3, 7), (4, 7), (4, 24), (5, 7), (6, 7), (7, 7), (8, 7), (9, 7), (10, 7), (11, 1), (11, 7), (12, 7)]",[],"[(9, 7), (11, 1), (11, 7)]",MISMATCH
GZ-MEL-062,መልክዐ ቅዱስ ዮሐንስ ወንጌላዊ በግእዝ,ዮሐንስ ወንጌላዊ,"[(1, 4), (1, 29), (2, 4), (3, 4), (4, 4), (5, 4), (9, 16), (11, 27)]","[(1, 4), (1, 29), (2, 4), (3, 4), (4, 4), (5, 4), (6, 4), (7, 4), (8, 4), (9, 4), (9, 16), (10, 4), (11, 4), (11, 27), (12, 4)]",[],"[(6, 4), (7, 4), (8, 4), (9, 4), (10, 4), (11, 4), (12, 4)]",MISMATCH
GZ-MEL-063,መልክዐ ቅዱስ ዮስጦስ በግእዝ,ዮስጦስ,"[(6, 10)]","[(6, 10), (11, 17)]",[],"[(11, 17)]",MISMATCH
GZ-MEL-066,መልክዐ ቅድስት ፍቅርተ ክርስቶስ በግእዝ,ፍቅርተ ክርስቶስ,"[(7, 29)]","[(1, 29), (2, 29), (3, 29), (4, 29), (5, 29), (6, 29), (7, 29), (8, 29), (9, 29), (10, 29), (11, 29), (12, 29)]",[],"[(1, 29), (2, 29), (3, 29), (4, 29), (5, 29), (6, 29), (8, 29), (9, 29), (10, 29), (11, 29), (12, 29)]",MISMATCH
GZ-MEL-068,መልክዐ ተክለ ሃይማኖት በግእዝ,ተክለ ሃይማኖት,"[(1, 24), (2, 24), (3, 24), (4, 24), (5, 24), (6, 24), (7, 24), (8, 24), (9, 24), (10, 24), (11, 24), (12, 24)]","[(1, 24), (2, 24), (3, 24), (4, 24), (5, 24), (6, 24), (7, 24), (8, 22), (8, 24), (9, 12), (9, 24), (10, 24), (11, 24), (12, 24)]",[],"[(8, 22), (9, 12)]",MISMATCH
GZ-MEL-069,መልክዐ ተክለ ሃይማኖት ካልእ በግእዝ,ተክለ ሃይማኖት,"[(1, 24), (2, 24), (3, 24), (4, 24), (5, 24), (6, 24), (7, 24), (8, 24), (9, 24), (10, 24), (11, 24), (12, 24)]","[(1, 24), (2, 24), (3, 24), (4, 24), (5, 24), (6, 24), (7, 24), (8, 22), (8, 24), (9, 12), (9, 24), (10, 24), (11, 24), (12, 24)]",[],"[(8, 22), (9, 12)]",MISMATCH
GZ-MEL-072,መልክዐ አማኑኤል በግእዝ,አማኑኤል,"[(7, 28)]","[(1, 28), (2, 28), (3, 28), (4, 28), (5, 28), (6, 28), (7, 28), (8, 28), (9, 28), (10, 28), (11, 28), (12, 28)]",[],"[(1, 28), (2, 28), (3, 28), (4, 28), (5, 28), (6, 28), (8, 28), (9, 28), (10, 28), (11, 28), (12, 28)]",MISMATCH
GZ-MEL-073,መልክዐ አረጋዊ በግእዝ,አረጋዊ,"[(1, 14), (2, 14), (3, 14), (4, 14), (5, 14), (6, 14), (7, 14), (8, 14), (9, 14), (10, 14), (11, 14), (12, 14)]","[(1, 14), (2, 14), (3, 14), (4, 14), (5, 14), (6, 14), (7, 14), (8, 14), (9, 14), (10, 14), (11, 14), (12, 14)]",[],[],CORRECT
GZ-MEL-078,መልክዐ አቡነ መድኃኒነ እግዚእ በግእዝ,መድኃኒነ እግዚእ,"[(5, 3)]","[(1, 3), (2, 3), (3, 3), (4, 3), (5, 3), (6, 3), (7, 3), (8, 3), (9, 3), (10, 3), (11, 3), (12, 3)]",[],"[(1, 3), (2, 3), (3, 3), (4, 3), (6, 3), (7, 3), (8, 3), (9, 3), (10, 3), (11, 3), (12, 3)]",MISMATCH
GZ-MEL-085,መልክዐ አቡነ ሳሙኤል ዘዋልድባ በግእዝ,ሳሙኤል ዘዋልድባ,"[(1, 12), (2, 12), (3, 12), (4, 12), (6, 12), (7, 12), (8, 12), (9, 12), (10, 12), (11, 12), (12, 12)]","[(1, 12), (2, 12), (3, 12), (4, 12), (5, 12), (6, 12), (7, 12), (8, 12), (9, 12), (10, 12), (11, 12), (12, 12)]",[],"[(5, 12)]",MISMATCH
GZ-MEL-086,መልክዐ አቡነ ሳሙኤል ዘዋልድባ ካልዕ በግእዝ,ሳሙኤል ዘዋልድባ,"[(1, 12), (2, 12), (3, 12), (4, 12), (6, 12), (7, 12), (8, 12), (9, 12), (10, 12), (11, 12), (12, 12)]","[(1, 12), (2, 12), (3, 12), (4, 12), (5, 12), (6, 12), (7, 12), (8, 12), (9, 12), (10, 12), (11, 12), (12, 12)]",[],"[(5, 12)]",MISMATCH
GZ-MEL-092,መልክዐ አቡነ ተክለ ሃይማኖት በግእዝ,ተክለ ሃይማኖት,"[(1, 24), (2, 24), (3, 24), (4, 24), (5, 24), (6, 24), (7, 24), (8, 24), (9, 24), (10, 24), (11, 24), (12, 24)]","[(1, 24), (2, 24), (3, 24), (4, 24), (5, 24), (6, 24), (7, 24), (8, 22), (8, 24), (9, 12), (9, 24), (10, 24), (11, 24), (12, 24)]",[],"[(8, 22), (9, 12)]",MISMATCH
GZ-MEL-095,መልክዐ አቡነ አቢብ በግእዝ,አቢብ,"[(1, 25), (2, 25), (3, 25), (4, 25), (5, 25), (7, 25), (8, 15), (9, 25), (11, 25), (12, 25)]","[(1, 25), (2, 25), (3, 25), (4, 25), (5, 25), (6, 25), (7, 25), (8, 15), (8, 25), (9, 25), (10, 25), (11, 25), (12, 25)]",[],"[(6, 25), (8, 25), (10, 25)]",MISMATCH
GZ-MEL-098,መልክዐ አቡነ አብርሃም በግእዝ,አብርሃም,"[(12, 28)]","[(11, 7), (12, 28)]",[],"[(11, 7)]",MISMATCH
GZ-MEL-099,መልክዐ አቡነ አብሳዲ ዘደብረ ማርያም በግእዝ,አብሳዲ ዘደብረ ማርያም,"[(1, 30)]","[(1, 30)]",[],[],CORRECT
GZ-MEL-105,መልክዐ አቡነ ዘርዐ ቡሩክ በግእዝ,ዘርዐ ቡሩክ,"[(1, 13), (2, 13), (3, 13), (6, 13), (7, 13), (8, 13), (9, 13), (10, 13), (11, 13), (12, 13)]","[(1, 13), (2, 13), (3, 13), (4, 13), (5, 13), (6, 13), (7, 13), (8, 13), (9, 13), (10, 13), (11, 13), (12, 13)]",[],"[(4, 13), (5, 13)]",MISMATCH
GZ-MEL-106,መልክዐ አቡነ ዜና ማርቆስ በግእዝ,ዜና ማርቆስ,"[(1, 3), (2, 3), (3, 3), (4, 3), (5, 3), (6, 3), (7, 3), (8, 3), (9, 3), (10, 3), (11, 3), (12, 3)]","[(1, 3), (2, 3), (3, 3), (4, 3), (5, 3), (6, 3), (7, 3), (8, 3), (9, 3), (10, 3), (11, 3), (12, 3)]",[],[],CORRECT
GZ-MEL-109,መልክዐ አቡነ ዮሐንስ ከማ በግእዝ,ዮሐንስ ከማ,"[(4, 25)]","[(4, 25)]",[],[],CORRECT
GZ-MEL-122,መልክዐ አባ ኖብ ሰማዕት በግእዝ,ኖብ,"[(10, 23), (11, 24)]","[(1, 18), (3, 7), (6, 5), (7, 9), (10, 19), (10, 23), (11, 24)]",[],"[(1, 18), (3, 7), (6, 5), (7, 9), (10, 19)]",MISMATCH
GZ-MEL-124,መልክዐ አብርሃም ይሥሐቅ ወያዕቆብ በግእዝ,አብርሃም,"[(12, 28)]","[(1, 28), (2, 28), (3, 28), (4, 28), (5, 28), (6, 28), (7, 28), (8, 28), (9, 28), (10, 28), (11, 28), (12, 24), (12, 28)]",[],"[(1, 28), (2, 28), (3, 28), (4, 28), (5, 28), (6, 28), (7, 28), (8, 28), (9, 28), (10, 28), (11, 28), (12, 24)]",MISMATCH
GZ-MEL-133,መልክዐ ኢያቄም በግእዝ,ኢያቄም,"[(8, 7)]","[(1, 1), (1, 3), (1, 7), (1, 11), (1, 12), (2, 1), (2, 3), (2, 11), (3, 1), (3, 3), (3, 11), (4, 1), (4, 3), (4, 11), (4, 13), (5, 1), (5, 3), (5, 11), (6, 1), (6, 3), (6, 11), (7, 1), (7, 3), (7, 11), (8, 1), (8, 3), (8, 7), (8, 11), (9, 1), (9, 3), (9, 11), (10, 1), (10, 3), (10, 11), (11, 1), (11, 3), (11, 11), (12, 1), (12, 3), (12, 7), (12, 11)]",[],"[(1, 1), (1, 3), (1, 7), (1, 11), (1, 12), (2, 1), (2, 3), (2, 11), (3, 1), (3, 3), (3, 11), (4, 1), (4, 3), (4, 11), (4, 13), (5, 1), (5, 3), (5, 11), (6, 1), (6, 3), (6, 11), (7, 1), (7, 3), (7, 11), (8, 1), (8, 3), (8, 11), (9, 1), (9, 3), (9, 11), (10, 1), (10, 3), (10, 11), (11, 1), (11, 3), (11, 11), (12, 1), (12, 3), (12, 7), (12, 11)]",MISMATCH
GZ-MEL-136,መልክዐ እስትንፋሰ ክርስቶስ በግእዝ,እስትንፋሰ ክርስቶስ,"[(1, 9), (2, 9), (3, 9), (4, 9), (5, 9), (7, 9), (9, 9), (10, 9), (11, 9), (12, 9)]","[(1, 9), (2, 9), (3, 9), (4, 9), (5, 9), (6, 9), (7, 9), (8, 9), (9, 9), (10, 9), (11, 9), (12, 9)]",[],"[(6, 9), (8, 9)]",MISMATCH
GZ-MEL-137,መልክዐ እንድርያስ ሐዋርያ በግእዝ,እንድርያስ,"[(1, 4), (2, 4), (3, 4), (4, 4), (5, 4), (7, 4), (8, 4), (9, 4), (10, 4), (11, 4), (11, 30), (12, 4), (12, 30)]","[(1, 4), (2, 4), (3, 4), (4, 4), (5, 4), (6, 4), (7, 4), (8, 4), (9, 4), (10, 4), (11, 4), (11, 30), (12, 4), (12, 30)]",[],"[(6, 4)]",MISMATCH
GZ-MEL-139,መልክዐ እግዚአብሔር አብ በግእዝ,እግዚአብሔር አብ,"[(1, 13), (2, 13), (3, 13), (4, 13), (5, 13), (6, 13), (7, 13), (8, 13), (9, 13), (10, 13), (11, 13), (12, 13)]","[(1, 13), (2, 13), (3, 13), (4, 13), (5, 13), (6, 13), (7, 13), (8, 13), (9, 13), (10, 13), (11, 13), (12, 13)]",[],[],CORRECT
GZ-MEL-140,መልክዐ እግዚአብሔር አብ ካልዕ በግእዝ,እግዚአብሔር አብ,"[(1, 13), (2, 13), (3, 13), (4, 13), (5, 13), (6, 13), (7, 13), (8, 13), (9, 13), (10, 13), (11, 13), (12, 13)]","[(1, 13), (2, 13), (3, 13), (4, 13), (5, 13), (6, 13), (7, 13), (8, 13), (9, 13), (10, 13), (11, 13), (12, 13)]",[],[],CORRECT
GZ-MEL-141,መልክዐ ኪዳነ ምሕረት በግእዝ,ኪዳነ ምሕረት,"[(1, 16), (2, 16), (3, 16), (4, 16), (6, 16), (7, 16), (8, 16), (9, 16), (10, 16), (11, 16), (12, 16)]","[(1, 16), (2, 16), (3, 16), (4, 16), (5, 16), (6, 16), (7, 16), (8, 16), (9, 16), (10, 16), (11, 16), (12, 16)]",[],"[(5, 16)]",MISMATCH
GZ-MEL-145,መልክዐ ዓቢየ እግዚእ በግእዝ,ዓቢየ እግዚእ,"[(1, 19), (2, 19), (3, 19), (4, 19), (6, 19), (7, 19), (8, 19), (10, 19), (11, 19), (12, 19)]","[(1, 19), (2, 19), (3, 19), (4, 19), (5, 19), (6, 19), (7, 19), (8, 19), (9, 19), (10, 19), (11, 19), (12, 10), (12, 13), (12, 19)]",[],"[(5, 19), (9, 19), (12, 10), (12, 13)]",MISMATCH
GZ-MEL-149,መልክዐ ዮሐንስ ወልደ ነጎድጓድ በግእዝ,ዮሐንስ ወልደ ነጎድጓድ,"[(6, 4)]","[(1, 4), (1, 29), (2, 4), (3, 4), (4, 4), (5, 4), (6, 4), (7, 4), (8, 4), (9, 4), (9, 16), (10, 4), (11, 4), (11, 27), (12, 4)]",[],"[(1, 4), (1, 29), (2, 4), (3, 4), (4, 4), (5, 4), (7, 4), (8, 4), (9, 4), (9, 16), (10, 4), (11, 4), (11, 27), (12, 4)]",MISMATCH
GZ-MEL-151,መልክዐ ገብረ መንፈስ ቅዱስ በግእዝ,ገብረ መንፈስ ቅዱስ,"[(1, 5), (2, 5), (3, 5), (4, 5), (4, 29), (5, 5), (6, 5), (7, 29), (9, 5), (11, 5), (12, 5)]","[(1, 5), (2, 5), (3, 5), (4, 5), (4, 29), (5, 5), (6, 5), (7, 5), (7, 29), (8, 5), (9, 5), (10, 5), (11, 5), (12, 5)]",[],"[(7, 5), (8, 5), (10, 5)]",MISMATCH
GZ-MEL-152,መልክዐ ገብረ መንፈስ ቅዱስ ካልዕ በግእዝ,ገብረ መንፈስ ቅዱስ,"[(1, 5), (2, 5), (3, 5), (4, 5), (4, 29), (5, 5), (6, 5), (7, 29), (9, 5), (11, 5), (12, 5)]","[(1, 5), (2, 5), (3, 5), (4, 5), (4, 29), (5, 5), (6, 5), (7, 5), (7, 29), (8, 5), (9, 5), (10, 5), (11, 5), (12, 5)]",[],"[(7, 5), (8, 5), (10, 5)]",MISMATCH
GZ-MEL-159,መልክዐ ጸበለ ማርያም ቅድስት በግእዝ,ጸበለ ማርያም,"[(2, 24)]","[(1, 24), (2, 24), (3, 24), (4, 24), (5, 24), (6, 24), (7, 24), (8, 24), (9, 24), (10, 24), (11, 24), (12, 24)]",[],"[(1, 24), (3, 24), (4, 24), (5, 24), (6, 24), (7, 24), (8, 24), (9, 24), (10, 24), (11, 24), (12, 24)]",MISMATCH
GZ-MEL-164,መልክዐ ፬ቱ እንስሳ በግእዝ,፬ቱ እንስሳ,"[(3, 8), (4, 8)]","[(1, 8), (2, 8), (3, 8), (4, 8), (5, 8), (6, 8), (7, 8), (8, 8), (9, 8), (10, 8), (11, 8), (12, 8)]",[],"[(1, 8), (2, 8), (5, 8), (6, 8), (7, 8), (8, 8), (9, 8), (10, 8), (11, 8), (12, 8)]",MISMATCH
GZ-TSE-007,ጸሎቱ ለጴጥሮስ በግእዝ,ጴጥሮስ,"[(6, 9)]","[(1, 5), (2, 5), (3, 5), (4, 1), (4, 5), (5, 5), (6, 5), (6, 9), (7, 5), (8, 5), (9, 5), (10, 5), (10, 21), (11, 5), (12, 5), (12, 7)]",[],"[(1, 5), (2, 5), (3, 5), (4, 1), (4, 5), (5, 5), (6, 5), (7, 5), (8, 5), (9, 5), (10, 5), (10, 21), (11, 5), (12, 5), (12, 7)]",MISMATCH
AM-GDL-002,ገድለ ማርያም እንተ ዕፍረት በአማርኛ,ማርያም እንተ ዕፍረት,"[(2, 1), (6, 6)]","[(2, 1), (6, 6)]",[],[],CORRECT
AM-GDL-003,ገድለ ማርያም መግደላዊት በአማርኛ,ማርያም መግደላዊት,"[(7, 29), (12, 6)]","[(7, 29), (12, 6)]",[],[],CORRECT
AM-GDL-004,ገድለ ተክለ ሃይማኖት በአማርኛ,ተክለ ሃይማኖት,"[(1, 24), (2, 24), (3, 24), (4, 24), (5, 24), (6, 24), (7, 24), (8, 24), (9, 24), (10, 24), (11, 24), (12, 24)]","[(1, 24), (2, 24), (3, 24), (4, 24), (5, 24), (6, 24), (7, 24), (8, 22), (8, 24), (9, 12), (9, 24), (10, 24), (11, 24), (12, 24)]",[],"[(8, 22), (9, 12)]",MISMATCH
AM-DRS-001,የቅዱስ ኢያቄምና- የቅድስት ሐና ድርሳን በአማርኛ,ኢያቄም,"[(8, 7)]","[(1, 1), (1, 3), (1, 7), (1, 11), (1, 12), (2, 1), (2, 3), (2, 11), (3, 1), (3, 3), (3, 11), (4, 1), (4, 3), (4, 11), (4, 13), (5, 1), (5, 3), (5, 11), (6, 1), (6, 3), (6, 11), (7, 1), (7, 3), (7, 11), (8, 1), (8, 3), (8, 7), (8, 11), (9, 1), (9, 3), (9, 11), (10, 1), (10, 3), (10, 11), (11, 1), (11, 3), (11, 11), (12, 1), (12, 3), (12, 7), (12, 11)]",[],"[(1, 1), (1, 3), (1, 7), (1, 11), (1, 12), (2, 1), (2, 3), (2, 11), (3, 1), (3, 3), (3, 11), (4, 1), (4, 3), (4, 11), (4, 13), (5, 1), (5, 3), (5, 11), (6, 1), (6, 3), (6, 11), (7, 1), (7, 3), (7, 11), (8, 1), (8, 3), (8, 11), (9, 1), (9, 3), (9, 11), (10, 1), (10, 3), (10, 11), (11, 1), (11, 3), (11, 11), (12, 1), (12, 3), (12, 7), (12, 11)]",MISMATCH
AM-GDL-006,የአባ በግዑ ገድል በአማርኛ,በግዑ,"[(4, 27)]","[(4, 27)]",[],[],CORRECT
GZ-DRS-005,ድርሳነ መድኃኔ ዓለም በግእዝ,መድኃኔ ዓለም,"[(12, 27)]","[(1, 27), (2, 27), (3, 27), (4, 27), (5, 27), (6, 27), (7, 27), (8, 27), (9, 27), (10, 27), (11, 27), (12, 27)]",[],"[(1, 27), (2, 27), (3, 27), (4, 27), (5, 27), (6, 27), (7, 27), (8, 27), (9, 27), (10, 27), (11, 27)]",MISMATCH
AM-GDL-007,ገድለ አቡነ ገብረ መንፈስ ቅዱስ በአማርኛ,ገብረ መንፈስ ቅዱስ,"[(1, 5), (2, 5), (3, 5), (4, 5), (4, 29), (5, 5), (6, 5), (7, 29), (9, 5), (11, 5), (12, 5)]","[(1, 5), (2, 5), (3, 5), (4, 5), (4, 29), (5, 5), (6, 5), (7, 5), (7, 29), (8, 5), (9, 5), (10, 5), (11, 5), (12, 5)]",[],"[(7, 5), (8, 5), (10, 5)]",MISMATCH
GZ-GDL-008,ገድለ ቅዱስ ዞሲማስ በግእዝ,ዞሲማስ,"[(3, 9), (4, 9), (5, 9)]","[(1, 9), (2, 9), (3, 9), (4, 9), (5, 9), (6, 9), (7, 9), (8, 9), (9, 9), (10, 9), (11, 9), (12, 9)]",[],"[(1, 9), (2, 9), (6, 9), (7, 9), (8, 9), (9, 9), (10, 9), (11, 9), (12, 9)]",MISMATCH
AM-GDL-009,ገድለ ቅዱስ እስጢፋኖስ አማርኛ,እስጢፋኖስ,"[(5, 17)]","[(1, 15), (1, 17), (2, 17), (3, 17), (4, 17), (5, 1), (5, 17), (6, 17), (7, 17), (8, 17), (9, 17), (10, 17), (11, 17), (12, 17)]",[],"[(1, 15), (1, 17), (2, 17), (3, 17), (4, 17), (5, 1), (6, 17), (7, 17), (8, 17), (9, 17), (10, 17), (11, 17), (12, 17)]",MISMATCH
GZ-GDL-010,ገድለ ቅዱስ ዮስጦስ በግእዝ,ዮስጦስ,"[(6, 10)]","[(6, 10), (11, 17)]",[],"[(11, 17)]",MISMATCH
AM-GDL-014,የአቡነ እስትንፋሰ ክርስቶስ ገድል በአማርኛ,እስትንፋሰ ክርስቶስ,"[(1, 9), (2, 9), (3, 9), (4, 9), (5, 9), (7, 9), (9, 9), (10, 9), (11, 9), (12, 9)]","[(1, 9), (2, 9), (3, 9), (4, 9), (5, 9), (6, 9), (7, 9), (8, 9), (9, 9), (10, 9), (11, 9), (12, 9)]",[],"[(6, 9), (8, 9)]",MISMATCH
AM-GDL-016,ገድለ አቡነ አረጋዊ በአማርኛ,አረጋዊ,"[(1, 14), (2, 14), (3, 14), (4, 14), (5, 14), (6, 14), (7, 14), (8, 14), (9, 14), (10, 14), (11, 14), (12, 14)]","[(1, 14), (2, 14), (3, 14), (4, 14), (5, 14), (6, 14), (7, 14), (8, 14), (9, 14), (10, 14), (11, 14), (12, 14)]",[],[],CORRECT
GZ-GDL-016,ገድለ አቡነ ኪሮስ በግእዝ,ኪሮስ,"[(1, 8), (2, 8), (3, 8), (5, 8), (6, 8), (7, 8), (8, 8), (9, 8), (10, 8), (12, 8)]","[(1, 8), (2, 8), (3, 8), (4, 8), (5, 8), (6, 8), (7, 8), (8, 8), (9, 8), (10, 8), (11, 8), (12, 8)]",[],"[(4, 8), (11, 8)]",MISMATCH
AM-GDL-017,ገድለ አቡነ ገሪማ በአማርኛ,ገሪማ,"[(3, 17), (5, 17)]","[(1, 17), (2, 17), (3, 17), (4, 17), (5, 17), (6, 17), (7, 17), (8, 17), (9, 17), (10, 17), (11, 17), (12, 17)]",[],"[(1, 17), (2, 17), (4, 17), (6, 17), (7, 17), (8, 17), (9, 17), (10, 17), (11, 17), (12, 17)]",MISMATCH
AM-DRS-004,ድርሳነ መድኃኔ ዓለም በአማርኛ,መድኃኔ ዓለም,"[(12, 27)]","[(1, 27), (2, 27), (3, 27), (4, 27), (5, 27), (6, 27), (7, 27), (8, 27), (9, 27), (10, 27), (11, 27), (12, 27)]",[],"[(1, 27), (2, 27), (3, 27), (4, 27), (5, 27), (6, 27), (7, 27), (8, 27), (9, 27), (10, 27), (11, 27)]",MISMATCH
GZ-GDL-017,ገድለ አቡነ ተክለ ሐዋርያት በግእዝ,ተክለ ሐዋርያት,"[(3, 27)]","[(3, 27)]",[],[],CORRECT
GZ-DRS-007,ድርሳን ዘቅዱስ ኢያቄም ወቅድስት ሐና በግእዝ,ኢያቄም,"[(8, 7)]","[(1, 1), (1, 3), (1, 7), (1, 11), (1, 12), (2, 1), (2, 3), (2, 11), (3, 1), (3, 3), (3, 11), (4, 1), (4, 3), (4, 11), (4, 13), (5, 1), (5, 3), (5, 11), (6, 1), (6, 3), (6, 11), (7, 1), (7, 3), (7, 11), (8, 1), (8, 3), (8, 7), (8, 11), (9, 1), (9, 3), (9, 11), (10, 1), (10, 3), (10, 11), (11, 1), (11, 3), (11, 11), (12, 1), (12, 3), (12, 7), (12, 11)]",[],"[(1, 1), (1, 3), (1, 7), (1, 11), (1, 12), (2, 1), (2, 3), (2, 11), (3, 1), (3, 3), (3, 11), (4, 1), (4, 3), (4, 11), (4, 13), (5, 1), (5, 3), (5, 11), (6, 1), (6, 3), (6, 11), (7, 1), (7, 3), (7, 11), (8, 1), (8, 3), (8, 11), (9, 1), (9, 3), (9, 11), (10, 1), (10, 3), (10, 11), (11, 1), (11, 3), (11, 11), (12, 1), (12, 3), (12, 7), (12, 11)]",MISMATCH
GZ-GDL-022,ገድለ ቅዱስ እስጢፋኖስ በግእዝ,እስጢፋኖስ,"[(5, 17)]","[(1, 15), (1, 17), (2, 17), (3, 17), (4, 17), (5, 1), (5, 17), (6, 17), (7, 17), (8, 17), (9, 17), (10, 17), (11, 17), (12, 17)]",[],"[(1, 15), (1, 17), (2, 17), (3, 17), (4, 17), (5, 1), (6, 17), (7, 17), (8, 17), (9, 17), (10, 17), (11, 17), (12, 17)]",MISMATCH
AM-GDL-021,ገድለ አቡነ ኪሮስ በአማርኛ,ኪሮስ,"[(1, 8), (2, 8), (3, 8), (5, 8), (6, 8), (7, 8), (8, 8), (9, 8), (10, 8), (12, 8)]","[(1, 8), (2, 8), (3, 8), (4, 8), (5, 8), (6, 8), (7, 8), (8, 8), (9, 8), (10, 8), (11, 8), (12, 8)]",[],"[(4, 8), (11, 8)]",MISMATCH
GZ-GDL-024,ገድለ አቡነ አሮን መንክራዊ ግእዝ,አሮን መንክራዊ,"[(1, 5)]","[(1, 5), (2, 5), (3, 5), (4, 5), (5, 5), (6, 5), (7, 5), (8, 5), (9, 5), (10, 5), (11, 5), (12, 5)]",[],"[(2, 5), (3, 5), (4, 5), (5, 5), (6, 5), (7, 5), (8, 5), (9, 5), (10, 5), (11, 5), (12, 5)]",MISMATCH
GZ-GDL-025,ገድለ አባ በግዑ በግእዝ,በግዑ,"[(4, 27)]","[(4, 27)]",[],[],CORRECT
AM-GDL-022,የመባዓ ጽዮን ገድል በአማርኛ,መባዓ ጽዮን,"[(2, 27), (3, 27), (4, 27)]","[(1, 27), (2, 27), (3, 27), (4, 27), (5, 27), (6, 27), (7, 27), (8, 27), (9, 27), (10, 27), (11, 27), (12, 27)]",[],"[(1, 27), (5, 27), (6, 27), (7, 27), (8, 27), (9, 27), (10, 27), (11, 27), (12, 27)]",MISMATCH
AM-GDL-023,የቅዱስ ቂርቆስና የቅድስት ኢየሉጣ ገድል በአማርኛ,ቂርቆስ,"[(4, 15)]","[(1, 15), (2, 15), (3, 15), (4, 15), (5, 15), (6, 15), (7, 15), (8, 15), (9, 15), (10, 15), (11, 15), (11, 19), (12, 15)]",[],"[(1, 15), (2, 15), (3, 15), (5, 15), (6, 15), (7, 15), (8, 15), (9, 15), (10, 15), (11, 15), (11, 19), (12, 15)]",MISMATCH
AM-GDL-024,ገድለ ቅዱስ አቡነ አቢብ በአማርኛ,አቢብ,"[(1, 25), (2, 25), (3, 25), (4, 25), (5, 25), (7, 25), (8, 15), (9, 25), (11, 25), (12, 25)]","[(1, 25), (2, 25), (3, 25), (4, 25), (5, 25), (6, 25), (7, 25), (8, 15), (8, 25), (9, 25), (10, 25), (11, 25), (12, 25)]",[],"[(6, 25), (8, 25), (10, 25)]",MISMATCH
AM-GDL-025,ገድለ ቅዱስ ዞሲማስ በአማርኛ,ዞሲማስ,"[(3, 9), (4, 9), (5, 9)]","[(1, 9), (2, 9), (3, 9), (4, 9), (5, 9), (6, 9), (7, 9), (8, 9), (9, 9), (10, 9), (11, 9), (12, 9)]",[],"[(1, 9), (2, 9), (6, 9), (7, 9), (8, 9), (9, 9), (10, 9), (11, 9), (12, 9)]",MISMATCH
AM-GDL-028,ገድለ አቡነ አሮን መንክራዊ በአማርኛ,አሮን መንክራዊ,"[(1, 5)]","[(1, 5), (2, 5), (3, 5), (4, 5), (5, 5), (6, 5), (7, 5), (8, 5), (9, 5), (10, 5), (11, 5), (12, 5)]",[],"[(2, 5), (3, 5), (4, 5), (5, 5), (6, 5), (7, 5), (8, 5), (9, 5), (10, 5), (11, 5), (12, 5)]",MISMATCH
