batch,section,group,book_id,title,language,ethiopian_month,ethiopian_day,date_name,expected_is_annual,db_is_annual,kind,flag_match
Batch1,B,አባ በግዑ,GZ-GDL-025,ገድለ አባ በግዑ በግእዝ,ግእዝ,4,27,ታኅሣሥ 27,1,1,ANNUAL,YES
Batch1,B,አባ በግዑ,AM-GDL-006,የአባ በግዑ ገድል በአማርኛ,አማርኛ,4,27,ታኅሣሥ 27,1,1,ANNUAL,YES
Batch1,B,ቅዱስ ፊቅጦር,GZ-GDL-027,ገድለ ቅዱስ ፊቅጦር በግእዝ,ግእዝ,1,27,መስከረም 27,0,0,MONTHLY,YES
Batch1,B,ቅዱስ ፊቅጦር,GZ-GDL-027,ገድለ ቅዱስ ፊቅጦር በግእዝ,ግእዝ,2,27,ጥቅምት 27,0,0,MONTHLY,YES
Batch1,B,ቅዱስ ፊቅጦር,GZ-GDL-027,ገድለ ቅዱስ ፊቅጦር በግእዝ,ግእዝ,3,27,ኅዳር 27,0,0,MONTHLY,YES
Batch1,B,ቅዱስ ፊቅጦር,GZ-GDL-027,ገድለ ቅዱስ ፊቅጦር በግእዝ,ግእዝ,4,5,ታኅሣሥ 5,1,1,ANNUAL,YES
Batch1,B,ቅዱስ ፊቅጦር,GZ-GDL-027,ገድለ ቅዱስ ፊቅጦር በግእዝ,ግእዝ,4,27,ታኅሣሥ 27,0,0,MONTHLY,YES
Batch1,B,ቅዱስ ፊቅጦር,GZ-GDL-027,ገድለ ቅዱስ ፊቅጦር በግእዝ,ግእዝ,5,27,ጥር 27,0,0,MONTHLY,YES
Batch1,B,ቅዱስ ፊቅጦር,GZ-GDL-027,ገድለ ቅዱስ ፊቅጦር በግእዝ,ግእዝ,6,13,የካቲት 13,1,1,ANNUAL,YES
Batch1,B,ቅዱስ ፊቅጦር,GZ-GDL-027,ገድለ ቅዱስ ፊቅጦር በግእዝ,ግእዝ,6,27,የካቲት 27,0,0,MONTHLY,YES
Batch1,B,ቅዱስ ፊቅጦር,GZ-GDL-027,ገድለ ቅዱስ ፊቅጦር በግእዝ,ግእዝ,7,27,መጋቢት 27,0,0,MONTHLY,YES
Batch1,B,ቅዱስ ፊቅጦር,GZ-GDL-027,ገድለ ቅዱስ ፊቅጦር በግእዝ,ግእዝ,8,27,ሚያዝያ 27,1,1,ANNUAL+MONTHLY,YES
Batch1,B,ቅዱስ ፊቅጦር,GZ-GDL-027,ገድለ ቅዱስ ፊቅጦር በግእዝ,ግእዝ,9,27,ግንቦት 27,0,0,MONTHLY,YES
Batch1,B,ቅዱስ ፊቅጦር,GZ-GDL-027,ገድለ ቅዱስ ፊቅጦር በግእዝ,ግእዝ,10,27,ሰኔ 27,0,0,MONTHLY,YES
Batch1,B,ቅዱስ ፊቅጦር,GZ-GDL-027,ገድለ ቅዱስ ፊቅጦር በግእዝ,ግእዝ,11,27,ሐምሌ 27,0,0,MONTHLY,YES
Batch1,B,ቅዱስ ፊቅጦር,GZ-GDL-027,ገድለ ቅዱስ ፊቅጦር በግእዝ,ግእዝ,12,27,ነሐሴ 27,0,0,MONTHLY,YES
Batch1,B,ቅዱስ ፊቅጦር,AM-GDL-029,ገድለ ቅዱስ ፊቅጦር በአማርኛ,አማርኛ,1,27,መስከረም 27,0,0,MONTHLY,YES
Batch1,B,ቅዱስ ፊቅጦር,AM-GDL-029,ገድለ ቅዱስ ፊቅጦር በአማርኛ,አማርኛ,2,27,ጥቅምት 27,0,0,MONTHLY,YES
Batch1,B,ቅዱስ ፊቅጦር,AM-GDL-029,ገድለ ቅዱስ ፊቅጦር በአማርኛ,አማርኛ,3,27,ኅዳር 27,0,0,MONTHLY,YES
Batch1,B,ቅዱስ ፊቅጦር,AM-GDL-029,ገድለ ቅዱስ ፊቅጦር በአማርኛ,አማርኛ,4,5,ታኅሣሥ 5,1,1,ANNUAL,YES
Batch1,B,ቅዱስ ፊቅጦር,AM-GDL-029,ገድለ ቅዱስ ፊቅጦር በአማርኛ,አማርኛ,4,27,ታኅሣሥ 27,0,0,MONTHLY,YES
Batch1,B,ቅዱስ ፊቅጦር,AM-GDL-029,ገድለ ቅዱስ ፊቅጦር በአማርኛ,አማርኛ,5,27,ጥር 27,0,0,MONTHLY,YES
Batch1,B,ቅዱስ ፊቅጦር,AM-GDL-029,ገድለ ቅዱስ ፊቅጦር በአማርኛ,አማርኛ,6,13,የካቲት 13,1,1,ANNUAL,YES
Batch1,B,ቅዱስ ፊቅጦር,AM-GDL-029,ገድለ ቅዱስ ፊቅጦር በአማርኛ,አማርኛ,6,27,የካቲት 27,0,0,MONTHLY,YES
Batch1,B,ቅዱስ ፊቅጦር,AM-GDL-029,ገድለ ቅዱስ ፊቅጦር በአማርኛ,አማርኛ,7,27,መጋቢት 27,0,0,MONTHLY,YES
Batch1,B,ቅዱስ ፊቅጦር,AM-GDL-029,ገድለ ቅዱስ ፊቅጦር በአማርኛ,አማርኛ,8,27,ሚያዝያ 27,1,1,ANNUAL+MONTHLY,YES
Batch1,B,ቅዱስ ፊቅጦር,AM-GDL-029,ገድለ ቅዱስ ፊቅጦር በአማርኛ,አማርኛ,9,27,ግንቦት 27,0,0,MONTHLY,YES
Batch1,B,ቅዱስ ፊቅጦር,AM-GDL-029,ገድለ ቅዱስ ፊቅጦር በአማርኛ,አማርኛ,10,27,ሰኔ 27,0,0,MONTHLY,YES
Batch1,B,ቅዱስ ፊቅጦር,AM-GDL-029,ገድለ ቅዱስ ፊቅጦር በአማርኛ,አማርኛ,11,27,ሐምሌ 27,0,0,MONTHLY,YES
Batch1,B,ቅዱስ ፊቅጦር,AM-GDL-029,ገድለ ቅዱስ ፊቅጦር በአማርኛ,አማርኛ,12,27,ነሐሴ 27,0,0,MONTHLY,YES
Batch1,B,ቅዱስ ፊቅጦር,GZ-MEL-162,መልክዐ ፊቅጦር በግእዝ,ግእዝ,1,27,መስከረም 27,0,0,MONTHLY,YES
Batch1,B,ቅዱስ ፊቅጦር,GZ-MEL-162,መልክዐ ፊቅጦር በግእዝ,ግእዝ,2,27,ጥቅምት 27,0,0,MONTHLY,YES
Batch1,B,ቅዱስ ፊቅጦር,GZ-MEL-162,መልክዐ ፊቅጦር በግእዝ,ግእዝ,3,27,ኅዳር 27,0,0,MONTHLY,YES
Batch1,B,ቅዱስ ፊቅጦር,GZ-MEL-162,መልክዐ ፊቅጦር በግእዝ,ግእዝ,4,5,ታኅሣሥ 5,1,1,ANNUAL,YES
Batch1,B,ቅዱስ ፊቅጦር,GZ-MEL-162,መልክዐ ፊቅጦር በግእዝ,ግእዝ,4,27,ታኅሣሥ 27,0,0,MONTHLY,YES
Batch1,B,ቅዱስ ፊቅጦር,GZ-MEL-162,መልክዐ ፊቅጦር በግእዝ,ግእዝ,5,27,ጥር 27,0,0,MONTHLY,YES
Batch1,B,ቅዱስ ፊቅጦር,GZ-MEL-162,መልክዐ ፊቅጦር በግእዝ,ግእዝ,6,13,የካቲት 13,1,1,ANNUAL,YES
Batch1,B,ቅዱስ ፊቅጦር,GZ-MEL-162,መልክዐ ፊቅጦር በግእዝ,ግእዝ,6,27,የካቲት 27,0,0,MONTHLY,YES
Batch1,B,ቅዱስ ፊቅጦር,GZ-MEL-162,መልክዐ ፊቅጦር በግእዝ,ግእዝ,7,27,መጋቢት 27,0,0,MONTHLY,YES
Batch1,B,ቅዱስ ፊቅጦር,GZ-MEL-162,መልክዐ ፊቅጦር በግእዝ,ግእዝ,8,27,ሚያዝያ 27,1,1,ANNUAL+MONTHLY,YES
Batch1,B,ቅዱስ ፊቅጦር,GZ-MEL-162,መልክዐ ፊቅጦር በግእዝ,ግእዝ,9,27,ግንቦት 27,0,0,MONTHLY,YES
Batch1,B,ቅዱስ ፊቅጦር,GZ-MEL-162,መልክዐ ፊቅጦር በግእዝ,ግእዝ,10,27,ሰኔ 27,0,0,MONTHLY,YES
Batch1,B,ቅዱስ ፊቅጦር,GZ-MEL-162,መልክዐ ፊቅጦር በግእዝ,ግእዝ,11,27,ሐምሌ 27,0,0,MONTHLY,YES
Batch1,B,ቅዱስ ፊቅጦር,GZ-MEL-162,መልክዐ ፊቅጦር በግእዝ,ግእዝ,12,27,ነሐሴ 27,0,0,MONTHLY,YES
Batch1,B,አቡነ አቢብ,AM-GDL-024,ገድለ ቅዱስ አቡነ አቢብ በአማርኛ,አማርኛ,1,25,መስከረም 25,0,0,MONTHLY,YES
Batch1,B,አቡነ አቢብ,AM-GDL-024,ገድለ ቅዱስ አቡነ አቢብ በአማርኛ,አማርኛ,2,25,ጥቅምት 25,1,1,ANNUAL+MONTHLY,YES
Batch1,B,አቡነ አቢብ,AM-GDL-024,ገድለ ቅዱስ አቡነ አቢብ በአማርኛ,አማርኛ,3,25,ኅዳር 25,0,0,MONTHLY,YES
Batch1,B,አቡነ አቢብ,AM-GDL-024,ገድለ ቅዱስ አቡነ አቢብ በአማርኛ,አማርኛ,4,25,ታኅሣሥ 25,0,0,MONTHLY,YES
Batch1,B,አቡነ አቢብ,AM-GDL-024,ገድለ ቅዱስ አቡነ አቢብ በአማርኛ,አማርኛ,5,25,ጥር 25,0,0,MONTHLY,YES
Batch1,B,አቡነ አቢብ,AM-GDL-024,ገድለ ቅዱስ አቡነ አቢብ በአማርኛ,አማርኛ,6,25,የካቲት 25,0,0,MONTHLY,YES
Batch1,B,አቡነ አቢብ,AM-GDL-024,ገድለ ቅዱስ አቡነ አቢብ በአማርኛ,አማርኛ,7,25,መጋቢት 25,0,0,MONTHLY,YES
Batch1,B,አቡነ አቢብ,AM-GDL-024,ገድለ ቅዱስ አቡነ አቢብ በአማርኛ,አማርኛ,8,15,ሚያዝያ 15,1,1,ANNUAL,YES
Batch1,B,አቡነ አቢብ,AM-GDL-024,ገድለ ቅዱስ አቡነ አቢብ በአማርኛ,አማርኛ,8,25,ሚያዝያ 25,0,0,MONTHLY,YES
Batch1,B,አቡነ አቢብ,AM-GDL-024,ገድለ ቅዱስ አቡነ አቢብ በአማርኛ,አማርኛ,9,25,ግንቦት 25,0,0,MONTHLY,YES
Batch1,B,አቡነ አቢብ,AM-GDL-024,ገድለ ቅዱስ አቡነ አቢብ በአማርኛ,አማርኛ,10,25,ሰኔ 25,0,0,MONTHLY,YES
Batch1,B,አቡነ አቢብ,AM-GDL-024,ገድለ ቅዱስ አቡነ አቢብ በአማርኛ,አማርኛ,11,25,ሐምሌ 25,0,0,MONTHLY,YES
Batch1,B,አቡነ አቢብ,AM-GDL-024,ገድለ ቅዱስ አቡነ አቢብ በአማርኛ,አማርኛ,12,25,ነሐሴ 25,0,0,MONTHLY,YES
Batch1,B,አቡነ አቢብ,AM-MEL-003,መልክዐ ለአቡነ አቢብ ጻድቅ በአማርኛ,አማርኛ,1,25,መስከረም 25,0,0,MONTHLY,YES
Batch1,B,አቡነ አቢብ,AM-MEL-003,መልክዐ ለአቡነ አቢብ ጻድቅ በአማርኛ,አማርኛ,2,25,ጥቅምት 25,1,1,ANNUAL+MONTHLY,YES
Batch1,B,አቡነ አቢብ,AM-MEL-003,መልክዐ ለአቡነ አቢብ ጻድቅ በአማርኛ,አማርኛ,3,25,ኅዳር 25,0,0,MONTHLY,YES
Batch1,B,አቡነ አቢብ,AM-MEL-003,መልክዐ ለአቡነ አቢብ ጻድቅ በአማርኛ,አማርኛ,4,25,ታኅሣሥ 25,0,0,MONTHLY,YES
Batch1,B,አቡነ አቢብ,AM-MEL-003,መልክዐ ለአቡነ አቢብ ጻድቅ በአማርኛ,አማርኛ,5,25,ጥር 25,0,0,MONTHLY,YES
Batch1,B,አቡነ አቢብ,AM-MEL-003,መልክዐ ለአቡነ አቢብ ጻድቅ በአማርኛ,አማርኛ,6,25,የካቲት 25,0,0,MONTHLY,YES
Batch1,B,አቡነ አቢብ,AM-MEL-003,መልክዐ ለአቡነ አቢብ ጻድቅ በአማርኛ,አማርኛ,7,25,መጋቢት 25,0,0,MONTHLY,YES
Batch1,B,አቡነ አቢብ,AM-MEL-003,መልክዐ ለአቡነ አቢብ ጻድቅ በአማርኛ,አማርኛ,8,15,ሚያዝያ 15,1,1,ANNUAL,YES
Batch1,B,አቡነ አቢብ,AM-MEL-003,መልክዐ ለአቡነ አቢብ ጻድቅ በአማርኛ,አማርኛ,8,25,ሚያዝያ 25,0,0,MONTHLY,YES
Batch1,B,አቡነ አቢብ,AM-MEL-003,መልክዐ ለአቡነ አቢብ ጻድቅ በአማርኛ,አማርኛ,9,25,ግንቦት 25,0,0,MONTHLY,YES
Batch1,B,አቡነ አቢብ,AM-MEL-003,መልክዐ ለአቡነ አቢብ ጻድቅ በአማርኛ,አማርኛ,10,25,ሰኔ 25,0,0,MONTHLY,YES
Batch1,B,አቡነ አቢብ,AM-MEL-003,መልክዐ ለአቡነ አቢብ ጻድቅ በአማርኛ,አማርኛ,11,25,ሐምሌ 25,0,0,MONTHLY,YES
Batch1,B,አቡነ አቢብ,AM-MEL-003,መልክዐ ለአቡነ አቢብ ጻድቅ በአማርኛ,አማርኛ,12,25,ነሐሴ 25,0,0,MONTHLY,YES
Batch1,B,አቡነ አቢብ,GZ-MEL-095,መልክዐ አቡነ አቢብ በግእዝ,ግእዝ,1,25,መስከረም 25,0,0,MONTHLY,YES
Batch1,B,አቡነ አቢብ,GZ-MEL-095,መልክዐ አቡነ አቢብ በግእዝ,ግእዝ,2,25,ጥቅምት 25,1,1,ANNUAL+MONTHLY,YES
Batch1,B,አቡነ አቢብ,GZ-MEL-095,መልክዐ አቡነ አቢብ በግእዝ,ግእዝ,3,25,ኅዳር 25,0,0,MONTHLY,YES
Batch1,B,አቡነ አቢብ,GZ-MEL-095,መልክዐ አቡነ አቢብ በግእዝ,ግእዝ,4,25,ታኅሣሥ 25,0,0,MONTHLY,YES
Batch1,B,አቡነ አቢብ,GZ-MEL-095,መልክዐ አቡነ አቢብ በግእዝ,ግእዝ,5,25,ጥር 25,0,0,MONTHLY,YES
Batch1,B,አቡነ አቢብ,GZ-MEL-095,መልክዐ አቡነ አቢብ በግእዝ,ግእዝ,6,25,የካቲት 25,0,0,MONTHLY,YES
Batch1,B,አቡነ አቢብ,GZ-MEL-095,መልክዐ አቡነ አቢብ በግእዝ,ግእዝ,7,25,መጋቢት 25,0,0,MONTHLY,YES
Batch1,B,አቡነ አቢብ,GZ-MEL-095,መልክዐ አቡነ አቢብ በግእዝ,ግእዝ,8,15,ሚያዝያ 15,1,1,ANNUAL,YES
Batch1,B,አቡነ አቢብ,GZ-MEL-095,መልክዐ አቡነ አቢብ በግእዝ,ግእዝ,8,25,ሚያዝያ 25,0,0,MONTHLY,YES
Batch1,B,አቡነ አቢብ,GZ-MEL-095,መልክዐ አቡነ አቢብ በግእዝ,ግእዝ,9,25,ግንቦት 25,0,0,MONTHLY,YES
Batch1,B,አቡነ አቢብ,GZ-MEL-095,መልክዐ አቡነ አቢብ በግእዝ,ግእዝ,10,25,ሰኔ 25,0,0,MONTHLY,YES
Batch1,B,አቡነ አቢብ,GZ-MEL-095,መልክዐ አቡነ አቢብ በግእዝ,ግእዝ,11,25,ሐምሌ 25,0,0,MONTHLY,YES
Batch1,B,አቡነ አቢብ,GZ-MEL-095,መልክዐ አቡነ አቢብ በግእዝ,ግእዝ,12,25,ነሐሴ 25,0,0,MONTHLY,YES
Batch1,B,አቡነ አቢብ,GZ-MEL-144,መልክዐ ዐቢብ ካልዕ በግእዝ,ግእዝ,1,25,መስከረም 25,0,0,MONTHLY,YES
Batch1,B,አቡነ አቢብ,GZ-MEL-144,መልክዐ ዐቢብ ካልዕ በግእዝ,ግእዝ,2,25,ጥቅምት 25,1,1,ANNUAL+MONTHLY,YES
Batch1,B,አቡነ አቢብ,GZ-MEL-144,መልክዐ ዐቢብ ካልዕ በግእዝ,ግእዝ,3,25,ኅዳር 25,0,0,MONTHLY,YES
Batch1,B,አቡነ አቢብ,GZ-MEL-144,መልክዐ ዐቢብ ካልዕ በግእዝ,ግእዝ,4,25,ታኅሣሥ 25,0,0,MONTHLY,YES
Batch1,B,አቡነ አቢብ,GZ-MEL-144,መልክዐ ዐቢብ ካልዕ በግእዝ,ግእዝ,5,25,ጥር 25,0,0,MONTHLY,YES
Batch1,B,አቡነ አቢብ,GZ-MEL-144,መልክዐ ዐቢብ ካልዕ በግእዝ,ግእዝ,6,25,የካቲት 25,0,0,MONTHLY,YES
Batch1,B,አቡነ አቢብ,GZ-MEL-144,መልክዐ ዐቢብ ካልዕ በግእዝ,ግእዝ,7,25,መጋቢት 25,0,0,MONTHLY,YES
Batch1,B,አቡነ አቢብ,GZ-MEL-144,መልክዐ ዐቢብ ካልዕ በግእዝ,ግእዝ,8,15,ሚያዝያ 15,1,1,ANNUAL,YES
Batch1,B,አቡነ አቢብ,GZ-MEL-144,መልክዐ ዐቢብ ካልዕ በግእዝ,ግእዝ,8,25,ሚያዝያ 25,0,0,MONTHLY,YES
Batch1,B,አቡነ አቢብ,GZ-MEL-144,መልክዐ ዐቢብ ካልዕ በግእዝ,ግእዝ,9,25,ግንቦት 25,0,0,MONTHLY,YES
Batch1,B,አቡነ አቢብ,GZ-MEL-144,መልክዐ ዐቢብ ካልዕ በግእዝ,ግእዝ,10,25,ሰኔ 25,0,0,MONTHLY,YES
Batch1,B,አቡነ አቢብ,GZ-MEL-144,መልክዐ ዐቢብ ካልዕ በግእዝ,ግእዝ,11,25,ሐምሌ 25,0,0,MONTHLY,YES
Batch1,B,አቡነ አቢብ,GZ-MEL-144,መልክዐ ዐቢብ ካልዕ በግእዝ,ግእዝ,12,25,ነሐሴ 25,0,0,MONTHLY,YES
Batch1,B,አቡነ አቢብ,AM-MEL-059,የአቡነ አቢብ መልክዕ በአማርኛ,አማርኛ,1,25,መስከረም 25,0,0,MONTHLY,YES
Batch1,B,አቡነ አቢብ,AM-MEL-059,የአቡነ አቢብ መልክዕ በአማርኛ,አማርኛ,2,25,ጥቅምት 25,1,1,ANNUAL+MONTHLY,YES
Batch1,B,አቡነ አቢብ,AM-MEL-059,የአቡነ አቢብ መልክዕ በአማርኛ,አማርኛ,3,25,ኅዳር 25,0,0,MONTHLY,YES
Batch1,B,አቡነ አቢብ,AM-MEL-059,የአቡነ አቢብ መልክዕ በአማርኛ,አማርኛ,4,25,ታኅሣሥ 25,0,0,MONTHLY,YES
Batch1,B,አቡነ አቢብ,AM-MEL-059,የአቡነ አቢብ መልክዕ በአማርኛ,አማርኛ,5,25,ጥር 25,0,0,MONTHLY,YES
Batch1,B,አቡነ አቢብ,AM-MEL-059,የአቡነ አቢብ መልክዕ በአማርኛ,አማርኛ,6,25,የካቲት 25,0,0,MONTHLY,YES
Batch1,B,አቡነ አቢብ,AM-MEL-059,የአቡነ አቢብ መልክዕ በአማርኛ,አማርኛ,7,25,መጋቢት 25,0,0,MONTHLY,YES
Batch1,B,አቡነ አቢብ,AM-MEL-059,የአቡነ አቢብ መልክዕ በአማርኛ,አማርኛ,8,15,ሚያዝያ 15,1,1,ANNUAL,YES
Batch1,B,አቡነ አቢብ,AM-MEL-059,የአቡነ አቢብ መልክዕ በአማርኛ,አማርኛ,8,25,ሚያዝያ 25,0,0,MONTHLY,YES
Batch1,B,አቡነ አቢብ,AM-MEL-059,የአቡነ አቢብ መልክዕ በአማርኛ,አማርኛ,9,25,ግንቦት 25,0,0,MONTHLY,YES
Batch1,B,አቡነ አቢብ,AM-MEL-059,የአቡነ አቢብ መልክዕ በአማርኛ,አማርኛ,10,25,ሰኔ 25,0,0,MONTHLY,YES
Batch1,B,አቡነ አቢብ,AM-MEL-059,የአቡነ አቢብ መልክዕ በአማርኛ,አማርኛ,11,25,ሐምሌ 25,0,0,MONTHLY,YES
Batch1,B,አቡነ አቢብ,AM-MEL-059,የአቡነ አቢብ መልክዕ በአማርኛ,አማርኛ,12,25,ነሐሴ 25,0,0,MONTHLY,YES
Batch1,B,ኤልያስ ነቢይ,AM-DRS-005,ድርሳነ ኤልያስ ነቢይ በአማርኛ,አማርኛ,1,6,መስከረም 6,0,0,MONTHLY,YES
Batch1,B,ኤልያስ ነቢይ,AM-DRS-005,ድርሳነ ኤልያስ ነቢይ በአማርኛ,አማርኛ,2,6,ጥቅምት 6,0,0,MONTHLY,YES
Batch1,B,ኤልያስ ነቢይ,AM-DRS-005,ድርሳነ ኤልያስ ነቢይ በአማርኛ,አማርኛ,3,6,ኅዳር 6,0,0,MONTHLY,YES
Batch1,B,ኤልያስ ነቢይ,AM-DRS-005,ድርሳነ ኤልያስ ነቢይ በአማርኛ,አማርኛ,4,1,ታኅሣሥ 1,1,1,ANNUAL,YES
Batch1,B,ኤልያስ ነቢይ,AM-DRS-005,ድርሳነ ኤልያስ ነቢይ በአማርኛ,አማርኛ,4,6,ታኅሣሥ 6,0,0,MONTHLY,YES
Batch1,B,ኤልያስ ነቢይ,AM-DRS-005,ድርሳነ ኤልያስ ነቢይ በአማርኛ,አማርኛ,5,6,ጥር 6,1,1,ANNUAL+MONTHLY,YES
Batch1,B,ኤልያስ ነቢይ,AM-DRS-005,ድርሳነ ኤልያስ ነቢይ በአማርኛ,አማርኛ,6,6,የካቲት 6,0,0,MONTHLY,YES
Batch1,B,ኤልያስ ነቢይ,AM-DRS-005,ድርሳነ ኤልያስ ነቢይ በአማርኛ,አማርኛ,7,6,መጋቢት 6,0,0,MONTHLY,YES
Batch1,B,ኤልያስ ነቢይ,AM-DRS-005,ድርሳነ ኤልያስ ነቢይ በአማርኛ,አማርኛ,8,6,ሚያዝያ 6,0,0,MONTHLY,YES
Batch1,B,ኤልያስ ነቢይ,AM-DRS-005,ድርሳነ ኤልያስ ነቢይ በአማርኛ,አማርኛ,9,6,ግንቦት 6,0,0,MONTHLY,YES
Batch1,B,ኤልያስ ነቢይ,AM-DRS-005,ድርሳነ ኤልያስ ነቢይ በአማርኛ,አማርኛ,10,6,ሰኔ 6,0,0,MONTHLY,YES
Batch1,B,ኤልያስ ነቢይ,AM-DRS-005,ድርሳነ ኤልያስ ነቢይ በአማርኛ,አማርኛ,11,6,ሐምሌ 6,0,0,MONTHLY,YES
Batch1,B,ኤልያስ ነቢይ,AM-DRS-005,ድርሳነ ኤልያስ ነቢይ በአማርኛ,አማርኛ,12,6,ነሐሴ 6,0,0,MONTHLY,YES
Batch1,B,ኤልያስ ነቢይ,AM-DRS-005,ድርሳነ ኤልያስ ነቢይ በአማርኛ,አማርኛ,12,13,ነሐሴ 13,1,1,ANNUAL,YES
Batch1,B,ኤልያስ ነቢይ,AM-DRS-005,ድርሳነ ኤልያስ ነቢይ በአማርኛ,አማርኛ,13,6,ጳጉሜን 6,0,0,MONTHLY,YES
Batch1,B,ኤልያስ ነቢይ,GZ-MEL-134,መልክዐ ኤልያስ በግእዝ,ግእዝ,1,6,መስከረም 6,0,0,MONTHLY,YES
Batch1,B,ኤልያስ ነቢይ,GZ-MEL-134,መልክዐ ኤልያስ በግእዝ,ግእዝ,2,6,ጥቅምት 6,0,0,MONTHLY,YES
Batch1,B,ኤልያስ ነቢይ,GZ-MEL-134,መልክዐ ኤልያስ በግእዝ,ግእዝ,3,6,ኅዳር 6,0,0,MONTHLY,YES
Batch1,B,ኤልያስ ነቢይ,GZ-MEL-134,መልክዐ ኤልያስ በግእዝ,ግእዝ,4,1,ታኅሣሥ 1,1,1,ANNUAL,YES
Batch1,B,ኤልያስ ነቢይ,GZ-MEL-134,መልክዐ ኤልያስ በግእዝ,ግእዝ,4,6,ታኅሣሥ 6,0,0,MONTHLY,YES
Batch1,B,ኤልያስ ነቢይ,GZ-MEL-134,መልክዐ ኤልያስ በግእዝ,ግእዝ,5,6,ጥር 6,1,1,ANNUAL+MONTHLY,YES
Batch1,B,ኤልያስ ነቢይ,GZ-MEL-134,መልክዐ ኤልያስ በግእዝ,ግእዝ,6,6,የካቲት 6,0,0,MONTHLY,YES
Batch1,B,ኤልያስ ነቢይ,GZ-MEL-134,መልክዐ ኤልያስ በግእዝ,ግእዝ,7,6,መጋቢት 6,0,0,MONTHLY,YES
Batch1,B,ኤልያስ ነቢይ,GZ-MEL-134,መልክዐ ኤልያስ በግእዝ,ግእዝ,8,6,ሚያዝያ 6,0,0,MONTHLY,YES
Batch1,B,ኤልያስ ነቢይ,GZ-MEL-134,መልክዐ ኤልያስ በግእዝ,ግእዝ,9,6,ግንቦት 6,0,0,MONTHLY,YES
Batch1,B,ኤልያስ ነቢይ,GZ-MEL-134,መልክዐ ኤልያስ በግእዝ,ግእዝ,10,6,ሰኔ 6,0,0,MONTHLY,YES
Batch1,B,ኤልያስ ነቢይ,GZ-MEL-134,መልክዐ ኤልያስ በግእዝ,ግእዝ,11,6,ሐምሌ 6,0,0,MONTHLY,YES
Batch1,B,ኤልያስ ነቢይ,GZ-MEL-134,መልክዐ ኤልያስ በግእዝ,ግእዝ,12,6,ነሐሴ 6,0,0,MONTHLY,YES
Batch1,B,ኤልያስ ነቢይ,GZ-MEL-134,መልክዐ ኤልያስ በግእዝ,ግእዝ,12,13,ነሐሴ 13,1,1,ANNUAL,YES
Batch1,B,ኤልያስ ነቢይ,GZ-MEL-134,መልክዐ ኤልያስ በግእዝ,ግእዝ,13,6,ጳጉሜን 6,0,0,MONTHLY,YES
Batch1,B,ኤልያስ ነቢይ,GZ-MEL-059,መልክዐ ቅዱስ ኤልያስ ነቢይ ሣልስ በግእዝ,ግእዝ,1,6,መስከረም 6,0,0,MONTHLY,YES
Batch1,B,ኤልያስ ነቢይ,GZ-MEL-059,መልክዐ ቅዱስ ኤልያስ ነቢይ ሣልስ በግእዝ,ግእዝ,2,6,ጥቅምት 6,0,0,MONTHLY,YES
Batch1,B,ኤልያስ ነቢይ,GZ-MEL-059,መልክዐ ቅዱስ ኤልያስ ነቢይ ሣልስ በግእዝ,ግእዝ,3,6,ኅዳር 6,0,0,MONTHLY,YES
Batch1,B,ኤልያስ ነቢይ,GZ-MEL-059,መልክዐ ቅዱስ ኤልያስ ነቢይ ሣልስ በግእዝ,ግእዝ,4,1,ታኅሣሥ 1,1,1,ANNUAL,YES
Batch1,B,ኤልያስ ነቢይ,GZ-MEL-059,መልክዐ ቅዱስ ኤልያስ ነቢይ ሣልስ በግእዝ,ግእዝ,4,6,ታኅሣሥ 6,0,0,MONTHLY,YES
Batch1,B,ኤልያስ ነቢይ,GZ-MEL-059,መልክዐ ቅዱስ ኤልያስ ነቢይ ሣልስ በግእዝ,ግእዝ,5,6,ጥር 6,1,1,ANNUAL+MONTHLY,YES
Batch1,B,ኤልያስ ነቢይ,GZ-MEL-059,መልክዐ ቅዱስ ኤልያስ ነቢይ ሣልስ በግእዝ,ግእዝ,6,6,የካቲት 6,0,0,MONTHLY,YES
Batch1,B,ኤልያስ ነቢይ,GZ-MEL-059,መልክዐ ቅዱስ ኤልያስ ነቢይ ሣልስ በግእዝ,ግእዝ,7,6,መጋቢት 6,0,0,MONTHLY,YES
Batch1,B,ኤልያስ ነቢይ,GZ-MEL-059,መልክዐ ቅዱስ ኤልያስ ነቢይ ሣልስ በግእዝ,ግእዝ,8,6,ሚያዝያ 6,0,0,MONTHLY,YES
Batch1,B,ኤልያስ ነቢይ,GZ-MEL-059,መልክዐ ቅዱስ ኤልያስ ነቢይ ሣልስ በግእዝ,ግእዝ,9,6,ግንቦት 6,0,0,MONTHLY,YES
Batch1,B,ኤልያስ ነቢይ,GZ-MEL-059,መልክዐ ቅዱስ ኤልያስ ነቢይ ሣልስ በግእዝ,ግእዝ,10,6,ሰኔ 6,0,0,MONTHLY,YES
Batch1,B,ኤልያስ ነቢይ,GZ-MEL-059,መልክዐ ቅዱስ ኤልያስ ነቢይ ሣልስ በግእዝ,ግእዝ,11,6,ሐምሌ 6,0,0,MONTHLY,YES
Batch1,B,ኤልያስ ነቢይ,GZ-MEL-059,መልክዐ ቅዱስ ኤልያስ ነቢይ ሣልስ በግእዝ,ግእዝ,12,6,ነሐሴ 6,0,0,MONTHLY,YES
Batch1,B,ኤልያስ ነቢይ,GZ-MEL-059,መልክዐ ቅዱስ ኤልያስ ነቢይ ሣልስ በግእዝ,ግእዝ,12,13,ነሐሴ 13,1,1,ANNUAL,YES
Batch1,B,ኤልያስ ነቢይ,GZ-MEL-059,መልክዐ ቅዱስ ኤልያስ ነቢይ ሣልስ በግእዝ,ግእዝ,13,6,ጳጉሜን 6,0,0,MONTHLY,YES
Batch1,B,ኤልያስ ነቢይ,AM-MEL-052,የነቢዩ የቅዱስ ኤልያስ 3ኛ መልክዕ በአማርኛ,አማርኛ,1,6,መስከረም 6,0,0,MONTHLY,YES
Batch1,B,ኤልያስ ነቢይ,AM-MEL-052,የነቢዩ የቅዱስ ኤልያስ 3ኛ መልክዕ በአማርኛ,አማርኛ,2,6,ጥቅምት 6,0,0,MONTHLY,YES
Batch1,B,ኤልያስ ነቢይ,AM-MEL-052,የነቢዩ የቅዱስ ኤልያስ 3ኛ መልክዕ በአማርኛ,አማርኛ,3,6,ኅዳር 6,0,0,MONTHLY,YES
Batch1,B,ኤልያስ ነቢይ,AM-MEL-052,የነቢዩ የቅዱስ ኤልያስ 3ኛ መልክዕ በአማርኛ,አማርኛ,4,1,ታኅሣሥ 1,1,1,ANNUAL,YES
Batch1,B,ኤልያስ ነቢይ,AM-MEL-052,የነቢዩ የቅዱስ ኤልያስ 3ኛ መልክዕ በአማርኛ,አማርኛ,4,6,ታኅሣሥ 6,0,0,MONTHLY,YES
Batch1,B,ኤልያስ ነቢይ,AM-MEL-052,የነቢዩ የቅዱስ ኤልያስ 3ኛ መልክዕ በአማርኛ,አማርኛ,5,6,ጥር 6,1,1,ANNUAL+MONTHLY,YES
Batch1,B,ኤልያስ ነቢይ,AM-MEL-052,የነቢዩ የቅዱስ ኤልያስ 3ኛ መልክዕ በአማርኛ,አማርኛ,6,6,የካቲት 6,0,0,MONTHLY,YES
Batch1,B,ኤልያስ ነቢይ,AM-MEL-052,የነቢዩ የቅዱስ ኤልያስ 3ኛ መልክዕ በአማርኛ,አማርኛ,7,6,መጋቢት 6,0,0,MONTHLY,YES
Batch1,B,ኤልያስ ነቢይ,AM-MEL-052,የነቢዩ የቅዱስ ኤልያስ 3ኛ መልክዕ በአማርኛ,አማርኛ,8,6,ሚያዝያ 6,0,0,MONTHLY,YES
Batch1,B,ኤልያስ ነቢይ,AM-MEL-052,የነቢዩ የቅዱስ ኤልያስ 3ኛ መልክዕ በአማርኛ,አማርኛ,9,6,ግንቦት 6,0,0,MONTHLY,YES
Batch1,B,ኤልያስ ነቢይ,AM-MEL-052,የነቢዩ የቅዱስ ኤልያስ 3ኛ መልክዕ በአማርኛ,አማርኛ,10,6,ሰኔ 6,0,0,MONTHLY,YES
Batch1,B,ኤልያስ ነቢይ,AM-MEL-052,የነቢዩ የቅዱስ ኤልያስ 3ኛ መልክዕ በአማርኛ,አማርኛ,11,6,ሐምሌ 6,0,0,MONTHLY,YES
Batch1,B,ኤልያስ ነቢይ,AM-MEL-052,የነቢዩ የቅዱስ ኤልያስ 3ኛ መልክዕ በአማርኛ,አማርኛ,12,6,ነሐሴ 6,0,0,MONTHLY,YES
Batch1,B,ኤልያስ ነቢይ,AM-MEL-052,የነቢዩ የቅዱስ ኤልያስ 3ኛ መልክዕ በአማርኛ,አማርኛ,12,13,ነሐሴ 13,1,1,ANNUAL,YES
Batch1,B,ኤልያስ ነቢይ,AM-MEL-052,የነቢዩ የቅዱስ ኤልያስ 3ኛ መልክዕ በአማርኛ,አማርኛ,13,6,ጳጉሜን 6,0,0,MONTHLY,YES
Batch1,B,ዮሐንስ መጥምቅ,GZ-MEL-060,መልክዐ ቅዱስ ዮሐንስ መጥምቅ በግእዝ,ግእዝ,1,1,መስከረም 1,1,1,ANNUAL,YES
Batch1,B,ዮሐንስ መጥምቅ,GZ-MEL-060,መልክዐ ቅዱስ ዮሐንስ መጥምቅ በግእዝ,ግእዝ,1,2,መስከረም 2,1,1,ANNUAL+MONTHLY,YES
Batch1,B,ዮሐንስ መጥምቅ,GZ-MEL-060,መልክዐ ቅዱስ ዮሐንስ መጥምቅ በግእዝ,ግእዝ,1,26,መስከረም 26,1,1,ANNUAL,YES
Batch1,B,ዮሐንስ መጥምቅ,GZ-MEL-060,መልክዐ ቅዱስ ዮሐንስ መጥምቅ በግእዝ,ግእዝ,1,30,መስከረም 30,0,0,MONTHLY,YES
Batch1,B,ዮሐንስ መጥምቅ,GZ-MEL-060,መልክዐ ቅዱስ ዮሐንስ መጥምቅ በግእዝ,ግእዝ,2,2,ጥቅምት 2,0,0,MONTHLY,YES
Batch1,B,ዮሐንስ መጥምቅ,GZ-MEL-060,መልክዐ ቅዱስ ዮሐንስ መጥምቅ በግእዝ,ግእዝ,2,30,ጥቅምት 30,0,0,MONTHLY,YES
Batch1,B,ዮሐንስ መጥምቅ,GZ-MEL-060,መልክዐ ቅዱስ ዮሐንስ መጥምቅ በግእዝ,ግእዝ,3,2,ኅዳር 2,0,0,MONTHLY,YES
Batch1,B,ዮሐንስ መጥምቅ,GZ-MEL-060,መልክዐ ቅዱስ ዮሐንስ መጥምቅ በግእዝ,ግእዝ,3,30,ኅዳር 30,0,0,MONTHLY,YES
Batch1,B,ዮሐንስ መጥምቅ,GZ-MEL-060,መልክዐ ቅዱስ ዮሐንስ መጥምቅ በግእዝ,ግእዝ,4,2,ታኅሣሥ 2,0,0,MONTHLY,YES
Batch1,B,ዮሐንስ መጥምቅ,GZ-MEL-060,መልክዐ ቅዱስ ዮሐንስ መጥምቅ በግእዝ,ግእዝ,4,30,ታኅሣሥ 30,0,0,MONTHLY,YES
Batch1,B,ዮሐንስ መጥምቅ,GZ-MEL-060,መልክዐ ቅዱስ ዮሐንስ መጥምቅ በግእዝ,ግእዝ,5,2,ጥር 2,0,0,MONTHLY,YES
Batch1,B,ዮሐንስ መጥምቅ,GZ-MEL-060,መልክዐ ቅዱስ ዮሐንስ መጥምቅ በግእዝ,ግእዝ,5,11,ጥር 11,1,1,ANNUAL,YES
Batch1,B,ዮሐንስ መጥምቅ,GZ-MEL-060,መልክዐ ቅዱስ ዮሐንስ መጥምቅ በግእዝ,ግእዝ,5,30,ጥር 30,0,0,MONTHLY,YES
Batch1,B,ዮሐንስ መጥምቅ,GZ-MEL-060,መልክዐ ቅዱስ ዮሐንስ መጥምቅ በግእዝ,ግእዝ,6,2,የካቲት 2,0,0,MONTHLY,YES
Batch1,B,ዮሐንስ መጥምቅ,GZ-MEL-060,መልክዐ ቅዱስ ዮሐንስ መጥምቅ በግእዝ,ግእዝ,6,30,የካቲት 30,1,1,ANNUAL+MONTHLY,YES
Batch1,B,ዮሐንስ መጥምቅ,GZ-MEL-060,መልክዐ ቅዱስ ዮሐንስ መጥምቅ በግእዝ,ግእዝ,7,2,መጋቢት 2,0,0,MONTHLY,YES
Batch1,B,ዮሐንስ መጥምቅ,GZ-MEL-060,መልክዐ ቅዱስ ዮሐንስ መጥምቅ በግእዝ,ግእዝ,7,30,መጋቢት 30,0,0,MONTHLY,YES
Batch1,B,ዮሐንስ መጥምቅ,GZ-MEL-060,መልክዐ ቅዱስ ዮሐንስ መጥምቅ በግእዝ,ግእዝ,8,2,ሚያዝያ 2,0,0,MONTHLY,YES
Batch1,B,ዮሐንስ መጥምቅ,GZ-MEL-060,መልክዐ ቅዱስ ዮሐንስ መጥምቅ በግእዝ,ግእዝ,8,15,ሚያዝያ 15,1,1,ANNUAL,YES
Batch1,B,ዮሐንስ መጥምቅ,GZ-MEL-060,መልክዐ ቅዱስ ዮሐንስ መጥምቅ በግእዝ,ግእዝ,8,30,ሚያዝያ 30,0,0,MONTHLY,YES
Batch1,B,ዮሐንስ መጥምቅ,GZ-MEL-060,መልክዐ ቅዱስ ዮሐንስ መጥምቅ በግእዝ,ግእዝ,9,2,ግንቦት 2,0,0,MONTHLY,YES
Batch1,B,ዮሐንስ መጥምቅ,GZ-MEL-060,መልክዐ ቅዱስ ዮሐንስ መጥምቅ በግእዝ,ግእዝ,9,30,ግንቦት 30,0,0,MONTHLY,YES
Batch1,B,ዮሐንስ መጥምቅ,GZ-MEL-060,መልክዐ ቅዱስ ዮሐንስ መጥምቅ በግእዝ,ግእዝ,10,2,ሰኔ 2,1,1,ANNUAL+MONTHLY,YES
Batch1,B,ዮሐንስ መጥምቅ,GZ-MEL-060,መልክዐ ቅዱስ ዮሐንስ መጥምቅ በግእዝ,ግእዝ,10,30,ሰኔ 30,1,1,ANNUAL+MONTHLY,YES
Batch1,B,ዮሐንስ መጥምቅ,GZ-MEL-060,መልክዐ ቅዱስ ዮሐንስ መጥምቅ በግእዝ,ግእዝ,11,2,ሐምሌ 2,0,0,MONTHLY,YES
Batch1,B,ዮሐንስ መጥምቅ,GZ-MEL-060,መልክዐ ቅዱስ ዮሐንስ መጥምቅ በግእዝ,ግእዝ,11,30,ሐምሌ 30,0,0,MONTHLY,YES
Batch1,B,ዮሐንስ መጥምቅ,GZ-MEL-060,መልክዐ ቅዱስ ዮሐንስ መጥምቅ በግእዝ,ግእዝ,12,2,ነሐሴ 2,0,0,MONTHLY,YES
Batch1,B,ዮሐንስ መጥምቅ,GZ-MEL-060,መልክዐ ቅዱስ ዮሐንስ መጥምቅ በግእዝ,ግእዝ,12,30,ነሐሴ 30,0,0,MONTHLY,YES
Batch1,B,ዮሐንስ መጥምቅ,GZ-MEL-060,መልክዐ ቅዱስ ዮሐንስ መጥምቅ በግእዝ,ግእዝ,13,1,ጳጉሜን 1,1,1,ANNUAL,YES
Batch1,B,ዮሐንስ መጥምቅ,GZ-MEL-060,መልክዐ ቅዱስ ዮሐንስ መጥምቅ በግእዝ,ግእዝ,13,2,ጳጉሜን 2,0,0,MONTHLY,YES
Batch1,B,ዮሐንስ መጥምቅ,AM-MEL-048,የቅዱስ ዮሐንስ መጥምቅ መልክዕ በአማርኛ,አማርኛ,1,1,መስከረም 1,1,1,ANNUAL,YES
Batch1,B,ዮሐንስ መጥምቅ,AM-MEL-048,የቅዱስ ዮሐንስ መጥምቅ መልክዕ በአማርኛ,አማርኛ,1,2,መስከረም 2,1,1,ANNUAL+MONTHLY,YES
Batch1,B,ዮሐንስ መጥምቅ,AM-MEL-048,የቅዱስ ዮሐንስ መጥምቅ መልክዕ በአማርኛ,አማርኛ,1,26,መስከረም 26,1,1,ANNUAL,YES
Batch1,B,ዮሐንስ መጥምቅ,AM-MEL-048,የቅዱስ ዮሐንስ መጥምቅ መልክዕ በአማርኛ,አማርኛ,1,30,መስከረም 30,0,0,MONTHLY,YES
Batch1,B,ዮሐንስ መጥምቅ,AM-MEL-048,የቅዱስ ዮሐንስ መጥምቅ መልክዕ በአማርኛ,አማርኛ,2,2,ጥቅምት 2,0,0,MONTHLY,YES
Batch1,B,ዮሐንስ መጥምቅ,AM-MEL-048,የቅዱስ ዮሐንስ መጥምቅ መልክዕ በአማርኛ,አማርኛ,2,30,ጥቅምት 30,0,0,MONTHLY,YES
Batch1,B,ዮሐንስ መጥምቅ,AM-MEL-048,የቅዱስ ዮሐንስ መጥምቅ መልክዕ በአማርኛ,አማርኛ,3,2,ኅዳር 2,0,0,MONTHLY,YES
Batch1,B,ዮሐንስ መጥምቅ,AM-MEL-048,የቅዱስ ዮሐንስ መጥምቅ መልክዕ በአማርኛ,አማርኛ,3,30,ኅዳር 30,0,0,MONTHLY,YES
Batch1,B,ዮሐንስ መጥምቅ,AM-MEL-048,የቅዱስ ዮሐንስ መጥምቅ መልክዕ በአማርኛ,አማርኛ,4,2,ታኅሣሥ 2,0,0,MONTHLY,YES
Batch1,B,ዮሐንስ መጥምቅ,AM-MEL-048,የቅዱስ ዮሐንስ መጥምቅ መልክዕ በአማርኛ,አማርኛ,4,30,ታኅሣሥ 30,0,0,MONTHLY,YES
Batch1,B,ዮሐንስ መጥምቅ,AM-MEL-048,የቅዱስ ዮሐንስ መጥምቅ መልክዕ በአማርኛ,አማርኛ,5,2,ጥር 2,0,0,MONTHLY,YES
Batch1,B,ዮሐንስ መጥምቅ,AM-MEL-048,የቅዱስ ዮሐንስ መጥምቅ መልክዕ በአማርኛ,አማርኛ,5,11,ጥር 11,1,1,ANNUAL,YES
Batch1,B,ዮሐንስ መጥምቅ,AM-MEL-048,የቅዱስ ዮሐንስ መጥምቅ መልክዕ በአማርኛ,አማርኛ,5,30,ጥር 30,0,0,MONTHLY,YES
Batch1,B,ዮሐንስ መጥምቅ,AM-MEL-048,የቅዱስ ዮሐንስ መጥምቅ መልክዕ በአማርኛ,አማርኛ,6,2,የካቲት 2,0,0,MONTHLY,YES
Batch1,B,ዮሐንስ መጥምቅ,AM-MEL-048,የቅዱስ ዮሐንስ መጥምቅ መልክዕ በአማርኛ,አማርኛ,6,30,የካቲት 30,1,1,ANNUAL+MONTHLY,YES
Batch1,B,ዮሐንስ መጥምቅ,AM-MEL-048,የቅዱስ ዮሐንስ መጥምቅ መልክዕ በአማርኛ,አማርኛ,7,2,መጋቢት 2,0,0,MONTHLY,YES
Batch1,B,ዮሐንስ መጥምቅ,AM-MEL-048,የቅዱስ ዮሐንስ መጥምቅ መልክዕ በአማርኛ,አማርኛ,7,30,መጋቢት 30,0,0,MONTHLY,YES
Batch1,B,ዮሐንስ መጥምቅ,AM-MEL-048,የቅዱስ ዮሐንስ መጥምቅ መልክዕ በአማርኛ,አማርኛ,8,2,ሚያዝያ 2,0,0,MONTHLY,YES
Batch1,B,ዮሐንስ መጥምቅ,AM-MEL-048,የቅዱስ ዮሐንስ መጥምቅ መልክዕ በአማርኛ,አማርኛ,8,15,ሚያዝያ 15,1,1,ANNUAL,YES
Batch1,B,ዮሐንስ መጥምቅ,AM-MEL-048,የቅዱስ ዮሐንስ መጥምቅ መልክዕ በአማርኛ,አማርኛ,8,30,ሚያዝያ 30,0,0,MONTHLY,YES
Batch1,B,ዮሐንስ መጥምቅ,AM-MEL-048,የቅዱስ ዮሐንስ መጥምቅ መልክዕ በአማርኛ,አማርኛ,9,2,ግንቦት 2,0,0,MONTHLY,YES
Batch1,B,ዮሐንስ መጥምቅ,AM-MEL-048,የቅዱስ ዮሐንስ መጥምቅ መልክዕ በአማርኛ,አማርኛ,9,30,ግንቦት 30,0,0,MONTHLY,YES
Batch1,B,ዮሐንስ መጥምቅ,AM-MEL-048,የቅዱስ ዮሐንስ መጥምቅ መልክዕ በአማርኛ,አማርኛ,10,2,ሰኔ 2,1,1,ANNUAL+MONTHLY,YES
Batch1,B,ዮሐንስ መጥምቅ,AM-MEL-048,የቅዱስ ዮሐንስ መጥምቅ መልክዕ በአማርኛ,አማርኛ,10,30,ሰኔ 30,1,1,ANNUAL+MONTHLY,YES
Batch1,B,ዮሐንስ መጥምቅ,AM-MEL-048,የቅዱስ ዮሐንስ መጥምቅ መልክዕ በአማርኛ,አማርኛ,11,2,ሐምሌ 2,0,0,MONTHLY,YES
Batch1,B,ዮሐንስ መጥምቅ,AM-MEL-048,የቅዱስ ዮሐንስ መጥምቅ መልክዕ በአማርኛ,አማርኛ,11,30,ሐምሌ 30,0,0,MONTHLY,YES
Batch1,B,ዮሐንስ መጥምቅ,AM-MEL-048,የቅዱስ ዮሐንስ መጥምቅ መልክዕ በአማርኛ,አማርኛ,12,2,ነሐሴ 2,0,0,MONTHLY,YES
Batch1,B,ዮሐንስ መጥምቅ,AM-MEL-048,የቅዱስ ዮሐንስ መጥምቅ መልክዕ በአማርኛ,አማርኛ,12,30,ነሐሴ 30,0,0,MONTHLY,YES
Batch1,B,ዮሐንስ መጥምቅ,AM-MEL-048,የቅዱስ ዮሐንስ መጥምቅ መልክዕ በአማርኛ,አማርኛ,13,1,ጳጉሜን 1,1,1,ANNUAL,YES
Batch1,B,ዮሐንስ መጥምቅ,AM-MEL-048,የቅዱስ ዮሐንስ መጥምቅ መልክዕ በአማርኛ,አማርኛ,13,2,ጳጉሜን 2,0,0,MONTHLY,YES
Batch1,B,አቡነ ሊባኖስ,GZ-MEL-018,መልክዐ ሊባኖስ በግእዝ,ግእዝ,1,3,መስከረም 3,0,0,MONTHLY,YES
Batch1,B,አቡነ ሊባኖስ,GZ-MEL-018,መልክዐ ሊባኖስ በግእዝ,ግእዝ,2,3,ጥቅምት 3,0,0,MONTHLY,YES
Batch1,B,አቡነ ሊባኖስ,GZ-MEL-018,መልክዐ ሊባኖስ በግእዝ,ግእዝ,3,3,ኅዳር 3,0,0,MONTHLY,YES
Batch1,B,አቡነ ሊባኖስ,GZ-MEL-018,መልክዐ ሊባኖስ በግእዝ,ግእዝ,4,3,ታኅሣሥ 3,0,0,MONTHLY,YES
Batch1,B,አቡነ ሊባኖስ,GZ-MEL-018,መልክዐ ሊባኖስ በግእዝ,ግእዝ,5,3,ጥር 3,1,1,ANNUAL+MONTHLY,YES
Batch1,B,አቡነ ሊባኖስ,GZ-MEL-018,መልክዐ ሊባኖስ በግእዝ,ግእዝ,6,3,የካቲት 3,0,0,MONTHLY,YES
Batch1,B,አቡነ ሊባኖስ,GZ-MEL-018,መልክዐ ሊባኖስ በግእዝ,ግእዝ,7,3,መጋቢት 3,0,0,MONTHLY,YES
Batch1,B,አቡነ ሊባኖስ,GZ-MEL-018,መልክዐ ሊባኖስ በግእዝ,ግእዝ,8,3,ሚያዝያ 3,0,0,MONTHLY,YES
Batch1,B,አቡነ ሊባኖስ,GZ-MEL-018,መልክዐ ሊባኖስ በግእዝ,ግእዝ,9,3,ግንቦት 3,0,0,MONTHLY,YES
Batch1,B,አቡነ ሊባኖስ,GZ-MEL-018,መልክዐ ሊባኖስ በግእዝ,ግእዝ,10,3,ሰኔ 3,0,0,MONTHLY,YES
Batch1,B,አቡነ ሊባኖስ,GZ-MEL-018,መልክዐ ሊባኖስ በግእዝ,ግእዝ,11,3,ሐምሌ 3,0,0,MONTHLY,YES
Batch1,B,አቡነ ሊባኖስ,GZ-MEL-018,መልክዐ ሊባኖስ በግእዝ,ግእዝ,12,3,ነሐሴ 3,0,0,MONTHLY,YES
Batch1,B,አቡነ ሊባኖስ,GZ-MEL-018,መልክዐ ሊባኖስ በግእዝ,ግእዝ,13,3,ጳጉሜን 3,0,0,MONTHLY,YES
Batch1,B,አቡነ ሊባኖስ,GZ-MEL-074,መልክዐ አቡነ ሊባኖስ ካልእ በግእዝ,ግእዝ,1,3,መስከረም 3,0,0,MONTHLY,YES
Batch1,B,አቡነ ሊባኖስ,GZ-MEL-074,መልክዐ አቡነ ሊባኖስ ካልእ በግእዝ,ግእዝ,2,3,ጥቅምት 3,0,0,MONTHLY,YES
Batch1,B,አቡነ ሊባኖስ,GZ-MEL-074,መልክዐ አቡነ ሊባኖስ ካልእ በግእዝ,ግእዝ,3,3,ኅዳር 3,0,0,MONTHLY,YES
Batch1,B,አቡነ ሊባኖስ,GZ-MEL-074,መልክዐ አቡነ ሊባኖስ ካልእ በግእዝ,ግእዝ,4,3,ታኅሣሥ 3,0,0,MONTHLY,YES
Batch1,B,አቡነ ሊባኖስ,GZ-MEL-074,መልክዐ አቡነ ሊባኖስ ካልእ በግእዝ,ግእዝ,5,3,ጥር 3,1,1,ANNUAL+MONTHLY,YES
Batch1,B,አቡነ ሊባኖስ,GZ-MEL-074,መልክዐ አቡነ ሊባኖስ ካልእ በግእዝ,ግእዝ,6,3,የካቲት 3,0,0,MONTHLY,YES
Batch1,B,አቡነ ሊባኖስ,GZ-MEL-074,መልክዐ አቡነ ሊባኖስ ካልእ በግእዝ,ግእዝ,7,3,መጋቢት 3,0,0,MONTHLY,YES
Batch1,B,አቡነ ሊባኖስ,GZ-MEL-074,መልክዐ አቡነ ሊባኖስ ካልእ በግእዝ,ግእዝ,8,3,ሚያዝያ 3,0,0,MONTHLY,YES
Batch1,B,አቡነ ሊባኖስ,GZ-MEL-074,መልክዐ አቡነ ሊባኖስ ካልእ በግእዝ,ግእዝ,9,3,ግንቦት 3,0,0,MONTHLY,YES
Batch1,B,አቡነ ሊባኖስ,GZ-MEL-074,መልክዐ አቡነ ሊባኖስ ካልእ በግእዝ,ግእዝ,10,3,ሰኔ 3,0,0,MONTHLY,YES
Batch1,B,አቡነ ሊባኖስ,GZ-MEL-074,መልክዐ አቡነ ሊባኖስ ካልእ በግእዝ,ግእዝ,11,3,ሐምሌ 3,0,0,MONTHLY,YES
Batch1,B,አቡነ ሊባኖስ,GZ-MEL-074,መልክዐ አቡነ ሊባኖስ ካልእ በግእዝ,ግእዝ,12,3,ነሐሴ 3,0,0,MONTHLY,YES
Batch1,B,አቡነ ሊባኖስ,GZ-MEL-074,መልክዐ አቡነ ሊባኖስ ካልእ በግእዝ,ግእዝ,13,3,ጳጉሜን 3,0,0,MONTHLY,YES
Batch1,B,አቡነ ሊባኖስ,AM-MEL-053,የአቡነ ሊባኖስ 2ኛ መልክዕ በአማርኛ,አማርኛ,1,3,መስከረም 3,0,0,MONTHLY,YES
Batch1,B,አቡነ ሊባኖስ,AM-MEL-053,የአቡነ ሊባኖስ 2ኛ መልክዕ በአማርኛ,አማርኛ,2,3,ጥቅምት 3,0,0,MONTHLY,YES
Batch1,B,አቡነ ሊባኖስ,AM-MEL-053,የአቡነ ሊባኖስ 2ኛ መልክዕ በአማርኛ,አማርኛ,3,3,ኅዳር 3,0,0,MONTHLY,YES
Batch1,B,አቡነ ሊባኖስ,AM-MEL-053,የአቡነ ሊባኖስ 2ኛ መልክዕ በአማርኛ,አማርኛ,4,3,ታኅሣሥ 3,0,0,MONTHLY,YES
Batch1,B,አቡነ ሊባኖስ,AM-MEL-053,የአቡነ ሊባኖስ 2ኛ መልክዕ በአማርኛ,አማርኛ,5,3,ጥር 3,1,1,ANNUAL+MONTHLY,YES
Batch1,B,አቡነ ሊባኖስ,AM-MEL-053,የአቡነ ሊባኖስ 2ኛ መልክዕ በአማርኛ,አማርኛ,6,3,የካቲት 3,0,0,MONTHLY,YES
Batch1,B,አቡነ ሊባኖስ,AM-MEL-053,የአቡነ ሊባኖስ 2ኛ መልክዕ በአማርኛ,አማርኛ,7,3,መጋቢት 3,0,0,MONTHLY,YES
Batch1,B,አቡነ ሊባኖስ,AM-MEL-053,የአቡነ ሊባኖስ 2ኛ መልክዕ በአማርኛ,አማርኛ,8,3,ሚያዝያ 3,0,0,MONTHLY,YES
Batch1,B,አቡነ ሊባኖስ,AM-MEL-053,የአቡነ ሊባኖስ 2ኛ መልክዕ በአማርኛ,አማርኛ,9,3,ግንቦት 3,0,0,MONTHLY,YES
Batch1,B,አቡነ ሊባኖስ,AM-MEL-053,የአቡነ ሊባኖስ 2ኛ መልክዕ በአማርኛ,አማርኛ,10,3,ሰኔ 3,0,0,MONTHLY,YES
Batch1,B,አቡነ ሊባኖስ,AM-MEL-053,የአቡነ ሊባኖስ 2ኛ መልክዕ በአማርኛ,አማርኛ,11,3,ሐምሌ 3,0,0,MONTHLY,YES
Batch1,B,አቡነ ሊባኖስ,AM-MEL-053,የአቡነ ሊባኖስ 2ኛ መልክዕ በአማርኛ,አማርኛ,12,3,ነሐሴ 3,0,0,MONTHLY,YES
Batch1,B,አቡነ ሊባኖስ,AM-MEL-053,የአቡነ ሊባኖስ 2ኛ መልክዕ በአማርኛ,አማርኛ,13,3,ጳጉሜን 3,0,0,MONTHLY,YES
Batch1,B,አቡነ ተከስተ ብርሃን,GZ-MEL-091,መልክዐ አቡነ ተከስተ ብርሃን በግእዝ,ግእዝ,7,10,መጋቢት 10,1,1,ANNUAL,YES
Batch1,B,አቡነ ተከስተ ብርሃን,AM-MEL-056,የአቡነ ተከስተ ብርሃን መልክዕ በአማርኛ,አማርኛ,7,10,መጋቢት 10,1,1,ANNUAL,YES
Batch1,B,አቡነ አባለ ክርስቶስ,GZ-MEL-096,መልክዐ አቡነ አባለ ክርስቶስ በግእዝ,ግእዝ,4,19,ታኅሣሥ 19,1,1,ANNUAL,YES
Batch1,B,አቡነ አባለ ክርስቶስ,GZ-MEL-096,መልክዐ አቡነ አባለ ክርስቶስ በግእዝ,ግእዝ,6,19,የካቲት 19,1,1,ANNUAL,YES
Batch1,B,አቡነ አባለ ክርስቶስ,AM-MEL-060,የአቡነ አባለ ክርስቶስ ጻድቅ መልክዕ በአማርኛ,አማርኛ,4,19,ታኅሣሥ 19,1,1,ANNUAL,YES
Batch1,B,አቡነ አባለ ክርስቶስ,AM-MEL-060,የአቡነ አባለ ክርስቶስ ጻድቅ መልክዕ በአማርኛ,አማርኛ,6,19,የካቲት 19,1,1,ANNUAL,YES
Batch1,B,አብርሃም,GZ-MEL-098,መልክዐ አቡነ አብርሃም በግእዝ,ግእዝ,11,7,ሐምሌ 7,1,1,ANNUAL,YES
Batch1,B,አብርሃም,GZ-MEL-098,መልክዐ አቡነ አብርሃም በግእዝ,ግእዝ,12,28,ነሐሴ 28,1,1,ANNUAL,YES
Batch1,B,አብርሃም,AM-MEL-063,የአባታችን አብርሃም መልክዕ በአማርኛ,አማርኛ,11,7,ሐምሌ 7,1,1,ANNUAL,YES
Batch1,B,አብርሃም,AM-MEL-063,የአባታችን አብርሃም መልክዕ በአማርኛ,አማርኛ,12,28,ነሐሴ 28,1,1,ANNUAL,YES
Batch1,B,መልከ ጼዴቅ,GZ-MEL-075,መልክዐ አቡነ መልከ ጼዴቅ በግእዝ,ግእዝ,1,9,መስከረም 9,0,0,MONTHLY,YES
Batch1,B,መልከ ጼዴቅ,GZ-MEL-075,መልክዐ አቡነ መልከ ጼዴቅ በግእዝ,ግእዝ,2,9,ጥቅምት 9,0,0,MONTHLY,YES
Batch1,B,መልከ ጼዴቅ,GZ-MEL-075,መልክዐ አቡነ መልከ ጼዴቅ በግእዝ,ግእዝ,3,9,ኅዳር 9,0,0,MONTHLY,YES
Batch1,B,መልከ ጼዴቅ,GZ-MEL-075,መልክዐ አቡነ መልከ ጼዴቅ በግእዝ,ግእዝ,4,9,ታኅሣሥ 9,0,0,MONTHLY,YES
Batch1,B,መልከ ጼዴቅ,GZ-MEL-075,መልክዐ አቡነ መልከ ጼዴቅ በግእዝ,ግእዝ,5,9,ጥር 9,0,0,MONTHLY,YES
Batch1,B,መልከ ጼዴቅ,GZ-MEL-075,መልክዐ አቡነ መልከ ጼዴቅ በግእዝ,ግእዝ,6,9,የካቲት 9,0,0,MONTHLY,YES
Batch1,B,መልከ ጼዴቅ,GZ-MEL-075,መልክዐ አቡነ መልከ ጼዴቅ በግእዝ,ግእዝ,7,9,መጋቢት 9,0,0,MONTHLY,YES
Batch1,B,መልከ ጼዴቅ,GZ-MEL-075,መልክዐ አቡነ መልከ ጼዴቅ በግእዝ,ግእዝ,8,9,ሚያዝያ 9,0,0,MONTHLY,YES
Batch1,B,መልከ ጼዴቅ,GZ-MEL-075,መልክዐ አቡነ መልከ ጼዴቅ በግእዝ,ግእዝ,9,4,ግንቦት 4,1,1,ANNUAL,YES
Batch1,B,መልከ ጼዴቅ,GZ-MEL-075,መልክዐ አቡነ መልከ ጼዴቅ በግእዝ,ግእዝ,9,9,ግንቦት 9,0,0,MONTHLY,YES
Batch1,B,መልከ ጼዴቅ,GZ-MEL-075,መልክዐ አቡነ መልከ ጼዴቅ በግእዝ,ግእዝ,10,9,ሰኔ 9,0,0,MONTHLY,YES
Batch1,B,መልከ ጼዴቅ,GZ-MEL-075,መልክዐ አቡነ መልከ ጼዴቅ በግእዝ,ግእዝ,11,9,ሐምሌ 9,0,0,MONTHLY,YES
Batch1,B,መልከ ጼዴቅ,GZ-MEL-075,መልክዐ አቡነ መልከ ጼዴቅ በግእዝ,ግእዝ,12,9,ነሐሴ 9,0,0,MONTHLY,YES
Batch1,B,መልከ ጼዴቅ,GZ-MEL-075,መልክዐ አቡነ መልከ ጼዴቅ በግእዝ,ግእዝ,13,3,ጳጉሜን 3,1,1,ANNUAL,YES
Batch1,B,መልከ ጼዴቅ,AM-MEL-068,የአቡነ መልከ ጼዴቅ መልክእ በአማርኛ,አማርኛ,1,9,መስከረም 9,0,0,MONTHLY,YES
Batch1,B,መልከ ጼዴቅ,AM-MEL-068,የአቡነ መልከ ጼዴቅ መልክእ በአማርኛ,አማርኛ,2,9,ጥቅምት 9,0,0,MONTHLY,YES
Batch1,B,መልከ ጼዴቅ,AM-MEL-068,የአቡነ መልከ ጼዴቅ መልክእ በአማርኛ,አማርኛ,3,9,ኅዳር 9,0,0,MONTHLY,YES
Batch1,B,መልከ ጼዴቅ,AM-MEL-068,የአቡነ መልከ ጼዴቅ መልክእ በአማርኛ,አማርኛ,4,9,ታኅሣሥ 9,0,0,MONTHLY,YES
Batch1,B,መልከ ጼዴቅ,AM-MEL-068,የአቡነ መልከ ጼዴቅ መልክእ በአማርኛ,አማርኛ,5,9,ጥር 9,0,0,MONTHLY,YES
Batch1,B,መልከ ጼዴቅ,AM-MEL-068,የአቡነ መልከ ጼዴቅ መልክእ በአማርኛ,አማርኛ,6,9,የካቲት 9,0,0,MONTHLY,YES
Batch1,B,መልከ ጼዴቅ,AM-MEL-068,የአቡነ መልከ ጼዴቅ መልክእ በአማርኛ,አማርኛ,7,9,መጋቢት 9,0,0,MONTHLY,YES
Batch1,B,መልከ ጼዴቅ,AM-MEL-068,የአቡነ መልከ ጼዴቅ መልክእ በአማርኛ,አማርኛ,8,9,ሚያዝያ 9,0,0,MONTHLY,YES
Batch1,B,መልከ ጼዴቅ,AM-MEL-068,የአቡነ መልከ ጼዴቅ መልክእ በአማርኛ,አማርኛ,9,4,ግንቦት 4,1,1,ANNUAL,YES
Batch1,B,መልከ ጼዴቅ,AM-MEL-068,የአቡነ መልከ ጼዴቅ መልክእ በአማርኛ,አማርኛ,9,9,ግንቦት 9,0,0,MONTHLY,YES
Batch1,B,መልከ ጼዴቅ,AM-MEL-068,የአቡነ መልከ ጼዴቅ መልክእ በአማርኛ,አማርኛ,10,9,ሰኔ 9,0,0,MONTHLY,YES
Batch1,B,መልከ ጼዴቅ,AM-MEL-068,የአቡነ መልከ ጼዴቅ መልክእ በአማርኛ,አማርኛ,11,9,ሐምሌ 9,0,0,MONTHLY,YES
Batch1,B,መልከ ጼዴቅ,AM-MEL-068,የአቡነ መልከ ጼዴቅ መልክእ በአማርኛ,አማርኛ,12,9,ነሐሴ 9,0,0,MONTHLY,YES
Batch1,B,መልከ ጼዴቅ,AM-MEL-068,የአቡነ መልከ ጼዴቅ መልክእ በአማርኛ,አማርኛ,13,3,ጳጉሜን 3,1,1,ANNUAL,YES
Batch1,B,ቅዱስ ዮስጦስ,GZ-GDL-010,ገድለ ቅዱስ ዮስጦስ በግእዝ,ግእዝ,6,10,የካቲት 10,1,1,ANNUAL,YES
Batch1,B,ቅዱስ ዮስጦስ,GZ-GDL-010,ገድለ ቅዱስ ዮስጦስ በግእዝ,ግእዝ,11,17,ሐምሌ 17,1,1,ANNUAL,YES
Batch1,B,ቅዱስ ዮስጦስ,GZ-MEL-063,መልክዐ ቅዱስ ዮስጦስ በግእዝ,ግእዝ,6,10,የካቲት 10,1,1,ANNUAL,YES
Batch1,B,ቅዱስ ዮስጦስ,GZ-MEL-063,መልክዐ ቅዱስ ዮስጦስ በግእዝ,ግእዝ,11,17,ሐምሌ 17,1,1,ANNUAL,YES
Batch1,B,አቡነ ፊልጶስ,GZ-GDL-011,ገድለ አቡነ ፊልጶስ በግእዝ,ግእዝ,11,28,ሐምሌ 28,1,1,ANNUAL,YES
Batch1,B,አቡነ ፊልጶስ,GZ-MEL-118,መልክዐ አቡነ ፊልጶስ በግእዝ,ግእዝ,11,28,ሐምሌ 28,1,1,ANNUAL,YES
Batch1,B,አቡነ ፊልሞና,GZ-GDL-020,ገድለ አቡነ ፊልሞና በግእዝ,ግእዝ,4,22,ታኅሣሥ 22,1,1,ANNUAL,YES
Batch1,B,አቡነ ፊልሞና,GZ-MEL-117,መልክዐ አቡነ ፊልሞና በግእዝ,ግእዝ,4,22,ታኅሣሥ 22,1,1,ANNUAL,YES
Batch1,B,አቡነ ዳንኤል,GZ-GDL-028,ገድለ አቡነ ዳንኤል በግእዝ,ግእዝ,3,6,ኅዳር 6,1,1,ANNUAL,YES
Batch1,B,አቡነ ዳንኤል,GZ-MEL-114,መልክዐ አቡነ ዳንኤል በግእዝ,ግእዝ,3,6,ኅዳር 6,1,1,ANNUAL,YES
Batch1,B,አቡነ ዮሴፍ,GZ-GDL-029,ገድለ አቡነ ዮሴፍ በግእዝ,ግእዝ,1,19,መስከረም 19,0,0,MONTHLY,YES
Batch1,B,አቡነ ዮሴፍ,GZ-GDL-029,ገድለ አቡነ ዮሴፍ በግእዝ,ግእዝ,2,19,ጥቅምት 19,0,0,MONTHLY,YES
Batch1,B,አቡነ ዮሴፍ,GZ-GDL-029,ገድለ አቡነ ዮሴፍ በግእዝ,ግእዝ,3,19,ኅዳር 19,0,0,MONTHLY,YES
Batch1,B,አቡነ ዮሴፍ,GZ-GDL-029,ገድለ አቡነ ዮሴፍ በግእዝ,ግእዝ,4,19,ታኅሣሥ 19,0,0,MONTHLY,YES
Batch1,B,አቡነ ዮሴፍ,GZ-GDL-029,ገድለ አቡነ ዮሴፍ በግእዝ,ግእዝ,5,19,ጥር 19,0,0,MONTHLY,YES
Batch1,B,አቡነ ዮሴፍ,GZ-GDL-029,ገድለ አቡነ ዮሴፍ በግእዝ,ግእዝ,6,19,የካቲት 19,0,0,MONTHLY,YES
Batch1,B,አቡነ ዮሴፍ,GZ-GDL-029,ገድለ አቡነ ዮሴፍ በግእዝ,ግእዝ,7,19,መጋቢት 19,0,0,MONTHLY,YES
Batch1,B,አቡነ ዮሴፍ,GZ-GDL-029,ገድለ አቡነ ዮሴፍ በግእዝ,ግእዝ,8,19,ሚያዝያ 19,0,0,MONTHLY,YES
Batch1,B,አቡነ ዮሴፍ,GZ-GDL-029,ገድለ አቡነ ዮሴፍ በግእዝ,ግእዝ,9,19,ግንቦት 19,1,1,ANNUAL+MONTHLY,YES
Batch1,B,አቡነ ዮሴፍ,GZ-GDL-029,ገድለ አቡነ ዮሴፍ በግእዝ,ግእዝ,10,19,ሰኔ 19,0,0,MONTHLY,YES
Batch1,B,አቡነ ዮሴፍ,GZ-GDL-029,ገድለ አቡነ ዮሴፍ በግእዝ,ግእዝ,11,19,ሐምሌ 19,0,0,MONTHLY,YES
Batch1,B,አቡነ ዮሴፍ,GZ-GDL-029,ገድለ አቡነ ዮሴፍ በግእዝ,ግእዝ,12,19,ነሐሴ 19,0,0,MONTHLY,YES
Batch1,B,አቡነ ዮሴፍ,GZ-MEL-111,መልክዐ አቡነ ዮሴፍ በግእዝ,ግእዝ,1,19,መስከረም 19,0,0,MONTHLY,YES
Batch1,B,አቡነ ዮሴፍ,GZ-MEL-111,መልክዐ አቡነ ዮሴፍ በግእዝ,ግእዝ,2,19,ጥቅምት 19,0,0,MONTHLY,YES
Batch1,B,አቡነ ዮሴፍ,GZ-MEL-111,መልክዐ አቡነ ዮሴፍ በግእዝ,ግእዝ,3,19,ኅዳር 19,0,0,MONTHLY,YES
Batch1,B,አቡነ ዮሴፍ,GZ-MEL-111,መልክዐ አቡነ ዮሴፍ በግእዝ,ግእዝ,4,19,ታኅሣሥ 19,0,0,MONTHLY,YES
Batch1,B,አቡነ ዮሴፍ,GZ-MEL-111,መልክዐ አቡነ ዮሴፍ በግእዝ,ግእዝ,5,19,ጥር 19,0,0,MONTHLY,YES
Batch1,B,አቡነ ዮሴፍ,GZ-MEL-111,መልክዐ አቡነ ዮሴፍ በግእዝ,ግእዝ,6,19,የካቲት 19,0,0,MONTHLY,YES
Batch1,B,አቡነ ዮሴፍ,GZ-MEL-111,መልክዐ አቡነ ዮሴፍ በግእዝ,ግእዝ,7,19,መጋቢት 19,0,0,MONTHLY,YES
Batch1,B,አቡነ ዮሴፍ,GZ-MEL-111,መልክዐ አቡነ ዮሴፍ በግእዝ,ግእዝ,8,19,ሚያዝያ 19,0,0,MONTHLY,YES
Batch1,B,አቡነ ዮሴፍ,GZ-MEL-111,መልክዐ አቡነ ዮሴፍ በግእዝ,ግእዝ,9,19,ግንቦት 19,1,1,ANNUAL+MONTHLY,YES
Batch1,B,አቡነ ዮሴፍ,GZ-MEL-111,መልክዐ አቡነ ዮሴፍ በግእዝ,ግእዝ,10,19,ሰኔ 19,0,0,MONTHLY,YES
Batch1,B,አቡነ ዮሴፍ,GZ-MEL-111,መልክዐ አቡነ ዮሴፍ በግእዝ,ግእዝ,11,19,ሐምሌ 19,0,0,MONTHLY,YES
Batch1,B,አቡነ ዮሴፍ,GZ-MEL-111,መልክዐ አቡነ ዮሴፍ በግእዝ,ግእዝ,12,19,ነሐሴ 19,0,0,MONTHLY,YES
Batch2,A,ቅዱስ መስቀል,GZ-DRS-002,ድርሳነ መስቀል በግእዝ,ግእዝ,1,10,መስከረም 10,1,1,ANNUAL+MONTHLY,YES
Batch2,A,ቅዱስ መስቀል,GZ-DRS-002,ድርሳነ መስቀል በግእዝ,ግእዝ,1,17,መስከረም 17,1,1,ANNUAL,YES
Batch2,A,ቅዱስ መስቀል,GZ-DRS-002,ድርሳነ መስቀል በግእዝ,ግእዝ,1,18,መስከረም 18,1,1,ANNUAL,YES
Batch2,A,ቅዱስ መስቀል,GZ-DRS-002,ድርሳነ መስቀል በግእዝ,ግእዝ,1,19,መስከረም 19,1,1,ANNUAL,YES
Batch2,A,ቅዱስ መስቀል,GZ-DRS-002,ድርሳነ መስቀል በግእዝ,ግእዝ,1,25,መስከረም 25,1,1,ANNUAL,YES
Batch2,A,ቅዱስ መስቀል,GZ-DRS-002,ድርሳነ መስቀል በግእዝ,ግእዝ,2,10,ጥቅምት 10,0,0,MONTHLY,YES
Batch2,A,ቅዱስ መስቀል,GZ-DRS-002,ድርሳነ መስቀል በግእዝ,ግእዝ,3,8,ኅዳር 8,1,1,ANNUAL,YES
Batch2,A,ቅዱስ መስቀል,GZ-DRS-002,ድርሳነ መስቀል በግእዝ,ግእዝ,3,10,ኅዳር 10,0,0,MONTHLY,YES
Batch2,A,ቅዱስ መስቀል,GZ-DRS-002,ድርሳነ መስቀል በግእዝ,ግእዝ,4,10,ታኅሣሥ 10,0,0,MONTHLY,YES
Batch2,A,ቅዱስ መስቀል,GZ-DRS-002,ድርሳነ መስቀል በግእዝ,ግእዝ,5,10,ጥር 10,0,0,MONTHLY,YES
Batch2,A,ቅዱስ መስቀል,GZ-DRS-002,ድርሳነ መስቀል በግእዝ,ግእዝ,6,10,የካቲት 10,0,0,MONTHLY,YES
Batch2,A,ቅዱስ መስቀል,GZ-DRS-002,ድርሳነ መስቀል በግእዝ,ግእዝ,7,10,መጋቢት 10,1,1,ANNUAL+MONTHLY,YES
Batch2,A,ቅዱስ መስቀል,GZ-DRS-002,ድርሳነ መስቀል በግእዝ,ግእዝ,7,27,መጋቢት 27,1,1,ANNUAL,YES
Batch2,A,ቅዱስ መስቀል,GZ-DRS-002,ድርሳነ መስቀል በግእዝ,ግእዝ,8,10,ሚያዝያ 10,0,0,MONTHLY,YES
Batch2,A,ቅዱስ መስቀል,GZ-DRS-002,ድርሳነ መስቀል በግእዝ,ግእዝ,8,21,ሚያዝያ 21,1,1,ANNUAL,YES
Batch2,A,ቅዱስ መስቀል,GZ-DRS-002,ድርሳነ መስቀል በግእዝ,ግእዝ,9,10,ግንቦት 10,0,0,MONTHLY,YES
Batch2,A,ቅዱስ መስቀል,GZ-DRS-002,ድርሳነ መስቀል በግእዝ,ግእዝ,10,10,ሰኔ 10,0,0,MONTHLY,YES
Batch2,A,ቅዱስ መስቀል,GZ-DRS-002,ድርሳነ መስቀል በግእዝ,ግእዝ,11,10,ሐምሌ 10,0,0,MONTHLY,YES
Batch2,A,ቅዱስ መስቀል,GZ-DRS-002,ድርሳነ መስቀል በግእዝ,ግእዝ,12,10,ነሐሴ 10,0,0,MONTHLY,YES
Batch2,A,ቅዱስ መስቀል,GZ-DRS-002,ድርሳነ መስቀል በግእዝ,ግእዝ,12,12,ነሐሴ 12,1,1,ANNUAL,YES
Batch2,A,ቅዱስ መስቀል,AM-DRS-008,ድርሳነ መስቀል በአማርኛ,አማርኛ,1,10,መስከረም 10,1,1,ANNUAL+MONTHLY,YES
Batch2,A,ቅዱስ መስቀል,AM-DRS-008,ድርሳነ መስቀል በአማርኛ,አማርኛ,1,17,መስከረም 17,1,1,ANNUAL,YES
Batch2,A,ቅዱስ መስቀል,AM-DRS-008,ድርሳነ መስቀል በአማርኛ,አማርኛ,1,18,መስከረም 18,1,1,ANNUAL,YES
Batch2,A,ቅዱስ መስቀል,AM-DRS-008,ድርሳነ መስቀል በአማርኛ,አማርኛ,1,19,መስከረም 19,1,1,ANNUAL,YES
Batch2,A,ቅዱስ መስቀል,AM-DRS-008,ድርሳነ መስቀል በአማርኛ,አማርኛ,1,25,መስከረም 25,1,1,ANNUAL,YES
Batch2,A,ቅዱስ መስቀል,AM-DRS-008,ድርሳነ መስቀል በአማርኛ,አማርኛ,2,10,ጥቅምት 10,0,0,MONTHLY,YES
Batch2,A,ቅዱስ መስቀል,AM-DRS-008,ድርሳነ መስቀል በአማርኛ,አማርኛ,3,8,ኅዳር 8,1,1,ANNUAL,YES
Batch2,A,ቅዱስ መስቀል,AM-DRS-008,ድርሳነ መስቀል በአማርኛ,አማርኛ,3,10,ኅዳር 10,0,0,MONTHLY,YES
Batch2,A,ቅዱስ መስቀል,AM-DRS-008,ድርሳነ መስቀል በአማርኛ,አማርኛ,4,10,ታኅሣሥ 10,0,0,MONTHLY,YES
Batch2,A,ቅዱስ መስቀል,AM-DRS-008,ድርሳነ መስቀል በአማርኛ,አማርኛ,5,10,ጥር 10,0,0,MONTHLY,YES
Batch2,A,ቅዱስ መስቀል,AM-DRS-008,ድርሳነ መስቀል በአማርኛ,አማርኛ,6,10,የካቲት 10,0,0,MONTHLY,YES
Batch2,A,ቅዱስ መስቀል,AM-DRS-008,ድርሳነ መስቀል በአማርኛ,አማርኛ,7,10,መጋቢት 10,1,1,ANNUAL+MONTHLY,YES
Batch2,A,ቅዱስ መስቀል,AM-DRS-008,ድርሳነ መስቀል በአማርኛ,አማርኛ,7,27,መጋቢት 27,1,1,ANNUAL,YES
Batch2,A,ቅዱስ መስቀል,AM-DRS-008,ድርሳነ መስቀል በአማርኛ,አማርኛ,8,10,ሚያዝያ 10,0,0,MONTHLY,YES
Batch2,A,ቅዱስ መስቀል,AM-DRS-008,ድርሳነ መስቀል በአማርኛ,አማርኛ,8,21,ሚያዝያ 21,1,1,ANNUAL,YES
Batch2,A,ቅዱስ መስቀል,AM-DRS-008,ድርሳነ መስቀል በአማርኛ,አማርኛ,9,10,ግንቦት 10,0,0,MONTHLY,YES
Batch2,A,ቅዱስ መስቀል,AM-DRS-008,ድርሳነ መስቀል በአማርኛ,አማርኛ,10,10,ሰኔ 10,0,0,MONTHLY,YES
Batch2,A,ቅዱስ መስቀል,AM-DRS-008,ድርሳነ መስቀል በአማርኛ,አማርኛ,11,10,ሐምሌ 10,0,0,MONTHLY,YES
Batch2,A,ቅዱስ መስቀል,AM-DRS-008,ድርሳነ መስቀል በአማርኛ,አማርኛ,12,10,ነሐሴ 10,0,0,MONTHLY,YES
Batch2,A,ቅዱስ መስቀል,AM-DRS-008,ድርሳነ መስቀል በአማርኛ,አማርኛ,12,12,ነሐሴ 12,1,1,ANNUAL,YES
Batch2,A,ኢያቄም ወሐና,GZ-DRS-007,ድርሳን ዘቅዱስ ኢያቄም ወቅድስት ሐና በግእዝ,ግእዝ,1,1,መስከረም 1,0,0,MONTHLY,YES
Batch2,A,ኢያቄም ወሐና,GZ-DRS-007,ድርሳን ዘቅዱስ ኢያቄም ወቅድስት ሐና በግእዝ,ግእዝ,1,3,መስከረም 3,0,0,MONTHLY,YES
Batch2,A,ኢያቄም ወሐና,GZ-DRS-007,ድርሳን ዘቅዱስ ኢያቄም ወቅድስት ሐና በግእዝ,ግእዝ,1,7,መስከረም 7,1,1,ANNUAL,YES
Batch2,A,ኢያቄም ወሐና,GZ-DRS-007,ድርሳን ዘቅዱስ ኢያቄም ወቅድስት ሐና በግእዝ,ግእዝ,1,11,መስከረም 11,0,0,MONTHLY,YES
Batch2,A,ኢያቄም ወሐና,GZ-DRS-007,ድርሳን ዘቅዱስ ኢያቄም ወቅድስት ሐና በግእዝ,ግእዝ,1,12,መስከረም 12,1,1,ANNUAL,YES
Batch2,A,ኢያቄም ወሐና,GZ-DRS-007,ድርሳን ዘቅዱስ ኢያቄም ወቅድስት ሐና በግእዝ,ግእዝ,2,1,ጥቅምት 1,0,0,MONTHLY,YES
Batch2,A,ኢያቄም ወሐና,GZ-DRS-007,ድርሳን ዘቅዱስ ኢያቄም ወቅድስት ሐና በግእዝ,ግእዝ,2,3,ጥቅምት 3,0,0,MONTHLY,YES
Batch2,A,ኢያቄም ወሐና,GZ-DRS-007,ድርሳን ዘቅዱስ ኢያቄም ወቅድስት ሐና በግእዝ,ግእዝ,2,11,ጥቅምት 11,0,0,MONTHLY,YES
Batch2,A,ኢያቄም ወሐና,GZ-DRS-007,ድርሳን ዘቅዱስ ኢያቄም ወቅድስት ሐና በግእዝ,ግእዝ,3,1,ኅዳር 1,0,0,MONTHLY,YES
Batch2,A,ኢያቄም ወሐና,GZ-DRS-007,ድርሳን ዘቅዱስ ኢያቄም ወቅድስት ሐና በግእዝ,ግእዝ,3,3,ኅዳር 3,0,0,MONTHLY,YES
Batch2,A,ኢያቄም ወሐና,GZ-DRS-007,ድርሳን ዘቅዱስ ኢያቄም ወቅድስት ሐና በግእዝ,ግእዝ,3,11,ኅዳር 11,1,1,ANNUAL+MONTHLY,YES
Batch2,A,ኢያቄም ወሐና,GZ-DRS-007,ድርሳን ዘቅዱስ ኢያቄም ወቅድስት ሐና በግእዝ,ግእዝ,4,1,ታኅሣሥ 1,0,0,MONTHLY,YES
Batch2,A,ኢያቄም ወሐና,GZ-DRS-007,ድርሳን ዘቅዱስ ኢያቄም ወቅድስት ሐና በግእዝ,ግእዝ,4,3,ታኅሣሥ 3,1,1,ANNUAL+MONTHLY,YES
Batch2,A,ኢያቄም ወሐና,GZ-DRS-007,ድርሳን ዘቅዱስ ኢያቄም ወቅድስት ሐና በግእዝ,ግእዝ,4,11,ታኅሣሥ 11,0,0,MONTHLY,YES
Batch2,A,ኢያቄም ወሐና,GZ-DRS-007,ድርሳን ዘቅዱስ ኢያቄም ወቅድስት ሐና በግእዝ,ግእዝ,4,13,ታኅሣሥ 13,1,1,ANNUAL,YES
Batch2,A,ኢያቄም ወሐና,GZ-DRS-007,ድርሳን ዘቅዱስ ኢያቄም ወቅድስት ሐና በግእዝ,ግእዝ,5,1,ጥር 1,0,0,MONTHLY,YES
Batch2,A,ኢያቄም ወሐና,GZ-DRS-007,ድርሳን ዘቅዱስ ኢያቄም ወቅድስት ሐና በግእዝ,ግእዝ,5,3,ጥር 3,0,0,MONTHLY,YES
Batch2,A,ኢያቄም ወሐና,GZ-DRS-007,ድርሳን ዘቅዱስ ኢያቄም ወቅድስት ሐና በግእዝ,ግእዝ,5,11,ጥር 11,0,0,MONTHLY,YES
Batch2,A,ኢያቄም ወሐና,GZ-DRS-007,ድርሳን ዘቅዱስ ኢያቄም ወቅድስት ሐና በግእዝ,ግእዝ,6,1,የካቲት 1,0,0,MONTHLY,YES
Batch2,A,ኢያቄም ወሐና,GZ-DRS-007,ድርሳን ዘቅዱስ ኢያቄም ወቅድስት ሐና በግእዝ,ግእዝ,6,3,የካቲት 3,0,0,MONTHLY,YES
Batch2,A,ኢያቄም ወሐና,GZ-DRS-007,ድርሳን ዘቅዱስ ኢያቄም ወቅድስት ሐና በግእዝ,ግእዝ,6,11,የካቲት 11,0,0,MONTHLY,YES
Batch2,A,ኢያቄም ወሐና,GZ-DRS-007,ድርሳን ዘቅዱስ ኢያቄም ወቅድስት ሐና በግእዝ,ግእዝ,7,1,መጋቢት 1,0,0,MONTHLY,YES
Batch2,A,ኢያቄም ወሐና,GZ-DRS-007,ድርሳን ዘቅዱስ ኢያቄም ወቅድስት ሐና በግእዝ,ግእዝ,7,3,መጋቢት 3,0,0,MONTHLY,YES
Batch2,A,ኢያቄም ወሐና,GZ-DRS-007,ድርሳን ዘቅዱስ ኢያቄም ወቅድስት ሐና በግእዝ,ግእዝ,7,11,መጋቢት 11,0,0,MONTHLY,YES
Batch2,A,ኢያቄም ወሐና,GZ-DRS-007,ድርሳን ዘቅዱስ ኢያቄም ወቅድስት ሐና በግእዝ,ግእዝ,8,1,ሚያዝያ 1,0,0,MONTHLY,YES
Batch2,A,ኢያቄም ወሐና,GZ-DRS-007,ድርሳን ዘቅዱስ ኢያቄም ወቅድስት ሐና በግእዝ,ግእዝ,8,3,ሚያዝያ 3,0,0,MONTHLY,YES
Batch2,A,ኢያቄም ወሐና,GZ-DRS-007,ድርሳን ዘቅዱስ ኢያቄም ወቅድስት ሐና በግእዝ,ግእዝ,8,7,ሚያዝያ 7,1,1,ANNUAL,YES
Batch2,A,ኢያቄም ወሐና,GZ-DRS-007,ድርሳን ዘቅዱስ ኢያቄም ወቅድስት ሐና በግእዝ,ግእዝ,8,11,ሚያዝያ 11,0,0,MONTHLY,YES
Batch2,A,ኢያቄም ወሐና,GZ-DRS-007,ድርሳን ዘቅዱስ ኢያቄም ወቅድስት ሐና በግእዝ,ግእዝ,9,1,ግንቦት 1,1,1,ANNUAL+MONTHLY,YES
Batch2,A,ኢያቄም ወሐና,GZ-DRS-007,ድርሳን ዘቅዱስ ኢያቄም ወቅድስት ሐና በግእዝ,ግእዝ,9,3,ግንቦት 3,0,0,MONTHLY,YES
Batch2,A,ኢያቄም ወሐና,GZ-DRS-007,ድርሳን ዘቅዱስ ኢያቄም ወቅድስት ሐና በግእዝ,ግእዝ,9,11,ግንቦት 11,0,0,MONTHLY,YES
Batch2,A,ኢያቄም ወሐና,GZ-DRS-007,ድርሳን ዘቅዱስ ኢያቄም ወቅድስት ሐና በግእዝ,ግእዝ,10,1,ሰኔ 1,0,0,MONTHLY,YES
Batch2,A,ኢያቄም ወሐና,GZ-DRS-007,ድርሳን ዘቅዱስ ኢያቄም ወቅድስት ሐና በግእዝ,ግእዝ,10,3,ሰኔ 3,0,0,MONTHLY,YES
Batch2,A,ኢያቄም ወሐና,GZ-DRS-007,ድርሳን ዘቅዱስ ኢያቄም ወቅድስት ሐና በግእዝ,ግእዝ,10,11,ሰኔ 11,0,0,MONTHLY,YES
Batch2,A,ኢያቄም ወሐና,GZ-DRS-007,ድርሳን ዘቅዱስ ኢያቄም ወቅድስት ሐና በግእዝ,ግእዝ,11,1,ሐምሌ 1,0,0,MONTHLY,YES
Batch2,A,ኢያቄም ወሐና,GZ-DRS-007,ድርሳን ዘቅዱስ ኢያቄም ወቅድስት ሐና በግእዝ,ግእዝ,11,3,ሐምሌ 3,0,0,MONTHLY,YES
Batch2,A,ኢያቄም ወሐና,GZ-DRS-007,ድርሳን ዘቅዱስ ኢያቄም ወቅድስት ሐና በግእዝ,ግእዝ,11,11,ሐምሌ 11,0,0,MONTHLY,YES
Batch2,A,ኢያቄም ወሐና,GZ-DRS-007,ድርሳን ዘቅዱስ ኢያቄም ወቅድስት ሐና በግእዝ,ግእዝ,12,1,ነሐሴ 1,1,1,ANNUAL+MONTHLY,YES
Batch2,A,ኢያቄም ወሐና,GZ-DRS-007,ድርሳን ዘቅዱስ ኢያቄም ወቅድስት ሐና በግእዝ,ግእዝ,12,3,ነሐሴ 3,0,0,MONTHLY,YES
Batch2,A,ኢያቄም ወሐና,GZ-DRS-007,ድርሳን ዘቅዱስ ኢያቄም ወቅድስት ሐና በግእዝ,ግእዝ,12,7,ነሐሴ 7,1,1,ANNUAL,YES
Batch2,A,ኢያቄም ወሐና,GZ-DRS-007,ድርሳን ዘቅዱስ ኢያቄም ወቅድስት ሐና በግእዝ,ግእዝ,12,11,ነሐሴ 11,0,0,MONTHLY,YES
Batch2,A,ኢያቄም ወሐና,GZ-DRS-007,ድርሳን ዘቅዱስ ኢያቄም ወቅድስት ሐና በግእዝ,ግእዝ,13,1,ጳጉሜን 1,0,0,MONTHLY,YES
Batch2,A,ኢያቄም ወሐና,GZ-DRS-007,ድርሳን ዘቅዱስ ኢያቄም ወቅድስት ሐና በግእዝ,ግእዝ,13,3,ጳጉሜን 3,0,0,MONTHLY,YES
Batch2,A,ኢያቄም ወሐና,AM-DRS-001,የቅዱስ ኢያቄምና- የቅድስት ሐና ድርሳን በአማርኛ,አማርኛ,1,1,መስከረም 1,0,0,MONTHLY,YES
Batch2,A,ኢያቄም ወሐና,AM-DRS-001,የቅዱስ ኢያቄምና- የቅድስት ሐና ድርሳን በአማርኛ,አማርኛ,1,3,መስከረም 3,0,0,MONTHLY,YES
Batch2,A,ኢያቄም ወሐና,AM-DRS-001,የቅዱስ ኢያቄምና- የቅድስት ሐና ድርሳን በአማርኛ,አማርኛ,1,7,መስከረም 7,1,1,ANNUAL,YES
Batch2,A,ኢያቄም ወሐና,AM-DRS-001,የቅዱስ ኢያቄምና- የቅድስት ሐና ድርሳን በአማርኛ,አማርኛ,1,11,መስከረም 11,0,0,MONTHLY,YES
Batch2,A,ኢያቄም ወሐና,AM-DRS-001,የቅዱስ ኢያቄምና- የቅድስት ሐና ድርሳን በአማርኛ,አማርኛ,1,12,መስከረም 12,1,1,ANNUAL,YES
Batch2,A,ኢያቄም ወሐና,AM-DRS-001,የቅዱስ ኢያቄምና- የቅድስት ሐና ድርሳን በአማርኛ,አማርኛ,2,1,ጥቅምት 1,0,0,MONTHLY,YES
Batch2,A,ኢያቄም ወሐና,AM-DRS-001,የቅዱስ ኢያቄምና- የቅድስት ሐና ድርሳን በአማርኛ,አማርኛ,2,3,ጥቅምት 3,0,0,MONTHLY,YES
Batch2,A,ኢያቄም ወሐና,AM-DRS-001,የቅዱስ ኢያቄምና- የቅድስት ሐና ድርሳን በአማርኛ,አማርኛ,2,11,ጥቅምት 11,0,0,MONTHLY,YES
Batch2,A,ኢያቄም ወሐና,AM-DRS-001,የቅዱስ ኢያቄምና- የቅድስት ሐና ድርሳን በአማርኛ,አማርኛ,3,1,ኅዳር 1,0,0,MONTHLY,YES
Batch2,A,ኢያቄም ወሐና,AM-DRS-001,የቅዱስ ኢያቄምና- የቅድስት ሐና ድርሳን በአማርኛ,አማርኛ,3,3,ኅዳር 3,0,0,MONTHLY,YES
Batch2,A,ኢያቄም ወሐና,AM-DRS-001,የቅዱስ ኢያቄምና- የቅድስት ሐና ድርሳን በአማርኛ,አማርኛ,3,11,ኅዳር 11,1,1,ANNUAL+MONTHLY,YES
Batch2,A,ኢያቄም ወሐና,AM-DRS-001,የቅዱስ ኢያቄምና- የቅድስት ሐና ድርሳን በአማርኛ,አማርኛ,4,1,ታኅሣሥ 1,0,0,MONTHLY,YES
Batch2,A,ኢያቄም ወሐና,AM-DRS-001,የቅዱስ ኢያቄምና- የቅድስት ሐና ድርሳን በአማርኛ,አማርኛ,4,3,ታኅሣሥ 3,1,1,ANNUAL+MONTHLY,YES
Batch2,A,ኢያቄም ወሐና,AM-DRS-001,የቅዱስ ኢያቄምና- የቅድስት ሐና ድርሳን በአማርኛ,አማርኛ,4,11,ታኅሣሥ 11,0,0,MONTHLY,YES
Batch2,A,ኢያቄም ወሐና,AM-DRS-001,የቅዱስ ኢያቄምና- የቅድስት ሐና ድርሳን በአማርኛ,አማርኛ,4,13,ታኅሣሥ 13,1,1,ANNUAL,YES
Batch2,A,ኢያቄም ወሐና,AM-DRS-001,የቅዱስ ኢያቄምና- የቅድስት ሐና ድርሳን በአማርኛ,አማርኛ,5,1,ጥር 1,0,0,MONTHLY,YES
Batch2,A,ኢያቄም ወሐና,AM-DRS-001,የቅዱስ ኢያቄምና- የቅድስት ሐና ድርሳን በአማርኛ,አማርኛ,5,3,ጥር 3,0,0,MONTHLY,YES
Batch2,A,ኢያቄም ወሐና,AM-DRS-001,የቅዱስ ኢያቄምና- የቅድስት ሐና ድርሳን በአማርኛ,አማርኛ,5,11,ጥር 11,0,0,MONTHLY,YES
Batch2,A,ኢያቄም ወሐና,AM-DRS-001,የቅዱስ ኢያቄምና- የቅድስት ሐና ድርሳን በአማርኛ,አማርኛ,6,1,የካቲት 1,0,0,MONTHLY,YES
Batch2,A,ኢያቄም ወሐና,AM-DRS-001,የቅዱስ ኢያቄምና- የቅድስት ሐና ድርሳን በአማርኛ,አማርኛ,6,3,የካቲት 3,0,0,MONTHLY,YES
Batch2,A,ኢያቄም ወሐና,AM-DRS-001,የቅዱስ ኢያቄምና- የቅድስት ሐና ድርሳን በአማርኛ,አማርኛ,6,11,የካቲት 11,0,0,MONTHLY,YES
Batch2,A,ኢያቄም ወሐና,AM-DRS-001,የቅዱስ ኢያቄምና- የቅድስት ሐና ድርሳን በአማርኛ,አማርኛ,7,1,መጋቢት 1,0,0,MONTHLY,YES
Batch2,A,ኢያቄም ወሐና,AM-DRS-001,የቅዱስ ኢያቄምና- የቅድስት ሐና ድርሳን በአማርኛ,አማርኛ,7,3,መጋቢት 3,0,0,MONTHLY,YES
Batch2,A,ኢያቄም ወሐና,AM-DRS-001,የቅዱስ ኢያቄምና- የቅድስት ሐና ድርሳን በአማርኛ,አማርኛ,7,11,መጋቢት 11,0,0,MONTHLY,YES
Batch2,A,ኢያቄም ወሐና,AM-DRS-001,የቅዱስ ኢያቄምና- የቅድስት ሐና ድርሳን በአማርኛ,አማርኛ,8,1,ሚያዝያ 1,0,0,MONTHLY,YES
Batch2,A,ኢያቄም ወሐና,AM-DRS-001,የቅዱስ ኢያቄምና- የቅድስት ሐና ድርሳን በአማርኛ,አማርኛ,8,3,ሚያዝያ 3,0,0,MONTHLY,YES
Batch2,A,ኢያቄም ወሐና,AM-DRS-001,የቅዱስ ኢያቄምና- የቅድስት ሐና ድርሳን በአማርኛ,አማርኛ,8,7,ሚያዝያ 7,1,1,ANNUAL,YES
Batch2,A,ኢያቄም ወሐና,AM-DRS-001,የቅዱስ ኢያቄምና- የቅድስት ሐና ድርሳን በአማርኛ,አማርኛ,8,11,ሚያዝያ 11,0,0,MONTHLY,YES
Batch2,A,ኢያቄም ወሐና,AM-DRS-001,የቅዱስ ኢያቄምና- የቅድስት ሐና ድርሳን በአማርኛ,አማርኛ,9,1,ግንቦት 1,1,1,ANNUAL+MONTHLY,YES
Batch2,A,ኢያቄም ወሐና,AM-DRS-001,የቅዱስ ኢያቄምና- የቅድስት ሐና ድርሳን በአማርኛ,አማርኛ,9,3,ግንቦት 3,0,0,MONTHLY,YES
Batch2,A,ኢያቄም ወሐና,AM-DRS-001,የቅዱስ ኢያቄምና- የቅድስት ሐና ድርሳን በአማርኛ,አማርኛ,9,11,ግንቦት 11,0,0,MONTHLY,YES
Batch2,A,ኢያቄም ወሐና,AM-DRS-001,የቅዱስ ኢያቄምና- የቅድስት ሐና ድርሳን በአማርኛ,አማርኛ,10,1,ሰኔ 1,0,0,MONTHLY,YES
Batch2,A,ኢያቄም ወሐና,AM-DRS-001,የቅዱስ ኢያቄምና- የቅድስት ሐና ድርሳን በአማርኛ,አማርኛ,10,3,ሰኔ 3,0,0,MONTHLY,YES
Batch2,A,ኢያቄም ወሐና,AM-DRS-001,የቅዱስ ኢያቄምና- የቅድስት ሐና ድርሳን በአማርኛ,አማርኛ,10,11,ሰኔ 11,0,0,MONTHLY,YES
Batch2,A,ኢያቄም ወሐና,AM-DRS-001,የቅዱስ ኢያቄምና- የቅድስት ሐና ድርሳን በአማርኛ,አማርኛ,11,1,ሐምሌ 1,0,0,MONTHLY,YES
Batch2,A,ኢያቄም ወሐና,AM-DRS-001,የቅዱስ ኢያቄምና- የቅድስት ሐና ድርሳን በአማርኛ,አማርኛ,11,3,ሐምሌ 3,0,0,MONTHLY,YES
Batch2,A,ኢያቄም ወሐና,AM-DRS-001,የቅዱስ ኢያቄምና- የቅድስት ሐና ድርሳን በአማርኛ,አማርኛ,11,11,ሐምሌ 11,0,0,MONTHLY,YES
Batch2,A,ኢያቄም ወሐና,AM-DRS-001,የቅዱስ ኢያቄምና- የቅድስት ሐና ድርሳን በአማርኛ,አማርኛ,12,1,ነሐሴ 1,1,1,ANNUAL+MONTHLY,YES
Batch2,A,ኢያቄም ወሐና,AM-DRS-001,የቅዱስ ኢያቄምና- የቅድስት ሐና ድርሳን በአማርኛ,አማርኛ,12,3,ነሐሴ 3,0,0,MONTHLY,YES
Batch2,A,ኢያቄም ወሐና,AM-DRS-001,የቅዱስ ኢያቄምና- የቅድስት ሐና ድርሳን በአማርኛ,አማርኛ,12,7,ነሐሴ 7,1,1,ANNUAL,YES
Batch2,A,ኢያቄም ወሐና,AM-DRS-001,የቅዱስ ኢያቄምና- የቅድስት ሐና ድርሳን በአማርኛ,አማርኛ,12,11,ነሐሴ 11,0,0,MONTHLY,YES
Batch2,A,ኢያቄም ወሐና,AM-DRS-001,የቅዱስ ኢያቄምና- የቅድስት ሐና ድርሳን በአማርኛ,አማርኛ,13,1,ጳጉሜን 1,0,0,MONTHLY,YES
Batch2,A,ኢያቄም ወሐና,AM-DRS-001,የቅዱስ ኢያቄምና- የቅድስት ሐና ድርሳን በአማርኛ,አማርኛ,13,3,ጳጉሜን 3,0,0,MONTHLY,YES
Batch2,A,ቅዱስ መስቀል,GZ-MEL-051,መልክዐ ቅዱስ መስቀል በግእዝ,ግእዝ,1,10,መስከረም 10,1,1,ANNUAL+MONTHLY,YES
Batch2,A,ቅዱስ መስቀል,GZ-MEL-051,መልክዐ ቅዱስ መስቀል በግእዝ,ግእዝ,1,17,መስከረም 17,1,1,ANNUAL,YES
Batch2,A,ቅዱስ መስቀል,GZ-MEL-051,መልክዐ ቅዱስ መስቀል በግእዝ,ግእዝ,1,18,መስከረም 18,1,1,ANNUAL,YES
Batch2,A,ቅዱስ መስቀል,GZ-MEL-051,መልክዐ ቅዱስ መስቀል በግእዝ,ግእዝ,1,19,መስከረም 19,1,1,ANNUAL,YES
Batch2,A,ቅዱስ መስቀል,GZ-MEL-051,መልክዐ ቅዱስ መስቀል በግእዝ,ግእዝ,1,25,መስከረም 25,1,1,ANNUAL,YES
Batch2,A,ቅዱስ መስቀል,GZ-MEL-051,መልክዐ ቅዱስ መስቀል በግእዝ,ግእዝ,2,10,ጥቅምት 10,0,0,MONTHLY,YES
Batch2,A,ቅዱስ መስቀል,GZ-MEL-051,መልክዐ ቅዱስ መስቀል በግእዝ,ግእዝ,3,8,ኅዳር 8,1,1,ANNUAL,YES
Batch2,A,ቅዱስ መስቀል,GZ-MEL-051,መልክዐ ቅዱስ መስቀል በግእዝ,ግእዝ,3,10,ኅዳር 10,0,0,MONTHLY,YES
Batch2,A,ቅዱስ መስቀል,GZ-MEL-051,መልክዐ ቅዱስ መስቀል በግእዝ,ግእዝ,4,10,ታኅሣሥ 10,0,0,MONTHLY,YES
Batch2,A,ቅዱስ መስቀል,GZ-MEL-051,መልክዐ ቅዱስ መስቀል በግእዝ,ግእዝ,5,10,ጥር 10,0,0,MONTHLY,YES
Batch2,A,ቅዱስ መስቀል,GZ-MEL-051,መልክዐ ቅዱስ መስቀል በግእዝ,ግእዝ,6,10,የካቲት 10,0,0,MONTHLY,YES
Batch2,A,ቅዱስ መስቀል,GZ-MEL-051,መልክዐ ቅዱስ መስቀል በግእዝ,ግእዝ,7,10,መጋቢት 10,1,1,ANNUAL+MONTHLY,YES
Batch2,A,ቅዱስ መስቀል,GZ-MEL-051,መልክዐ ቅዱስ መስቀል በግእዝ,ግእዝ,7,27,መጋቢት 27,1,1,ANNUAL,YES
Batch2,A,ቅዱስ መስቀል,GZ-MEL-051,መልክዐ ቅዱስ መስቀል በግእዝ,ግእዝ,8,10,ሚያዝያ 10,0,0,MONTHLY,YES
Batch2,A,ቅዱስ መስቀል,GZ-MEL-051,መልክዐ ቅዱስ መስቀል በግእዝ,ግእዝ,8,21,ሚያዝያ 21,1,1,ANNUAL,YES
Batch2,A,ቅዱስ መስቀል,GZ-MEL-051,መልክዐ ቅዱስ መስቀል በግእዝ,ግእዝ,9,10,ግንቦት 10,0,0,MONTHLY,YES
Batch2,A,ቅዱስ መስቀል,GZ-MEL-051,መልክዐ ቅዱስ መስቀል በግእዝ,ግእዝ,10,10,ሰኔ 10,0,0,MONTHLY,YES
Batch2,A,ቅዱስ መስቀል,GZ-MEL-051,መልክዐ ቅዱስ መስቀል በግእዝ,ግእዝ,11,10,ሐምሌ 10,0,0,MONTHLY,YES
Batch2,A,ቅዱስ መስቀል,GZ-MEL-051,መልክዐ ቅዱስ መስቀል በግእዝ,ግእዝ,12,10,ነሐሴ 10,0,0,MONTHLY,YES
Batch2,A,ቅዱስ መስቀል,GZ-MEL-051,መልክዐ ቅዱስ መስቀል በግእዝ,ግእዝ,12,12,ነሐሴ 12,1,1,ANNUAL,YES
Batch2,A,ቅዱስ መስቀል,AM-MEL-012,መልክዐ ቅዱስ መስቀል በአማርኛ,አማርኛ,1,10,መስከረም 10,1,1,ANNUAL+MONTHLY,YES
Batch2,A,ቅዱስ መስቀል,AM-MEL-012,መልክዐ ቅዱስ መስቀል በአማርኛ,አማርኛ,1,17,መስከረም 17,1,1,ANNUAL,YES
Batch2,A,ቅዱስ መስቀል,AM-MEL-012,መልክዐ ቅዱስ መስቀል በአማርኛ,አማርኛ,1,18,መስከረም 18,1,1,ANNUAL,YES
Batch2,A,ቅዱስ መስቀል,AM-MEL-012,መልክዐ ቅዱስ መስቀል በአማርኛ,አማርኛ,1,19,መስከረም 19,1,1,ANNUAL,YES
Batch2,A,ቅዱስ መስቀል,AM-MEL-012,መልክዐ ቅዱስ መስቀል በአማርኛ,አማርኛ,1,25,መስከረም 25,1,1,ANNUAL,YES
Batch2,A,ቅዱስ መስቀል,AM-MEL-012,መልክዐ ቅዱስ መስቀል በአማርኛ,አማርኛ,2,10,ጥቅምት 10,0,0,MONTHLY,YES
Batch2,A,ቅዱስ መስቀል,AM-MEL-012,መልክዐ ቅዱስ መስቀል በአማርኛ,አማርኛ,3,8,ኅዳር 8,1,1,ANNUAL,YES
Batch2,A,ቅዱስ መስቀል,AM-MEL-012,መልክዐ ቅዱስ መስቀል በአማርኛ,አማርኛ,3,10,ኅዳር 10,0,0,MONTHLY,YES
Batch2,A,ቅዱስ መስቀል,AM-MEL-012,መልክዐ ቅዱስ መስቀል በአማርኛ,አማርኛ,4,10,ታኅሣሥ 10,0,0,MONTHLY,YES
Batch2,A,ቅዱስ መስቀል,AM-MEL-012,መልክዐ ቅዱስ መስቀል በአማርኛ,አማርኛ,5,10,ጥር 10,0,0,MONTHLY,YES
Batch2,A,ቅዱስ መስቀል,AM-MEL-012,መልክዐ ቅዱስ መስቀል በአማርኛ,አማርኛ,6,10,የካቲት 10,0,0,MONTHLY,YES
Batch2,A,ቅዱስ መስቀል,AM-MEL-012,መልክዐ ቅዱስ መስቀል በአማርኛ,አማርኛ,7,10,መጋቢት 10,1,1,ANNUAL+MONTHLY,YES
Batch2,A,ቅዱስ መስቀል,AM-MEL-012,መልክዐ ቅዱስ መስቀል በአማርኛ,አማርኛ,7,27,መጋቢት 27,1,1,ANNUAL,YES
Batch2,A,ቅዱስ መስቀል,AM-MEL-012,መልክዐ ቅዱስ መስቀል በአማርኛ,አማርኛ,8,10,ሚያዝያ 10,0,0,MONTHLY,YES
Batch2,A,ቅዱስ መስቀል,AM-MEL-012,መልክዐ ቅዱስ መስቀል በአማርኛ,አማርኛ,8,21,ሚያዝያ 21,1,1,ANNUAL,YES
Batch2,A,ቅዱስ መስቀል,AM-MEL-012,መልክዐ ቅዱስ መስቀል በአማርኛ,አማርኛ,9,10,ግንቦት 10,0,0,MONTHLY,YES
Batch2,A,ቅዱስ መስቀል,AM-MEL-012,መልክዐ ቅዱስ መስቀል በአማርኛ,አማርኛ,10,10,ሰኔ 10,0,0,MONTHLY,YES
Batch2,A,ቅዱስ መስቀል,AM-MEL-012,መልክዐ ቅዱስ መስቀል በአማርኛ,አማርኛ,11,10,ሐምሌ 10,0,0,MONTHLY,YES
Batch2,A,ቅዱስ መስቀል,AM-MEL-012,መልክዐ ቅዱስ መስቀል በአማርኛ,አማርኛ,12,10,ነሐሴ 10,0,0,MONTHLY,YES
Batch2,A,ቅዱስ መስቀል,AM-MEL-012,መልክዐ ቅዱስ መስቀል በአማርኛ,አማርኛ,12,12,ነሐሴ 12,1,1,ANNUAL,YES
Batch2,A,ቅዱስ መስቀል,GZ-MEL-050,መልክዐ ቅዱስ መስቀል ሣልስ በግእዝ,ግእዝ,1,10,መስከረም 10,1,1,ANNUAL+MONTHLY,YES
Batch2,A,ቅዱስ መስቀል,GZ-MEL-050,መልክዐ ቅዱስ መስቀል ሣልስ በግእዝ,ግእዝ,1,17,መስከረም 17,1,1,ANNUAL,YES
Batch2,A,ቅዱስ መስቀል,GZ-MEL-050,መልክዐ ቅዱስ መስቀል ሣልስ በግእዝ,ግእዝ,1,18,መስከረም 18,1,1,ANNUAL,YES
Batch2,A,ቅዱስ መስቀል,GZ-MEL-050,መልክዐ ቅዱስ መስቀል ሣልስ በግእዝ,ግእዝ,1,19,መስከረም 19,1,1,ANNUAL,YES
Batch2,A,ቅዱስ መስቀል,GZ-MEL-050,መልክዐ ቅዱስ መስቀል ሣልስ በግእዝ,ግእዝ,1,25,መስከረም 25,1,1,ANNUAL,YES
Batch2,A,ቅዱስ መስቀል,GZ-MEL-050,መልክዐ ቅዱስ መስቀል ሣልስ በግእዝ,ግእዝ,2,10,ጥቅምት 10,0,0,MONTHLY,YES
Batch2,A,ቅዱስ መስቀል,GZ-MEL-050,መልክዐ ቅዱስ መስቀል ሣልስ በግእዝ,ግእዝ,3,8,ኅዳር 8,1,1,ANNUAL,YES
Batch2,A,ቅዱስ መስቀል,GZ-MEL-050,መልክዐ ቅዱስ መስቀል ሣልስ በግእዝ,ግእዝ,3,10,ኅዳር 10,0,0,MONTHLY,YES
Batch2,A,ቅዱስ መስቀል,GZ-MEL-050,መልክዐ ቅዱስ መስቀል ሣልስ በግእዝ,ግእዝ,4,10,ታኅሣሥ 10,0,0,MONTHLY,YES
Batch2,A,ቅዱስ መስቀል,GZ-MEL-050,መልክዐ ቅዱስ መስቀል ሣልስ በግእዝ,ግእዝ,5,10,ጥር 10,0,0,MONTHLY,YES
Batch2,A,ቅዱስ መስቀል,GZ-MEL-050,መልክዐ ቅዱስ መስቀል ሣልስ በግእዝ,ግእዝ,6,10,የካቲት 10,0,0,MONTHLY,YES
Batch2,A,ቅዱስ መስቀል,GZ-MEL-050,መልክዐ ቅዱስ መስቀል ሣልስ በግእዝ,ግእዝ,7,10,መጋቢት 10,1,1,ANNUAL+MONTHLY,YES
Batch2,A,ቅዱስ መስቀል,GZ-MEL-050,መልክዐ ቅዱስ መስቀል ሣልስ በግእዝ,ግእዝ,7,27,መጋቢት 27,1,1,ANNUAL,YES
Batch2,A,ቅዱስ መስቀል,GZ-MEL-050,መልክዐ ቅዱስ መስቀል ሣልስ በግእዝ,ግእዝ,8,10,ሚያዝያ 10,0,0,MONTHLY,YES
Batch2,A,ቅዱስ መስቀል,GZ-MEL-050,መልክዐ ቅዱስ መስቀል ሣልስ በግእዝ,ግእዝ,8,21,ሚያዝያ 21,1,1,ANNUAL,YES
Batch2,A,ቅዱስ መስቀል,GZ-MEL-050,መልክዐ ቅዱስ መስቀል ሣልስ በግእዝ,ግእዝ,9,10,ግንቦት 10,0,0,MONTHLY,YES
Batch2,A,ቅዱስ መስቀል,GZ-MEL-050,መልክዐ ቅዱስ መስቀል ሣልስ በግእዝ,ግእዝ,10,10,ሰኔ 10,0,0,MONTHLY,YES
Batch2,A,ቅዱስ መስቀል,GZ-MEL-050,መልክዐ ቅዱስ መስቀል ሣልስ በግእዝ,ግእዝ,11,10,ሐምሌ 10,0,0,MONTHLY,YES
Batch2,A,ቅዱስ መስቀል,GZ-MEL-050,መልክዐ ቅዱስ መስቀል ሣልስ በግእዝ,ግእዝ,12,10,ነሐሴ 10,0,0,MONTHLY,YES
Batch2,A,ቅዱስ መስቀል,GZ-MEL-050,መልክዐ ቅዱስ መስቀል ሣልስ በግእዝ,ግእዝ,12,12,ነሐሴ 12,1,1,ANNUAL,YES
Batch2,A,ቅዱስ መስቀል,AM-MEL-040,የቅዱስ መስቀል 3ኛ መልክዕ በአማርኛ,አማርኛ,1,10,መስከረም 10,1,1,ANNUAL+MONTHLY,YES
Batch2,A,ቅዱስ መስቀል,AM-MEL-040,የቅዱስ መስቀል 3ኛ መልክዕ በአማርኛ,አማርኛ,1,17,መስከረም 17,1,1,ANNUAL,YES
Batch2,A,ቅዱስ መስቀል,AM-MEL-040,የቅዱስ መስቀል 3ኛ መልክዕ በአማርኛ,አማርኛ,1,18,መስከረም 18,1,1,ANNUAL,YES
Batch2,A,ቅዱስ መስቀል,AM-MEL-040,የቅዱስ መስቀል 3ኛ መልክዕ በአማርኛ,አማርኛ,1,19,መስከረም 19,1,1,ANNUAL,YES
Batch2,A,ቅዱስ መስቀል,AM-MEL-040,የቅዱስ መስቀል 3ኛ መልክዕ በአማርኛ,አማርኛ,1,25,መስከረም 25,1,1,ANNUAL,YES
Batch2,A,ቅዱስ መስቀል,AM-MEL-040,የቅዱስ መስቀል 3ኛ መልክዕ በአማርኛ,አማርኛ,2,10,ጥቅምት 10,0,0,MONTHLY,YES
Batch2,A,ቅዱስ መስቀል,AM-MEL-040,የቅዱስ መስቀል 3ኛ መልክዕ በአማርኛ,አማርኛ,3,8,ኅዳር 8,1,1,ANNUAL,YES
Batch2,A,ቅዱስ መስቀል,AM-MEL-040,የቅዱስ መስቀል 3ኛ መልክዕ በአማርኛ,አማርኛ,3,10,ኅዳር 10,0,0,MONTHLY,YES
Batch2,A,ቅዱስ መስቀል,AM-MEL-040,የቅዱስ መስቀል 3ኛ መልክዕ በአማርኛ,አማርኛ,4,10,ታኅሣሥ 10,0,0,MONTHLY,YES
Batch2,A,ቅዱስ መስቀል,AM-MEL-040,የቅዱስ መስቀል 3ኛ መልክዕ በአማርኛ,አማርኛ,5,10,ጥር 10,0,0,MONTHLY,YES
Batch2,A,ቅዱስ መስቀል,AM-MEL-040,የቅዱስ መስቀል 3ኛ መልክዕ በአማርኛ,አማርኛ,6,10,የካቲት 10,0,0,MONTHLY,YES
Batch2,A,ቅዱስ መስቀል,AM-MEL-040,የቅዱስ መስቀል 3ኛ መልክዕ በአማርኛ,አማርኛ,7,10,መጋቢት 10,1,1,ANNUAL+MONTHLY,YES
Batch2,A,ቅዱስ መስቀል,AM-MEL-040,የቅዱስ መስቀል 3ኛ መልክዕ በአማርኛ,አማርኛ,7,27,መጋቢት 27,1,1,ANNUAL,YES
Batch2,A,ቅዱስ መስቀል,AM-MEL-040,የቅዱስ መስቀል 3ኛ መልክዕ በአማርኛ,አማርኛ,8,10,ሚያዝያ 10,0,0,MONTHLY,YES
Batch2,A,ቅዱስ መስቀል,AM-MEL-040,የቅዱስ መስቀል 3ኛ መልክዕ በአማርኛ,አማርኛ,8,21,ሚያዝያ 21,1,1,ANNUAL,YES
Batch2,A,ቅዱስ መስቀል,AM-MEL-040,የቅዱስ መስቀል 3ኛ መልክዕ በአማርኛ,አማርኛ,9,10,ግንቦት 10,0,0,MONTHLY,YES
Batch2,A,ቅዱስ መስቀል,AM-MEL-040,የቅዱስ መስቀል 3ኛ መልክዕ በአማርኛ,አማርኛ,10,10,ሰኔ 10,0,0,MONTHLY,YES
Batch2,A,ቅዱስ መስቀል,AM-MEL-040,የቅዱስ መስቀል 3ኛ መልክዕ በአማርኛ,አማርኛ,11,10,ሐምሌ 10,0,0,MONTHLY,YES
Batch2,A,ቅዱስ መስቀል,AM-MEL-040,የቅዱስ መስቀል 3ኛ መልክዕ በአማርኛ,አማርኛ,12,10,ነሐሴ 10,0,0,MONTHLY,YES
Batch2,A,ቅዱስ መስቀል,AM-MEL-040,የቅዱስ መስቀል 3ኛ መልክዕ በአማርኛ,አማርኛ,12,12,ነሐሴ 12,1,1,ANNUAL,YES
Batch2,A,ሐራ ድንግል,GZ-MEL-021,መልክዐ ሐራ ድንግል በግእዝ,ግእዝ,1,11,መስከረም 11,0,0,MONTHLY,YES
Batch2,A,ሐራ ድንግል,GZ-MEL-021,መልክዐ ሐራ ድንግል በግእዝ,ግእዝ,2,11,ጥቅምት 11,0,0,MONTHLY,YES
Batch2,A,ሐራ ድንግል,GZ-MEL-021,መልክዐ ሐራ ድንግል በግእዝ,ግእዝ,3,11,ኅዳር 11,0,0,MONTHLY,YES
Batch2,A,ሐራ ድንግል,GZ-MEL-021,መልክዐ ሐራ ድንግል በግእዝ,ግእዝ,4,11,ታኅሣሥ 11,0,0,MONTHLY,YES
Batch2,A,ሐራ ድንግል,GZ-MEL-021,መልክዐ ሐራ ድንግል በግእዝ,ግእዝ,5,11,ጥር 11,1,1,ANNUAL+MONTHLY,YES
Batch2,A,ሐራ ድንግል,GZ-MEL-021,መልክዐ ሐራ ድንግል በግእዝ,ግእዝ,6,11,የካቲት 11,0,0,MONTHLY,YES
Batch2,A,ሐራ ድንግል,GZ-MEL-021,መልክዐ ሐራ ድንግል በግእዝ,ግእዝ,7,11,መጋቢት 11,0,0,MONTHLY,YES
Batch2,A,ሐራ ድንግል,GZ-MEL-021,መልክዐ ሐራ ድንግል በግእዝ,ግእዝ,8,11,ሚያዝያ 11,0,0,MONTHLY,YES
Batch2,A,ሐራ ድንግል,GZ-MEL-021,መልክዐ ሐራ ድንግል በግእዝ,ግእዝ,9,11,ግንቦት 11,1,1,ANNUAL+MONTHLY,YES
Batch2,A,ሐራ ድንግል,GZ-MEL-021,መልክዐ ሐራ ድንግል በግእዝ,ግእዝ,10,11,ሰኔ 11,0,0,MONTHLY,YES
Batch2,A,ሐራ ድንግል,GZ-MEL-021,መልክዐ ሐራ ድንግል በግእዝ,ግእዝ,11,11,ሐምሌ 11,0,0,MONTHLY,YES
Batch2,A,ሐራ ድንግል,GZ-MEL-021,መልክዐ ሐራ ድንግል በግእዝ,ግእዝ,12,11,ነሐሴ 11,0,0,MONTHLY,YES
Batch2,A,ሐራ ድንግል,AM-MEL-019,መልክዐ አቡነ ሐራ ድንግል በአማርኛ,አማርኛ,1,11,መስከረም 11,0,0,MONTHLY,YES
Batch2,A,ሐራ ድንግል,AM-MEL-019,መልክዐ አቡነ ሐራ ድንግል በአማርኛ,አማርኛ,2,11,ጥቅምት 11,0,0,MONTHLY,YES
Batch2,A,ሐራ ድንግል,AM-MEL-019,መልክዐ አቡነ ሐራ ድንግል በአማርኛ,አማርኛ,3,11,ኅዳር 11,0,0,MONTHLY,YES
Batch2,A,ሐራ ድንግል,AM-MEL-019,መልክዐ አቡነ ሐራ ድንግል በአማርኛ,አማርኛ,4,11,ታኅሣሥ 11,0,0,MONTHLY,YES
Batch2,A,ሐራ ድንግል,AM-MEL-019,መልክዐ አቡነ ሐራ ድንግል በአማርኛ,አማርኛ,5,11,ጥር 11,1,1,ANNUAL+MONTHLY,YES
Batch2,A,ሐራ ድንግል,AM-MEL-019,መልክዐ አቡነ ሐራ ድንግል በአማርኛ,አማርኛ,6,11,የካቲት 11,0,0,MONTHLY,YES
Batch2,A,ሐራ ድንግል,AM-MEL-019,መልክዐ አቡነ ሐራ ድንግል በአማርኛ,አማርኛ,7,11,መጋቢት 11,0,0,MONTHLY,YES
Batch2,A,ሐራ ድንግል,AM-MEL-019,መልክዐ አቡነ ሐራ ድንግል በአማርኛ,አማርኛ,8,11,ሚያዝያ 11,0,0,MONTHLY,YES
Batch2,A,ሐራ ድንግል,AM-MEL-019,መልክዐ አቡነ ሐራ ድንግል በአማርኛ,አማርኛ,9,11,ግንቦት 11,1,1,ANNUAL+MONTHLY,YES
Batch2,A,ሐራ ድንግል,AM-MEL-019,መልክዐ አቡነ ሐራ ድንግል በአማርኛ,አማርኛ,10,11,ሰኔ 11,0,0,MONTHLY,YES
Batch2,A,ሐራ ድንግል,AM-MEL-019,መልክዐ አቡነ ሐራ ድንግል በአማርኛ,አማርኛ,11,11,ሐምሌ 11,0,0,MONTHLY,YES
Batch2,A,ሐራ ድንግል,AM-MEL-019,መልክዐ አቡነ ሐራ ድንግል በአማርኛ,አማርኛ,12,11,ነሐሴ 11,0,0,MONTHLY,YES
Batch2,A,መርምሕናም,GZ-MEL-049,መልክዐ ቅዱስ መርምሕናም በግእዝ,ግእዝ,4,14,ታኅሣሥ 14,1,1,ANNUAL,YES
Batch2,A,መርምሕናም,GZ-MEL-049,መልክዐ ቅዱስ መርምሕናም በግእዝ,ግእዝ,5,20,ጥር 20,1,1,ANNUAL,YES
Batch2,A,መርምሕናም,AM-MEL-039,የቅዱስ መርምሕናም መልክዕ በአማርኛ,አማርኛ,4,14,ታኅሣሥ 14,1,1,ANNUAL,YES
Batch2,A,መርምሕናም,AM-MEL-039,የቅዱስ መርምሕናም መልክዕ በአማርኛ,አማርኛ,5,20,ጥር 20,1,1,ANNUAL,YES
Batch2,A,ዕጨጌ ዮሐንስ,GZ-MEL-104,መልክዐ አቡነ ዕጨጌ ዮሐንስ በግእዝ,ግእዝ,11,29,ሐምሌ 29,1,1,ANNUAL,YES
Batch2,A,ዕጨጌ ዮሐንስ,AM-MEL-020,መልክዐ አቡነ ዕጨጌ ዮሐንስ በአማርኛ,አማርኛ,11,29,ሐምሌ 29,1,1,ANNUAL,YES
Batch2,A,አፍጼ,GZ-MEL-101,መልክዐ አቡነ አፍጼ በግእዝ,ግእዝ,9,29,ግንቦት 29,1,1,ANNUAL,YES
Batch2,A,አፍጼ,AM-MEL-024,መልክዐ አፍጼ በአማርኛ,አማርኛ,9,29,ግንቦት 29,1,1,ANNUAL,YES
Batch2,B,ኢያቄም ወሐና,GZ-MEL-022,መልክዐ ሐና በግእዝ,ግእዝ,1,1,መስከረም 1,0,0,MONTHLY,YES
Batch2,B,ኢያቄም ወሐና,GZ-MEL-022,መልክዐ ሐና በግእዝ,ግእዝ,1,3,መስከረም 3,0,0,MONTHLY,YES
Batch2,B,ኢያቄም ወሐና,GZ-MEL-022,መልክዐ ሐና በግእዝ,ግእዝ,1,7,መስከረም 7,1,1,ANNUAL,YES
Batch2,B,ኢያቄም ወሐና,GZ-MEL-022,መልክዐ ሐና በግእዝ,ግእዝ,1,11,መስከረም 11,0,0,MONTHLY,YES
Batch2,B,ኢያቄም ወሐና,GZ-MEL-022,መልክዐ ሐና በግእዝ,ግእዝ,1,12,መስከረም 12,1,1,ANNUAL,YES
Batch2,B,ኢያቄም ወሐና,GZ-MEL-022,መልክዐ ሐና በግእዝ,ግእዝ,2,1,ጥቅምት 1,0,0,MONTHLY,YES
Batch2,B,ኢያቄም ወሐና,GZ-MEL-022,መልክዐ ሐና በግእዝ,ግእዝ,2,3,ጥቅምት 3,0,0,MONTHLY,YES
Batch2,B,ኢያቄም ወሐና,GZ-MEL-022,መልክዐ ሐና በግእዝ,ግእዝ,2,11,ጥቅምት 11,0,0,MONTHLY,YES
Batch2,B,ኢያቄም ወሐና,GZ-MEL-022,መልክዐ ሐና በግእዝ,ግእዝ,3,1,ኅዳር 1,0,0,MONTHLY,YES
Batch2,B,ኢያቄም ወሐና,GZ-MEL-022,መልክዐ ሐና በግእዝ,ግእዝ,3,3,ኅዳር 3,0,0,MONTHLY,YES
Batch2,B,ኢያቄም ወሐና,GZ-MEL-022,መልክዐ ሐና በግእዝ,ግእዝ,3,11,ኅዳር 11,1,1,ANNUAL+MONTHLY,YES
Batch2,B,ኢያቄም ወሐና,GZ-MEL-022,መልክዐ ሐና በግእዝ,ግእዝ,4,1,ታኅሣሥ 1,0,0,MONTHLY,YES
Batch2,B,ኢያቄም ወሐና,GZ-MEL-022,መልክዐ ሐና በግእዝ,ግእዝ,4,3,ታኅሣሥ 3,1,1,ANNUAL+MONTHLY,YES
Batch2,B,ኢያቄም ወሐና,GZ-MEL-022,መልክዐ ሐና በግእዝ,ግእዝ,4,11,ታኅሣሥ 11,0,0,MONTHLY,YES
Batch2,B,ኢያቄም ወሐና,GZ-MEL-022,መልክዐ ሐና በግእዝ,ግእዝ,4,13,ታኅሣሥ 13,1,1,ANNUAL,YES
Batch2,B,ኢያቄም ወሐና,GZ-MEL-022,መልክዐ ሐና በግእዝ,ግእዝ,5,1,ጥር 1,0,0,MONTHLY,YES
Batch2,B,ኢያቄም ወሐና,GZ-MEL-022,መልክዐ ሐና በግእዝ,ግእዝ,5,3,ጥር 3,0,0,MONTHLY,YES
Batch2,B,ኢያቄም ወሐና,GZ-MEL-022,መልክዐ ሐና በግእዝ,ግእዝ,5,11,ጥር 11,0,0,MONTHLY,YES
Batch2,B,ኢያቄም ወሐና,GZ-MEL-022,መልክዐ ሐና በግእዝ,ግእዝ,6,1,የካቲት 1,0,0,MONTHLY,YES
Batch2,B,ኢያቄም ወሐና,GZ-MEL-022,መልክዐ ሐና በግእዝ,ግእዝ,6,3,የካቲት 3,0,0,MONTHLY,YES
Batch2,B,ኢያቄም ወሐና,GZ-MEL-022,መልክዐ ሐና በግእዝ,ግእዝ,6,11,የካቲት 11,0,0,MONTHLY,YES
Batch2,B,ኢያቄም ወሐና,GZ-MEL-022,መልክዐ ሐና በግእዝ,ግእዝ,7,1,መጋቢት 1,0,0,MONTHLY,YES
Batch2,B,ኢያቄም ወሐና,GZ-MEL-022,መልክዐ ሐና በግእዝ,ግእዝ,7,3,መጋቢት 3,0,0,MONTHLY,YES
Batch2,B,ኢያቄም ወሐና,GZ-MEL-022,መልክዐ ሐና በግእዝ,ግእዝ,7,11,መጋቢት 11,0,0,MONTHLY,YES
Batch2,B,ኢያቄም ወሐና,GZ-MEL-022,መልክዐ ሐና በግእዝ,ግእዝ,8,1,ሚያዝያ 1,0,0,MONTHLY,YES
Batch2,B,ኢያቄም ወሐና,GZ-MEL-022,መልክዐ ሐና በግእዝ,ግእዝ,8,3,ሚያዝያ 3,0,0,MONTHLY,YES
Batch2,B,ኢያቄም ወሐና,GZ-MEL-022,መልክዐ ሐና በግእዝ,ግእዝ,8,7,ሚያዝያ 7,1,1,ANNUAL,YES
Batch2,B,ኢያቄም ወሐና,GZ-MEL-022,መልክዐ ሐና በግእዝ,ግእዝ,8,11,ሚያዝያ 11,0,0,MONTHLY,YES
Batch2,B,ኢያቄም ወሐና,GZ-MEL-022,መልክዐ ሐና በግእዝ,ግእዝ,9,1,ግንቦት 1,1,1,ANNUAL+MONTHLY,YES
Batch2,B,ኢያቄም ወሐና,GZ-MEL-022,መልክዐ ሐና በግእዝ,ግእዝ,9,3,ግንቦት 3,0,0,MONTHLY,YES
Batch2,B,ኢያቄም ወሐና,GZ-MEL-022,መልክዐ ሐና በግእዝ,ግእዝ,9,11,ግንቦት 11,0,0,MONTHLY,YES
Batch2,B,ኢያቄም ወሐና,GZ-MEL-022,መልክዐ ሐና በግእዝ,ግእዝ,10,1,ሰኔ 1,0,0,MONTHLY,YES
Batch2,B,ኢያቄም ወሐና,GZ-MEL-022,መልክዐ ሐና በግእዝ,ግእዝ,10,3,ሰኔ 3,0,0,MONTHLY,YES
Batch2,B,ኢያቄም ወሐና,GZ-MEL-022,መልክዐ ሐና በግእዝ,ግእዝ,10,11,ሰኔ 11,0,0,MONTHLY,YES
Batch2,B,ኢያቄም ወሐና,GZ-MEL-022,መልክዐ ሐና በግእዝ,ግእዝ,11,1,ሐምሌ 1,0,0,MONTHLY,YES
Batch2,B,ኢያቄም ወሐና,GZ-MEL-022,መልክዐ ሐና በግእዝ,ግእዝ,11,3,ሐምሌ 3,0,0,MONTHLY,YES
Batch2,B,ኢያቄም ወሐና,GZ-MEL-022,መልክዐ ሐና በግእዝ,ግእዝ,11,11,ሐምሌ 11,0,0,MONTHLY,YES
Batch2,B,ኢያቄም ወሐና,GZ-MEL-022,መልክዐ ሐና በግእዝ,ግእዝ,12,1,ነሐሴ 1,1,1,ANNUAL+MONTHLY,YES
Batch2,B,ኢያቄም ወሐና,GZ-MEL-022,መልክዐ ሐና በግእዝ,ግእዝ,12,3,ነሐሴ 3,0,0,MONTHLY,YES
Batch2,B,ኢያቄም ወሐና,GZ-MEL-022,መልክዐ ሐና በግእዝ,ግእዝ,12,7,ነሐሴ 7,1,1,ANNUAL,YES
Batch2,B,ኢያቄም ወሐና,GZ-MEL-022,መልክዐ ሐና በግእዝ,ግእዝ,12,11,ነሐሴ 11,0,0,MONTHLY,YES
Batch2,B,ኢያቄም ወሐና,GZ-MEL-022,መልክዐ ሐና በግእዝ,ግእዝ,13,1,ጳጉሜን 1,0,0,MONTHLY,YES
Batch2,B,ኢያቄም ወሐና,GZ-MEL-022,መልክዐ ሐና በግእዝ,ግእዝ,13,3,ጳጉሜን 3,0,0,MONTHLY,YES
Batch2,B,ኢያቄም ወሐና,GZ-MEL-133,መልክዐ ኢያቄም በግእዝ,ግእዝ,1,1,መስከረም 1,0,0,MONTHLY,YES
Batch2,B,ኢያቄም ወሐና,GZ-MEL-133,መልክዐ ኢያቄም በግእዝ,ግእዝ,1,3,መስከረም 3,0,0,MONTHLY,YES
Batch2,B,ኢያቄም ወሐና,GZ-MEL-133,መልክዐ ኢያቄም በግእዝ,ግእዝ,1,7,መስከረም 7,1,1,ANNUAL,YES
Batch2,B,ኢያቄም ወሐና,GZ-MEL-133,መልክዐ ኢያቄም በግእዝ,ግእዝ,1,11,መስከረም 11,0,0,MONTHLY,YES
Batch2,B,ኢያቄም ወሐና,GZ-MEL-133,መልክዐ ኢያቄም በግእዝ,ግእዝ,1,12,መስከረም 12,1,1,ANNUAL,YES
Batch2,B,ኢያቄም ወሐና,GZ-MEL-133,መልክዐ ኢያቄም በግእዝ,ግእዝ,2,1,ጥቅምት 1,0,0,MONTHLY,YES
Batch2,B,ኢያቄም ወሐና,GZ-MEL-133,መልክዐ ኢያቄም በግእዝ,ግእዝ,2,3,ጥቅምት 3,0,0,MONTHLY,YES
Batch2,B,ኢያቄም ወሐና,GZ-MEL-133,መልክዐ ኢያቄም በግእዝ,ግእዝ,2,11,ጥቅምት 11,0,0,MONTHLY,YES
Batch2,B,ኢያቄም ወሐና,GZ-MEL-133,መልክዐ ኢያቄም በግእዝ,ግእዝ,3,1,ኅዳር 1,0,0,MONTHLY,YES
Batch2,B,ኢያቄም ወሐና,GZ-MEL-133,መልክዐ ኢያቄም በግእዝ,ግእዝ,3,3,ኅዳር 3,0,0,MONTHLY,YES
Batch2,B,ኢያቄም ወሐና,GZ-MEL-133,መልክዐ ኢያቄም በግእዝ,ግእዝ,3,11,ኅዳር 11,1,1,ANNUAL+MONTHLY,YES
Batch2,B,ኢያቄም ወሐና,GZ-MEL-133,መልክዐ ኢያቄም በግእዝ,ግእዝ,4,1,ታኅሣሥ 1,0,0,MONTHLY,YES
Batch2,B,ኢያቄም ወሐና,GZ-MEL-133,መልክዐ ኢያቄም በግእዝ,ግእዝ,4,3,ታኅሣሥ 3,1,1,ANNUAL+MONTHLY,YES
Batch2,B,ኢያቄም ወሐና,GZ-MEL-133,መልክዐ ኢያቄም በግእዝ,ግእዝ,4,11,ታኅሣሥ 11,0,0,MONTHLY,YES
Batch2,B,ኢያቄም ወሐና,GZ-MEL-133,መልክዐ ኢያቄም በግእዝ,ግእዝ,4,13,ታኅሣሥ 13,1,1,ANNUAL,YES
Batch2,B,ኢያቄም ወሐና,GZ-MEL-133,መልክዐ ኢያቄም በግእዝ,ግእዝ,5,1,ጥር 1,0,0,MONTHLY,YES
Batch2,B,ኢያቄም ወሐና,GZ-MEL-133,መልክዐ ኢያቄም በግእዝ,ግእዝ,5,3,ጥር 3,0,0,MONTHLY,YES
Batch2,B,ኢያቄም ወሐና,GZ-MEL-133,መልክዐ ኢያቄም በግእዝ,ግእዝ,5,11,ጥር 11,0,0,MONTHLY,YES
Batch2,B,ኢያቄም ወሐና,GZ-MEL-133,መልክዐ ኢያቄም በግእዝ,ግእዝ,6,1,የካቲት 1,0,0,MONTHLY,YES
Batch2,B,ኢያቄም ወሐና,GZ-MEL-133,መልክዐ ኢያቄም በግእዝ,ግእዝ,6,3,የካቲት 3,0,0,MONTHLY,YES
Batch2,B,ኢያቄም ወሐና,GZ-MEL-133,መልክዐ ኢያቄም በግእዝ,ግእዝ,6,11,የካቲት 11,0,0,MONTHLY,YES
Batch2,B,ኢያቄም ወሐና,GZ-MEL-133,መልክዐ ኢያቄም በግእዝ,ግእዝ,7,1,መጋቢት 1,0,0,MONTHLY,YES
Batch2,B,ኢያቄም ወሐና,GZ-MEL-133,መልክዐ ኢያቄም በግእዝ,ግእዝ,7,3,መጋቢት 3,0,0,MONTHLY,YES
Batch2,B,ኢያቄም ወሐና,GZ-MEL-133,መልክዐ ኢያቄም በግእዝ,ግእዝ,7,11,መጋቢት 11,0,0,MONTHLY,YES
Batch2,B,ኢያቄም ወሐና,GZ-MEL-133,መልክዐ ኢያቄም በግእዝ,ግእዝ,8,1,ሚያዝያ 1,0,0,MONTHLY,YES
Batch2,B,ኢያቄም ወሐና,GZ-MEL-133,መልክዐ ኢያቄም በግእዝ,ግእዝ,8,3,ሚያዝያ 3,0,0,MONTHLY,YES
Batch2,B,ኢያቄም ወሐና,GZ-MEL-133,መልክዐ ኢያቄም በግእዝ,ግእዝ,8,7,ሚያዝያ 7,1,1,ANNUAL,YES
Batch2,B,ኢያቄም ወሐና,GZ-MEL-133,መልክዐ ኢያቄም በግእዝ,ግእዝ,8,11,ሚያዝያ 11,0,0,MONTHLY,YES
Batch2,B,ኢያቄም ወሐና,GZ-MEL-133,መልክዐ ኢያቄም በግእዝ,ግእዝ,9,1,ግንቦት 1,1,1,ANNUAL+MONTHLY,YES
Batch2,B,ኢያቄም ወሐና,GZ-MEL-133,መልክዐ ኢያቄም በግእዝ,ግእዝ,9,3,ግንቦት 3,0,0,MONTHLY,YES
Batch2,B,ኢያቄም ወሐና,GZ-MEL-133,መልክዐ ኢያቄም በግእዝ,ግእዝ,9,11,ግንቦት 11,0,0,MONTHLY,YES
Batch2,B,ኢያቄም ወሐና,GZ-MEL-133,መልክዐ ኢያቄም በግእዝ,ግእዝ,10,1,ሰኔ 1,0,0,MONTHLY,YES
Batch2,B,ኢያቄም ወሐና,GZ-MEL-133,መልክዐ ኢያቄም በግእዝ,ግእዝ,10,3,ሰኔ 3,0,0,MONTHLY,YES
Batch2,B,ኢያቄም ወሐና,GZ-MEL-133,መልክዐ ኢያቄም በግእዝ,ግእዝ,10,11,ሰኔ 11,0,0,MONTHLY,YES
Batch2,B,ኢያቄም ወሐና,GZ-MEL-133,መልክዐ ኢያቄም በግእዝ,ግእዝ,11,1,ሐምሌ 1,0,0,MONTHLY,YES
Batch2,B,ኢያቄም ወሐና,GZ-MEL-133,መልክዐ ኢያቄም በግእዝ,ግእዝ,11,3,ሐምሌ 3,0,0,MONTHLY,YES
Batch2,B,ኢያቄም ወሐና,GZ-MEL-133,መልክዐ ኢያቄም በግእዝ,ግእዝ,11,11,ሐምሌ 11,0,0,MONTHLY,YES
Batch2,B,ኢያቄም ወሐና,GZ-MEL-133,መልክዐ ኢያቄም በግእዝ,ግእዝ,12,1,ነሐሴ 1,1,1,ANNUAL+MONTHLY,YES
Batch2,B,ኢያቄም ወሐና,GZ-MEL-133,መልክዐ ኢያቄም በግእዝ,ግእዝ,12,3,ነሐሴ 3,0,0,MONTHLY,YES
Batch2,B,ኢያቄም ወሐና,GZ-MEL-133,መልክዐ ኢያቄም በግእዝ,ግእዝ,12,7,ነሐሴ 7,1,1,ANNUAL,YES
Batch2,B,ኢያቄም ወሐና,GZ-MEL-133,መልክዐ ኢያቄም በግእዝ,ግእዝ,12,11,ነሐሴ 11,0,0,MONTHLY,YES
Batch2,B,ኢያቄም ወሐና,GZ-MEL-133,መልክዐ ኢያቄም በግእዝ,ግእዝ,13,1,ጳጉሜን 1,0,0,MONTHLY,YES
Batch2,B,ኢያቄም ወሐና,GZ-MEL-133,መልክዐ ኢያቄም በግእዝ,ግእዝ,13,3,ጳጉሜን 3,0,0,MONTHLY,YES
Batch2,B,ኢየሱስ ሞዐ,AM-GDL-026,ገድለ አቡነ ኢየሱስ ሞዐ በአማርኛ,አማርኛ,1,26,መስከረም 26,0,0,MONTHLY,YES
Batch2,B,ኢየሱስ ሞዐ,AM-GDL-026,ገድለ አቡነ ኢየሱስ ሞዐ በአማርኛ,አማርኛ,2,26,ጥቅምት 26,0,0,MONTHLY,YES
Batch2,B,ኢየሱስ ሞዐ,AM-GDL-026,ገድለ አቡነ ኢየሱስ ሞዐ በአማርኛ,አማርኛ,3,26,ኅዳር 26,1,1,ANNUAL+MONTHLY,YES
Batch2,B,ኢየሱስ ሞዐ,AM-GDL-026,ገድለ አቡነ ኢየሱስ ሞዐ በአማርኛ,አማርኛ,4,26,ታኅሣሥ 26,0,0,MONTHLY,YES
Batch2,B,ኢየሱስ ሞዐ,AM-GDL-026,ገድለ አቡነ ኢየሱስ ሞዐ በአማርኛ,አማርኛ,5,26,ጥር 26,0,0,MONTHLY,YES
Batch2,B,ኢየሱስ ሞዐ,AM-GDL-026,ገድለ አቡነ ኢየሱስ ሞዐ በአማርኛ,አማርኛ,6,26,የካቲት 26,0,0,MONTHLY,YES
Batch2,B,ኢየሱስ ሞዐ,AM-GDL-026,ገድለ አቡነ ኢየሱስ ሞዐ በአማርኛ,አማርኛ,7,26,መጋቢት 26,0,0,MONTHLY,YES
Batch2,B,ኢየሱስ ሞዐ,AM-GDL-026,ገድለ አቡነ ኢየሱስ ሞዐ በአማርኛ,አማርኛ,8,26,ሚያዝያ 26,0,0,MONTHLY,YES
Batch2,B,ኢየሱስ ሞዐ,AM-GDL-026,ገድለ አቡነ ኢየሱስ ሞዐ በአማርኛ,አማርኛ,9,26,ግንቦት 26,0,0,MONTHLY,YES
Batch2,B,ኢየሱስ ሞዐ,AM-GDL-026,ገድለ አቡነ ኢየሱስ ሞዐ በአማርኛ,አማርኛ,10,26,ሰኔ 26,0,0,MONTHLY,YES
Batch2,B,ኢየሱስ ሞዐ,AM-GDL-026,ገድለ አቡነ ኢየሱስ ሞዐ በአማርኛ,አማርኛ,11,26,ሐምሌ 26,0,0,MONTHLY,YES
Batch2,B,ኢየሱስ ሞዐ,AM-GDL-026,ገድለ አቡነ ኢየሱስ ሞዐ በአማርኛ,አማርኛ,12,26,ነሐሴ 26,0,0,MONTHLY,YES
Batch2,B,ኢየሱስ ሞዐ,GZ-MEL-130,መልክዐ ኢየሱስ ሞዐ በግእዝ,ግእዝ,1,26,መስከረም 26,0,0,MONTHLY,YES
Batch2,B,ኢየሱስ ሞዐ,GZ-MEL-130,መልክዐ ኢየሱስ ሞዐ በግእዝ,ግእዝ,2,26,ጥቅምት 26,0,0,MONTHLY,YES
Batch2,B,ኢየሱስ ሞዐ,GZ-MEL-130,መልክዐ ኢየሱስ ሞዐ በግእዝ,ግእዝ,3,26,ኅዳር 26,1,1,ANNUAL+MONTHLY,YES
Batch2,B,ኢየሱስ ሞዐ,GZ-MEL-130,መልክዐ ኢየሱስ ሞዐ በግእዝ,ግእዝ,4,26,ታኅሣሥ 26,0,0,MONTHLY,YES
Batch2,B,ኢየሱስ ሞዐ,GZ-MEL-130,መልክዐ ኢየሱስ ሞዐ በግእዝ,ግእዝ,5,26,ጥር 26,0,0,MONTHLY,YES
Batch2,B,ኢየሱስ ሞዐ,GZ-MEL-130,መልክዐ ኢየሱስ ሞዐ በግእዝ,ግእዝ,6,26,የካቲት 26,0,0,MONTHLY,YES
Batch2,B,ኢየሱስ ሞዐ,GZ-MEL-130,መልክዐ ኢየሱስ ሞዐ በግእዝ,ግእዝ,7,26,መጋቢት 26,0,0,MONTHLY,YES
Batch2,B,ኢየሱስ ሞዐ,GZ-MEL-130,መልክዐ ኢየሱስ ሞዐ በግእዝ,ግእዝ,8,26,ሚያዝያ 26,0,0,MONTHLY,YES
Batch2,B,ኢየሱስ ሞዐ,GZ-MEL-130,መልክዐ ኢየሱስ ሞዐ በግእዝ,ግእዝ,9,26,ግንቦት 26,0,0,MONTHLY,YES
Batch2,B,ኢየሱስ ሞዐ,GZ-MEL-130,መልክዐ ኢየሱስ ሞዐ በግእዝ,ግእዝ,10,26,ሰኔ 26,0,0,MONTHLY,YES
Batch2,B,ኢየሱስ ሞዐ,GZ-MEL-130,መልክዐ ኢየሱስ ሞዐ በግእዝ,ግእዝ,11,26,ሐምሌ 26,0,0,MONTHLY,YES
Batch2,B,ኢየሱስ ሞዐ,GZ-MEL-130,መልክዐ ኢየሱስ ሞዐ በግእዝ,ግእዝ,12,26,ነሐሴ 26,0,0,MONTHLY,YES
Batch2,B,ምክሐ ምእመናን,GZ-MIK-001,ምክሐ ምእመናን በግእዝ,ግእዝ,9,12,ግንቦት 12,1,1,ANNUAL,YES
Batch2,B,ምክሐ ምእመናን,GZ-MIK-002,ምክሓ ምእመናን በግእዝ,ግእዝ,9,12,ግንቦት 12,1,1,ANNUAL,YES
Batch2,C,መባዓ ጽዮን,AM-GDL-022,የመባዓ ጽዮን ገድል በአማርኛ,አማርኛ,1,27,መስከረም 27,0,0,MONTHLY,YES
Batch2,C,መባዓ ጽዮን,AM-GDL-022,የመባዓ ጽዮን ገድል በአማርኛ,አማርኛ,2,27,ጥቅምት 27,1,1,ANNUAL+MONTHLY,YES
Batch2,C,መባዓ ጽዮን,AM-GDL-022,የመባዓ ጽዮን ገድል በአማርኛ,አማርኛ,3,27,ኅዳር 27,0,0,MONTHLY,YES
Batch2,C,መባዓ ጽዮን,AM-GDL-022,የመባዓ ጽዮን ገድል በአማርኛ,አማርኛ,4,27,ታኅሣሥ 27,0,0,MONTHLY,YES
Batch2,C,መባዓ ጽዮን,AM-GDL-022,የመባዓ ጽዮን ገድል በአማርኛ,አማርኛ,5,27,ጥር 27,0,0,MONTHLY,YES
Batch2,C,መባዓ ጽዮን,AM-GDL-022,የመባዓ ጽዮን ገድል በአማርኛ,አማርኛ,6,27,የካቲት 27,0,0,MONTHLY,YES
Batch2,C,መባዓ ጽዮን,AM-GDL-022,የመባዓ ጽዮን ገድል በአማርኛ,አማርኛ,7,27,መጋቢት 27,0,0,MONTHLY,YES
Batch2,C,መባዓ ጽዮን,AM-GDL-022,የመባዓ ጽዮን ገድል በአማርኛ,አማርኛ,8,27,ሚያዝያ 27,0,0,MONTHLY,YES
Batch2,C,መባዓ ጽዮን,AM-GDL-022,የመባዓ ጽዮን ገድል በአማርኛ,አማርኛ,9,27,ግንቦት 27,0,0,MONTHLY,YES
Batch2,C,መባዓ ጽዮን,AM-GDL-022,የመባዓ ጽዮን ገድል በአማርኛ,አማርኛ,10,27,ሰኔ 27,0,0,MONTHLY,YES
Batch2,C,መባዓ ጽዮን,AM-GDL-022,የመባዓ ጽዮን ገድል በአማርኛ,አማርኛ,11,27,ሐምሌ 27,0,0,MONTHLY,YES
Batch2,C,መባዓ ጽዮን,AM-GDL-022,የመባዓ ጽዮን ገድል በአማርኛ,አማርኛ,12,27,ነሐሴ 27,0,0,MONTHLY,YES
Batch2,C,የሰኔ ጎልጎታ,AM-GOL-001,የሰኔ ጎልጎታ በአማርኛ,አማርኛ,1,21,መስከረም 21,0,0,MONTHLY,YES
Batch2,C,የሰኔ ጎልጎታ,AM-GOL-001,የሰኔ ጎልጎታ በአማርኛ,አማርኛ,2,21,ጥቅምት 21,0,0,MONTHLY,YES
Batch2,C,የሰኔ ጎልጎታ,AM-GOL-001,የሰኔ ጎልጎታ በአማርኛ,አማርኛ,3,21,ኅዳር 21,0,0,MONTHLY,YES
Batch2,C,የሰኔ ጎልጎታ,AM-GOL-001,የሰኔ ጎልጎታ በአማርኛ,አማርኛ,4,21,ታኅሣሥ 21,0,0,MONTHLY,YES
Batch2,C,የሰኔ ጎልጎታ,AM-GOL-001,የሰኔ ጎልጎታ በአማርኛ,አማርኛ,5,21,ጥር 21,0,0,MONTHLY,YES
Batch2,C,የሰኔ ጎልጎታ,AM-GOL-001,የሰኔ ጎልጎታ በአማርኛ,አማርኛ,6,21,የካቲት 21,0,0,MONTHLY,YES
Batch2,C,የሰኔ ጎልጎታ,AM-GOL-001,የሰኔ ጎልጎታ በአማርኛ,አማርኛ,7,21,መጋቢት 21,0,0,MONTHLY,YES
Batch2,C,የሰኔ ጎልጎታ,AM-GOL-001,የሰኔ ጎልጎታ በአማርኛ,አማርኛ,8,21,ሚያዝያ 21,0,0,MONTHLY,YES
Batch2,C,የሰኔ ጎልጎታ,AM-GOL-001,የሰኔ ጎልጎታ በአማርኛ,አማርኛ,9,21,ግንቦት 21,0,0,MONTHLY,YES
Batch2,C,የሰኔ ጎልጎታ,AM-GOL-001,የሰኔ ጎልጎታ በአማርኛ,አማርኛ,10,21,ሰኔ 21,0,0,MONTHLY,YES
Batch2,C,የሰኔ ጎልጎታ,AM-GOL-001,የሰኔ ጎልጎታ በአማርኛ,አማርኛ,11,21,ሐምሌ 21,0,0,MONTHLY,YES
Batch2,C,የሰኔ ጎልጎታ,AM-GOL-001,የሰኔ ጎልጎታ በአማርኛ,አማርኛ,12,21,ነሐሴ 21,0,0,MONTHLY,YES
Batch2,C,ዘርዐ አብርሃም,GZ-GDL-013,ገድለ ዘርዐ አብርሃም በግእዝ,ግእዝ,4,24,ታኅሣሥ 24,1,1,ANNUAL,YES
Batch2,C,ተክለ ሐዋርያት,GZ-GDL-017,ገድለ አቡነ ተክለ ሐዋርያት በግእዝ,ግእዝ,3,27,ኅዳር 27,1,1,ANNUAL,YES
Batch2,C,መዝራዕተ ክርስቶስ,GZ-GDL-023,ገድለ አቡነ መዝራዕተ ክርስቶስ በግእዝ,ግእዝ,9,29,ግንቦት 29,1,1,ANNUAL,YES
Batch2,C,አፍኒን,GZ-MEL-010,መልክዐ ሊቀ መላእክት ቅዱስ አፍኒን በግእዝ,ግእዝ,3,8,ኅዳር 8,1,1,ANNUAL,YES
Batch2,C,ሕፃን ሞዐ,GZ-MEL-025,መልክዐ ሕፃን ሞዐ በግእዝ,ግእዝ,11,25,ሐምሌ 25,1,1,ANNUAL,YES
Batch3,C,ቁስቋም,GZ-MEL-045,መልክዐ ቁስቋም በግእዝ,ግእዝ,1,6,መስከረም 6,0,0,MONTHLY,YES
Batch3,C,ቁስቋም,GZ-MEL-045,መልክዐ ቁስቋም በግእዝ,ግእዝ,2,6,ጥቅምት 6,0,0,MONTHLY,YES
Batch3,C,ቁስቋም,GZ-MEL-045,መልክዐ ቁስቋም በግእዝ,ግእዝ,3,6,ኅዳር 6,1,1,ANNUAL+MONTHLY,YES
Batch3,C,ቁስቋም,GZ-MEL-045,መልክዐ ቁስቋም በግእዝ,ግእዝ,4,6,ታኅሣሥ 6,0,0,MONTHLY,YES
Batch3,C,ቁስቋም,GZ-MEL-045,መልክዐ ቁስቋም በግእዝ,ግእዝ,5,6,ጥር 6,0,0,MONTHLY,YES
Batch3,C,ቁስቋም,GZ-MEL-045,መልክዐ ቁስቋም በግእዝ,ግእዝ,6,6,የካቲት 6,0,0,MONTHLY,YES
Batch3,C,ቁስቋም,GZ-MEL-045,መልክዐ ቁስቋም በግእዝ,ግእዝ,7,6,መጋቢት 6,0,0,MONTHLY,YES
Batch3,C,ቁስቋም,GZ-MEL-045,መልክዐ ቁስቋም በግእዝ,ግእዝ,8,6,ሚያዝያ 6,0,0,MONTHLY,YES
Batch3,C,ቁስቋም,GZ-MEL-045,መልክዐ ቁስቋም በግእዝ,ግእዝ,9,6,ግንቦት 6,0,0,MONTHLY,YES
Batch3,C,ቁስቋም,GZ-MEL-045,መልክዐ ቁስቋም በግእዝ,ግእዝ,10,6,ሰኔ 6,0,0,MONTHLY,YES
Batch3,C,ቁስቋም,GZ-MEL-045,መልክዐ ቁስቋም በግእዝ,ግእዝ,11,6,ሐምሌ 6,0,0,MONTHLY,YES
Batch3,C,ቁስቋም,GZ-MEL-045,መልክዐ ቁስቋም በግእዝ,ግእዝ,12,6,ነሐሴ 6,0,0,MONTHLY,YES
Batch3,C,ቁስቋም,GZ-MEL-045,መልክዐ ቁስቋም በግእዝ,ግእዝ,13,6,ጳጉሜን 6,0,0,MONTHLY,YES
Batch3,C,አግናጥዮስ,GZ-MEL-058,መልክዐ ቅዱስ አግናጥዮስ ምጥው ለአንበሳ በግእዝ,ግእዝ,1,7,መስከረም 7,0,0,MONTHLY,YES
Batch3,C,አግናጥዮስ,GZ-MEL-058,መልክዐ ቅዱስ አግናጥዮስ ምጥው ለአንበሳ በግእዝ,ግእዝ,2,7,ጥቅምት 7,0,0,MONTHLY,YES
Batch3,C,አግናጥዮስ,GZ-MEL-058,መልክዐ ቅዱስ አግናጥዮስ ምጥው ለአንበሳ በግእዝ,ግእዝ,2,26,ጥቅምት 26,1,1,ANNUAL,YES
Batch3,C,አግናጥዮስ,GZ-MEL-058,መልክዐ ቅዱስ አግናጥዮስ ምጥው ለአንበሳ በግእዝ,ግእዝ,3,7,ኅዳር 7,0,0,MONTHLY,YES
Batch3,C,አግናጥዮስ,GZ-MEL-058,መልክዐ ቅዱስ አግናጥዮስ ምጥው ለአንበሳ በግእዝ,ግእዝ,4,7,ታኅሣሥ 7,0,0,MONTHLY,YES
Batch3,C,አግናጥዮስ,GZ-MEL-058,መልክዐ ቅዱስ አግናጥዮስ ምጥው ለአንበሳ በግእዝ,ግእዝ,4,24,ታኅሣሥ 24,1,1,ANNUAL,YES
Batch3,C,አግናጥዮስ,GZ-MEL-058,መልክዐ ቅዱስ አግናጥዮስ ምጥው ለአንበሳ በግእዝ,ግእዝ,5,7,ጥር 7,0,0,MONTHLY,YES
Batch3,C,አግናጥዮስ,GZ-MEL-058,መልክዐ ቅዱስ አግናጥዮስ ምጥው ለአንበሳ በግእዝ,ግእዝ,6,7,የካቲት 7,0,0,MONTHLY,YES
Batch3,C,አግናጥዮስ,GZ-MEL-058,መልክዐ ቅዱስ አግናጥዮስ ምጥው ለአንበሳ በግእዝ,ግእዝ,7,7,መጋቢት 7,0,0,MONTHLY,YES
Batch3,C,አግናጥዮስ,GZ-MEL-058,መልክዐ ቅዱስ አግናጥዮስ ምጥው ለአንበሳ በግእዝ,ግእዝ,8,7,ሚያዝያ 7,0,0,MONTHLY,YES
Batch3,C,አግናጥዮስ,GZ-MEL-058,መልክዐ ቅዱስ አግናጥዮስ ምጥው ለአንበሳ በግእዝ,ግእዝ,9,7,ግንቦት 7,0,0,MONTHLY,YES
Batch3,C,አግናጥዮስ,GZ-MEL-058,መልክዐ ቅዱስ አግናጥዮስ ምጥው ለአንበሳ በግእዝ,ግእዝ,10,7,ሰኔ 7,0,0,MONTHLY,YES
Batch3,C,አግናጥዮስ,GZ-MEL-058,መልክዐ ቅዱስ አግናጥዮስ ምጥው ለአንበሳ በግእዝ,ግእዝ,11,1,ሐምሌ 1,1,1,ANNUAL,YES
Batch3,C,አግናጥዮስ,GZ-MEL-058,መልክዐ ቅዱስ አግናጥዮስ ምጥው ለአንበሳ በግእዝ,ግእዝ,11,7,ሐምሌ 7,1,1,ANNUAL+MONTHLY,YES
Batch3,C,አግናጥዮስ,GZ-MEL-058,መልክዐ ቅዱስ አግናጥዮስ ምጥው ለአንበሳ በግእዝ,ግእዝ,12,7,ነሐሴ 7,0,0,MONTHLY,YES
Batch3,C,ነአኵቶ ለአብ,GZ-MEL-071,መልክዐ ነአኵቶ ለአብ በግእዝ,ግእዝ,3,1,ኅዳር 1,1,1,ANNUAL,YES
Batch3,C,ነአኵቶ ለአብ,GZ-MEL-071,መልክዐ ነአኵቶ ለአብ በግእዝ,ግእዝ,3,3,ኅዳር 3,1,1,ANNUAL,YES
Batch3,C,ሠምረ ክርስቶስ,GZ-MEL-082,መልክዐ አቡነ ሠምረ ክርስቶስ በግእዝ,ግእዝ,5,20,ጥር 20,1,1,ANNUAL,YES
Batch3,C,ሳሙኤል ሣልስ,GZ-MEL-084,መልክዐ አቡነ ሳሙኤል በግእዝ ሣልስ በግእዝ,ግእዝ,1,12,መስከረም 12,0,0,MONTHLY,YES
Batch3,C,ሳሙኤል ሣልስ,GZ-MEL-084,መልክዐ አቡነ ሳሙኤል በግእዝ ሣልስ በግእዝ,ግእዝ,2,12,ጥቅምት 12,0,0,MONTHLY,YES
Batch3,C,ሳሙኤል ሣልስ,GZ-MEL-084,መልክዐ አቡነ ሳሙኤል በግእዝ ሣልስ በግእዝ,ግእዝ,2,29,ጥቅምት 29,1,1,ANNUAL,YES
Batch3,C,ሳሙኤል ሣልስ,GZ-MEL-084,መልክዐ አቡነ ሳሙኤል በግእዝ ሣልስ በግእዝ,ግእዝ,3,12,ኅዳር 12,0,0,MONTHLY,YES
Batch3,C,ሳሙኤል ሣልስ,GZ-MEL-084,መልክዐ አቡነ ሳሙኤል በግእዝ ሣልስ በግእዝ,ግእዝ,4,12,ታኅሣሥ 12,1,1,ANNUAL+MONTHLY,YES
Batch3,C,ሳሙኤል ሣልስ,GZ-MEL-084,መልክዐ አቡነ ሳሙኤል በግእዝ ሣልስ በግእዝ,ግእዝ,4,23,ታኅሣሥ 23,1,1,ANNUAL,YES
Batch3,C,ሳሙኤል ሣልስ,GZ-MEL-084,መልክዐ አቡነ ሳሙኤል በግእዝ ሣልስ በግእዝ,ግእዝ,5,12,ጥር 12,0,0,MONTHLY,YES
Batch3,C,ሳሙኤል ሣልስ,GZ-MEL-084,መልክዐ አቡነ ሳሙኤል በግእዝ ሣልስ በግእዝ,ግእዝ,6,12,የካቲት 12,0,0,MONTHLY,YES
Batch3,C,ሳሙኤል ሣልስ,GZ-MEL-084,መልክዐ አቡነ ሳሙኤል በግእዝ ሣልስ በግእዝ,ግእዝ,7,12,መጋቢት 12,0,0,MONTHLY,YES
Batch3,C,ሳሙኤል ሣልስ,GZ-MEL-084,መልክዐ አቡነ ሳሙኤል በግእዝ ሣልስ በግእዝ,ግእዝ,8,12,ሚያዝያ 12,1,1,ANNUAL+MONTHLY,YES
Batch3,C,ሳሙኤል ሣልስ,GZ-MEL-084,መልክዐ አቡነ ሳሙኤል በግእዝ ሣልስ በግእዝ,ግእዝ,9,12,ግንቦት 12,0,0,MONTHLY,YES
Batch3,C,ሳሙኤል ሣልስ,GZ-MEL-084,መልክዐ አቡነ ሳሙኤል በግእዝ ሣልስ በግእዝ,ግእዝ,10,12,ሰኔ 12,0,0,MONTHLY,YES
Batch3,C,ሳሙኤል ሣልስ,GZ-MEL-084,መልክዐ አቡነ ሳሙኤል በግእዝ ሣልስ በግእዝ,ግእዝ,11,12,ሐምሌ 12,0,0,MONTHLY,YES
Batch3,C,ሳሙኤል ሣልስ,GZ-MEL-084,መልክዐ አቡነ ሳሙኤል በግእዝ ሣልስ በግእዝ,ግእዝ,12,12,ነሐሴ 12,0,0,MONTHLY,YES
Batch3,C,ሴት,GZ-MEL-087,መልክዐ አቡነ ሴት በግእዝ,ግእዝ,3,24,ኅዳር 24,1,1,ANNUAL,YES
Batch3,C,ቡሩከ አምላክ,GZ-MEL-088,መልክዐ አቡነ ቡሩከ አምላክ ዘደብረ ኮል በግእዝ,ግእዝ,12,14,ነሐሴ 14,1,1,ANNUAL,YES
Batch3,C,ብፁዓ አምላክ,GZ-MEL-089,መልክዐ አቡነ ብፁዓ አምላክ ዘደብረ ምዕዋን ወዘደብረ ኰዳዱ በግእዝ,ግእዝ,4,1,ታኅሣሥ 1,1,1,ANNUAL,YES
Batch3,C,ብፁዓ አምላክ,GZ-MEL-089,መልክዐ አቡነ ብፁዓ አምላክ ዘደብረ ምዕዋን ወዘደብረ ኰዳዱ በግእዝ,ግእዝ,9,9,ግንቦት 9,1,1,ANNUAL,YES
Batch3,C,አብራንዮስ,GZ-MEL-097,መልክዐ አቡነ አብራንዮስ ዘደብር ጥሉል በግእዝ,ግእዝ,3,22,ኅዳር 22,1,1,ANNUAL,YES
Batch3,C,አብራንዮስ,GZ-MEL-097,መልክዐ አቡነ አብራንዮስ ዘደብር ጥሉል በግእዝ,ግእዝ,10,22,ሰኔ 22,1,1,ANNUAL,YES
Batch3,C,ዮስጢኖስ,GZ-MEL-112,መልክዐ አቡነ ዮስጢኖስ በግእዝ,ግእዝ,12,16,ነሐሴ 16,1,1,ANNUAL,YES
Batch3,C,ጼዋ ለጽድቅ,GZ-MEL-116,መልክዐ አቡነ ጼዋ ለጽድቅ በግእዝ,ግእዝ,3,29,ኅዳር 29,1,1,ANNUAL,YES
Batch3,C,አባ ኖብ,GZ-MEL-122,መልክዐ አባ ኖብ ሰማዕት በግእዝ,ግእዝ,1,18,መስከረም 18,1,1,ANNUAL,YES
Batch3,C,አባ ኖብ,GZ-MEL-122,መልክዐ አባ ኖብ ሰማዕት በግእዝ,ግእዝ,3,7,ኅዳር 7,1,1,ANNUAL,YES
Batch3,C,አባ ኖብ,GZ-MEL-122,መልክዐ አባ ኖብ ሰማዕት በግእዝ,ግእዝ,6,5,የካቲት 5,1,1,ANNUAL,YES
Batch3,C,አባ ኖብ,GZ-MEL-122,መልክዐ አባ ኖብ ሰማዕት በግእዝ,ግእዝ,7,9,መጋቢት 9,1,1,ANNUAL,YES
Batch3,C,አባ ኖብ,GZ-MEL-122,መልክዐ አባ ኖብ ሰማዕት በግእዝ,ግእዝ,10,19,ሰኔ 19,1,1,ANNUAL,YES
Batch3,C,አባ ኖብ,GZ-MEL-122,መልክዐ አባ ኖብ ሰማዕት በግእዝ,ግእዝ,10,23,ሰኔ 23,1,1,ANNUAL,YES
Batch3,C,አባ ኖብ,GZ-MEL-122,መልክዐ አባ ኖብ ሰማዕት በግእዝ,ግእዝ,11,24,ሐምሌ 24,1,1,ANNUAL,YES
Batch3,C,ዓቢየ እግዚእ,GZ-MEL-145,መልክዐ ዓቢየ እግዚእ በግእዝ,ግእዝ,1,19,መስከረም 19,0,0,MONTHLY,YES
Batch3,C,ዓቢየ እግዚእ,GZ-MEL-145,መልክዐ ዓቢየ እግዚእ በግእዝ,ግእዝ,2,19,ጥቅምት 19,0,0,MONTHLY,YES
Batch3,C,ዓቢየ እግዚእ,GZ-MEL-145,መልክዐ ዓቢየ እግዚእ በግእዝ,ግእዝ,3,19,ኅዳር 19,0,0,MONTHLY,YES
Batch3,C,ዓቢየ እግዚእ,GZ-MEL-145,መልክዐ ዓቢየ እግዚእ በግእዝ,ግእዝ,4,19,ታኅሣሥ 19,0,0,MONTHLY,YES
Batch3,C,ዓቢየ እግዚእ,GZ-MEL-145,መልክዐ ዓቢየ እግዚእ በግእዝ,ግእዝ,5,19,ጥር 19,0,0,MONTHLY,YES
Batch3,C,ዓቢየ እግዚእ,GZ-MEL-145,መልክዐ ዓቢየ እግዚእ በግእዝ,ግእዝ,6,19,የካቲት 19,0,0,MONTHLY,YES
Batch3,C,ዓቢየ እግዚእ,GZ-MEL-145,መልክዐ ዓቢየ እግዚእ በግእዝ,ግእዝ,7,19,መጋቢት 19,0,0,MONTHLY,YES
Batch3,C,ዓቢየ እግዚእ,GZ-MEL-145,መልክዐ ዓቢየ እግዚእ በግእዝ,ግእዝ,8,19,ሚያዝያ 19,0,0,MONTHLY,YES
Batch3,C,ዓቢየ እግዚእ,GZ-MEL-145,መልክዐ ዓቢየ እግዚእ በግእዝ,ግእዝ,9,19,ግንቦት 19,1,1,ANNUAL+MONTHLY,YES
Batch3,C,ዓቢየ እግዚእ,GZ-MEL-145,መልክዐ ዓቢየ እግዚእ በግእዝ,ግእዝ,10,19,ሰኔ 19,0,0,MONTHLY,YES
Batch3,C,ዓቢየ እግዚእ,GZ-MEL-145,መልክዐ ዓቢየ እግዚእ በግእዝ,ግእዝ,11,19,ሐምሌ 19,0,0,MONTHLY,YES
Batch3,C,ዓቢየ እግዚእ,GZ-MEL-145,መልክዐ ዓቢየ እግዚእ በግእዝ,ግእዝ,12,10,ነሐሴ 10,1,1,ANNUAL,YES
Batch3,C,ዓቢየ እግዚእ,GZ-MEL-145,መልክዐ ዓቢየ እግዚእ በግእዝ,ግእዝ,12,13,ነሐሴ 13,1,1,ANNUAL,YES
Batch3,C,ዓቢየ እግዚእ,GZ-MEL-145,መልክዐ ዓቢየ እግዚእ በግእዝ,ግእዝ,12,19,ነሐሴ 19,0,0,MONTHLY,YES
Batch3,C,ዘባርክናሃ,GZ-MEL-160,መልክዐ ጻድቃን ዘባርክናሃ በግእዝ,ግእዝ,4,29,ታኅሣሥ 29,1,1,ANNUAL,YES
Batch3,C,ጴጥሮስ,GZ-TSE-007,ጸሎቱ ለጴጥሮስ በግእዝ,ግእዝ,1,5,መስከረም 5,0,0,MONTHLY,YES
Batch3,C,ጴጥሮስ,GZ-TSE-007,ጸሎቱ ለጴጥሮስ በግእዝ,ግእዝ,2,5,ጥቅምት 5,0,0,MONTHLY,YES
Batch3,C,ጴጥሮስ,GZ-TSE-007,ጸሎቱ ለጴጥሮስ በግእዝ,ግእዝ,3,5,ኅዳር 5,0,0,MONTHLY,YES
Batch3,C,ጴጥሮስ,GZ-TSE-007,ጸሎቱ ለጴጥሮስ በግእዝ,ግእዝ,4,1,ታኅሣሥ 1,1,1,ANNUAL,YES
Batch3,C,ጴጥሮስ,GZ-TSE-007,ጸሎቱ ለጴጥሮስ በግእዝ,ግእዝ,4,5,ታኅሣሥ 5,0,0,MONTHLY,YES
Batch3,C,ጴጥሮስ,GZ-TSE-007,ጸሎቱ ለጴጥሮስ በግእዝ,ግእዝ,5,5,ጥር 5,0,0,MONTHLY,YES
Batch3,C,ጴጥሮስ,GZ-TSE-007,ጸሎቱ ለጴጥሮስ በግእዝ,ግእዝ,6,5,የካቲት 5,0,0,MONTHLY,YES
Batch3,C,ጴጥሮስ,GZ-TSE-007,ጸሎቱ ለጴጥሮስ በግእዝ,ግእዝ,6,9,የካቲት 9,1,1,ANNUAL,YES
Batch3,C,ጴጥሮስ,GZ-TSE-007,ጸሎቱ ለጴጥሮስ በግእዝ,ግእዝ,7,5,መጋቢት 5,0,0,MONTHLY,YES
Batch3,C,ጴጥሮስ,GZ-TSE-007,ጸሎቱ ለጴጥሮስ በግእዝ,ግእዝ,8,5,ሚያዝያ 5,0,0,MONTHLY,YES
Batch3,C,ጴጥሮስ,GZ-TSE-007,ጸሎቱ ለጴጥሮስ በግእዝ,ግእዝ,9,5,ግንቦት 5,0,0,MONTHLY,YES
Batch3,C,ጴጥሮስ,GZ-TSE-007,ጸሎቱ ለጴጥሮስ በግእዝ,ግእዝ,10,5,ሰኔ 5,0,0,MONTHLY,YES
Batch3,C,ጴጥሮስ,GZ-TSE-007,ጸሎቱ ለጴጥሮስ በግእዝ,ግእዝ,10,21,ሰኔ 21,1,1,ANNUAL,YES
Batch3,C,ጴጥሮስ,GZ-TSE-007,ጸሎቱ ለጴጥሮስ በግእዝ,ግእዝ,11,5,ሐምሌ 5,1,1,ANNUAL+MONTHLY,YES
Batch3,C,ጴጥሮስ,GZ-TSE-007,ጸሎቱ ለጴጥሮስ በግእዝ,ግእዝ,12,5,ነሐሴ 5,0,0,MONTHLY,YES
Batch3,C,ጴጥሮስ,GZ-TSE-007,ጸሎቱ ለጴጥሮስ በግእዝ,ግእዝ,12,7,ነሐሴ 7,1,1,ANNUAL,YES
Batch3,C,ጴጥሮስ,GZ-TSE-007,ጸሎቱ ለጴጥሮስ በግእዝ,ግእዝ,13,5,ጳጉሜን 5,0,0,MONTHLY,YES
