month,day,kind,position,sinksar_name
1,2,annual,2,ቅዱስ ዳስያ ሰማዕት
1,2,annual,3,ቅዱስ ዲዲሞስ ሰማዕት
1,2,annual,4,ቅድስት መሪና
1,2,monthly,2,ቅዱስ ኢዮብ ጻድቅ ተአጋሲ
1,2,monthly,3,ቅዱስ አቤል ጻድቅ
1,2,monthly,4,ቅዱስ አባ ዻውሊ ገዳማዊ (ታላቁ)
1,2,monthly,5,ቅዱስ ሳዊሮስ ዘአንጾኪያ
1,2,monthly,6,አባ ሕርያቆስ ዘሃገረ ብሕንሳ
1,8,annual,1,ቅዱስ ሙሴ ሊቀ ነቢያት
1,8,annual,2,ቅዱስ ዘካርያስ ካህን (ጻድቅ ነቢይ)
1,8,annual,3,ቅዱስ አሮን ካህን
1,8,annual,4,ቅዱስ ዲማድዮስ ሰማዕት
1,8,monthly,1,ቅዱስ ማትያስ ሐዋርያ (ከ፲፪ቱ ሐዋርያት)
1,8,monthly,3,አባ ብሶይ (ቢሾይ)
1,8,monthly,5,አባ ሳሙኤል ዘደብረ ቀልሞን
1,28,annual,3,ቅድስት ሶስና እናታችን
1,28,annual,4,ቅዱስ ሉቃስ መነኰስ
1,28,annual,5,ቅዱስ ዻውፍርና
1,28,monthly,3,ቅዱስ እንድራኒቆስና ሚስቱ ቅድስት አትናስያ
1,28,monthly,4,ቅድስት ዓመተ ክ ክርስቶስ
1,28,monthly,5,ቅዱስ ቴዎድሮስ ሮማዊ (ሰማዕት)
2,3,annual,1,ቅዱስ ጊዮርጊስ ሐዲስ (ሰማዕት)
2,3,annual,2,አባ ስምዖን ሊቀ ዻዻሳት
2,3,annual,3,ቅዱስ ጎርጎርዮስ ዘአርማንያ
2,3,annual,4,ቅድስት ታኦድራ ልዕልት
2,3,annual,5,ቅድስት ታኦፊላ
2,3,monthly,1,በዓታ ለእግዝእትነ ማርያም ድንግል ወላዲተ አምላክ
2,3,monthly,3,ቅዱሳን ሊቃነ ካህናት አበው (ዘካርያስና ስምዖን)
2,3,monthly,7,ቅዱስ ቄርሎስ ሊቅ (ዓምደ ሃይማኖት)
2,7,annual,1,አባ ባውላ መስተጋድል
2,7,annual,2,አባ ሕዝቅኤል ጻድቅ
2,7,annual,3,ቅዱስ ሚናስ ሰማዕት
2,7,annual,4,ቅዱስ ሐናሲ ሰማዕት
2,7,monthly,1,ሥሉስ ቅዱስ (አብ ወወልድ ወመንፈስ ቅዱስ)
2,7,monthly,3,አባ ሲኖዳ (የባሕታውያን አለቃ)
2,7,monthly,4,አባ ዳንኤል ዘገዳመ ሲሐት
2,7,monthly,5,አባ ባውላ ገዳማዊ
2,7,monthly,6,ቅዱስ አትናቴዎስ ሐዋርያዊ
2,27,annual,2,ቅዱስ መቃርስ ብጹዓዊ
2,27,annual,4,አባ ጽጌ ድንግል ዘወለቃ
2,27,monthly,1,ቅዱስ መቃርስ (የመነኮሳት ሁሉ አለቃ)
2,27,monthly,2,ቅዱስ ያዕቆብ ዘግሙድ
2,27,monthly,3,ቅዱስ ገላውዴዎስ ሰማዕት (ንጉሠ ኢትዮዽያ)
2,27,monthly,4,ቅዱስ ቢፋሞን ጻድቅና ሰማዕት
3,2,annual,1,አባ ዼጥሮስ ሊቀ ዻዻሳት ሣልስ
3,2,annual,2,አባ ሱንትዩ ሊቀ ዻዻሳት
3,2,annual,3,ቅድስት ሴቴንዋ ነቢዪት
3,2,annual,4,ቅድስት አንስጣስያ
3,2,monthly,2,ቅዱስ ኢዮብ ጻድቅ ተአጋሲ
3,2,monthly,3,ቅዱስ አቤል ጻድቅ
3,2,monthly,4,ቅዱስ አባ ዻውሊ ገዳማዊ (ታላቁ)
3,2,monthly,6,ሊቁ አባ ሕርያቆስ
3,2,monthly,7,ቅዱስ ሳዊሮስ ዘአንጾኪያ
3,23,annual,1,ቅዱስ ቆርኔሌዎስ (ሐዋርያዊ ጻድቅ)
3,23,annual,2,ቅዱስ አብድዩ ነቢይ
3,23,monthly,3,ነቢየ ጽድቅ ቅዱስ ሰሎሞን (ንጉሠ እሥራኤል)
3,23,monthly,4,አባ ጢሞቴዎስ ገዳማዊ
3,23,monthly,5,ቅዱስ ዳንኤል ነቢይ
3,23,monthly,6,አባ ሳሙኤል
3,23,monthly,7,አባ ስምዖን
3,23,monthly,8,አባ ገብርኤል
3,28,annual,2,ቅዱስ ሰረባሞን ሰማዕት
3,28,monthly,3,ቅዱስ እንድራኒቆስና ሚስቱ ቅድስት አትናስያ
3,28,monthly,4,ቅድስት ዓመተ ክ ክርስቶስ
3,28,monthly,5,ቅዱስ ቴዎድሮስ ሮማዊ (ሰማዕት)
3,28,monthly,6,ቅዱስ አባዲርና ቅድስት ኢራኢ
4,6,annual,2,"""፩፲፱"" ሰማዕታት (ማሕበሯ)"
4,6,annual,3,ቅዱስ ስምዖን ጻድቅ (ጫማ ሠፊው)
4,6,annual,4,አባ አብርሃም ሶርያዊ
4,6,annual,5,ቅዱስ እንጣልዮስ ሰማዕት
4,12,annual,2,ቅዱሳን አንቂጦስ ወፎጢኖስ (ሰማዕታት)
4,12,annual,3,አባ ነድራ
4,12,annual,4,ቅዱስ ዮሐንስ ተአማኒ
4,12,annual,5,ጉቡዓን ኤዺስ ቆዾሳት
4,12,monthly,3,ቅዱስ ዮሐንስ አፈ ወርቅ
4,12,monthly,5,ቅድስት ክርስቶስ ሠምራ
4,12,monthly,6,ቅዱስ ማቴዎስ ሐዋርያ
4,12,monthly,7,ቅዱስ ድሜጥሮስ ሊቅ
4,13,annual,2,ቅዱስ መቃርስ ገዳማዊ
4,13,annual,3,አባ አብራኮስ ገዳማዊ
4,13,annual,4,ብጽዕት ሐና (የእመቤታችን እናት)
4,13,annual,5,አባ በጽንፍርዮስ ሰማዕት
4,13,annual,6,አባ ሚካኤል ዘቀልሞን
4,13,monthly,3,ቅዱስ አርሳንዮስ ጠቢብ ገዳማዊ
4,13,monthly,5,ቅዱስ አስከናፍር ሮማዊ
4,13,monthly,6,"""፲፫ቱ"" ግኁሳን አበው"
5,7,annual,2,ቅዱስ ሶል ዼጥሮስ
5,7,annual,3,ቅዱስ ኤፍሬም
5,7,annual,4,ቅዱስ ሰሎሞን
5,7,monthly,2,አባ ሲኖዳ (የባሕታውያን አለቃ)
5,7,monthly,3,አባ ዳንኤል ዘገዳመ ሲሐት
5,7,monthly,4,አባ ባውላ ገዳማዊ
5,7,monthly,5,ቅዱስ አትናቴዎስ ሐዋርያዊ
5,11,annual,1,በዓለ ኤዺፋንያ
5,11,annual,4,አባ ወቅሪስ ገዳማዊ
5,11,annual,6,ቅዱስ እንጣልዮስ ሰማዕት
5,11,monthly,2,ማር ገላውዴዎስ ሰማዕት
5,11,monthly,4,ቅድስት ሐና ቡርክት
5,24,annual,2,ቅድስት ማርያ ግብጻዊት
5,24,annual,3,ታላቁ አባ ቢፋ
5,24,annual,4,አባ አብሳዲ ቀሲስ
5,24,annual,5,ቅዱሳን ጻድቃነ ሐውዚን
5,24,monthly,3,ቅዱስ ቶማስ ዘመርዓስ
5,24,monthly,4,ቅዱስ ሙሴ ጸሊም
5,24,monthly,5,ቅዱስ አጋቢጦስ
5,24,monthly,6,፳፬ቱ ካህናተ ሠማይ
6,3,annual,1,ቅዱስ ኤፍሬም ሶርያዊ (አፈ በረከት በዓለ ፍልሰቱ)
6,3,annual,2,ቅዱስ አባ ዕብሎይ ገዳማዊ
6,3,annual,3,አባ ያዕቆብ መስተጋድል
6,3,monthly,1,በዓታ ማርያም
6,3,monthly,3,ቅዱሳን ዘካርያስ ወስምኦን
6,3,monthly,5,አባ መድኀኒነ እግዚኦ
6,11,annual,1,አባ አውሎግ አንበሳዊ
6,11,annual,2,አባ አውሎጊን ጻድቅ (የአባ አውሎግ መምሕር)
6,11,annual,3,አባ በትራ (የጻድቁ አባ ስልዋኖስ ደቀ መዝሙር)
6,11,annual,4,አባ በላትያኖስ ሰማዕት (የሮም ሊቀ ዻዻሳት የነበረ)
6,11,annual,5,አባ አብርሃም ኤዺስ ቆዾስ
6,11,annual,6,አባ መቃቢስ
6,11,annual,7,አባ ኮንቲ
6,11,monthly,2,ቅዱስ ገላውዴዎስ ሰማዕት
6,12,annual,1,"""30,000 ሰማዕታተ ኢትዮዽያ (ሮማዊው ፋሽስት የገደላቸው)"
6,12,annual,2,ቅዱስ ሶምሶን ረዓይታዊ (የእስራኤል መስፍን)
6,12,annual,3,ቅዱስ አባ ገላስዮስ ገዳማዊ
6,12,annual,4,ቅድስት ዶርቃስ
6,12,monthly,2,ቅዱስ ማቴዎስ ሐዋርያ
6,12,monthly,3,ቅዱስ ድሜጥሮስ
6,12,monthly,4,ቅዱስ ዮሐንስ አፈ ወርቅ
6,12,monthly,6,ቅድስት ክርስቶስ ሠምራ
7,10,annual,2,ቅድስት ዕሌኒ ንግሥት
7,10,annual,3,ቅዱስ ኪራኮስ አረጋዊ
7,10,annual,4,ቅዱስ መቃርስ ዘኢየሩሳሌም
7,10,monthly,1,ቅዱስ ናትናኤል ሐዋርያ
7,10,monthly,2,ቅዱስ ኒቆላዎስ ዘሃገረ ሜራ
7,10,monthly,3,ቅዱስ ቆስጠንጢኖስ ጻድቅ ንጉሥ
7,10,monthly,5,ቅዱስ ያዕቆብ ሐዋርያ (ወልደ እልፍዮስ)
7,23,annual,1,ነቢየ እግዚአብሔር ቅዱስ ዳንኤል (የስሙ ትርጏሜ- እግዚአብሔር ፈራጅ ነው ማለት ነው)
7,23,monthly,3,ቅዱስ ሰሎሞን ንጉሠ እስራኤል
7,23,monthly,4,አባ ጢሞቴዎስ ገዳማዊ
7,23,monthly,5,አባ ሳሙኤል
7,23,monthly,6,አባ ስምዖን
7,23,monthly,7,አባ ገብርኤል
7,29,annual,1,ጥንተ ዕለተ ፍጥረት (ዓለም የተፈጠረችበት)
7,29,annual,2,በዓለ ትስብእት (የጌታችን ጽንሰቱ)
7,29,annual,3,ጥንተ በዓለ ትንሳኤ
7,29,annual,4,ዳግም ምጽዐት
7,29,annual,6,ቅዱስ ዻውሎስ ሐዋርያ
7,29,annual,7,ቅዱሳት አንስት (ትንሳኤውን የሰበኩ)
7,29,annual,9,አብርሃ ወአጽብሐ (ጽንሰታቸው)
7,29,annual,10,ቅዱስ ኢያሱ ነቢይ (ጽንሰቱ)
7,29,monthly,2,ቅድስት አርሴማ ድንግል
7,29,monthly,3,ቅዱስ ዼጥሮስ ተፍጻሜተ ሰማዕት
7,29,monthly,4,ቅዱስ ማርቆስ ዘቶርማቅ
8,3,annual,1,ቅዱስ መርቄ ጻድቅ (ክርስቲያናዊ ነጋዴ)
8,3,annual,2,ቅዱስ ዮሐንስ ዘኢየሩሳሌም
8,3,annual,3,አባ ሚካኤል ዘእስክንድርያ
8,3,annual,4,እግዚአብሔር - በእግር የሚራመዱ በክንፍ የሚበሩና በልብ የሚሳቡ በየብስ የሚኖሩ ፍጥረታትን ፈጠረ
8,3,monthly,1,በዓታ ለእግዝእትነ ማርያም ድንግል ወላዲተ አምላክ
8,3,monthly,3,ቅዱሳን ሊቃነ ካህናት አበው (ዘካርያስና ስምዖን)
8,13,annual,1,ቅድስት ዲዮኒስ ዲያቆናዊት (የሐዋርያት ተከታይ የነበረች)
8,13,annual,2,አባ ኢያሱና አባ ዮሴፍ (ሰማዕታት)
8,13,annual,3,ቅዱስ መናድሌዎስ
8,13,annual,4,አባ አኮላቲሞስ
8,13,monthly,3,"""99ኙ"" ነገደ መላዕክት"
8,13,monthly,4,ቅዱስ አስከናፍር
8,13,monthly,5,"""፲፫ቱ"" ግኁሳን አባቶች"
8,13,monthly,6,ቅዱስ አርሳንዮስ ጠቢብ ገዳማዊ
8,19,annual,1,ቅዱስ ስምዖን ሰማዕት (አርማንያዊ)
8,19,annual,2,"""፲፭0"" ቅዱሳን ሰማዕታት (የስምዖን ማሕበር)"
8,19,monthly,2,ቅዱስ ኤስድሮስ ሰማዕት
9,1,annual,1,እመቤታችን ቅድስት ድንግል ማርያም (ልደታ)
9,1,annual,3,ቴክታና በጥሪቃ
9,1,annual,4,አባ ሕርያቆስ ዘሃገረ ብሕንሳ (የእመቤታችንን ቅዳሴ የደረሰበት)
9,1,monthly,2,ቅዱስ በርተሎሜዎስ ሐዋርያ
9,1,monthly,3,ቅዱስ ሚልኪ ትሩፈ ምግባር
9,7,annual,1,ቅዱስ አትናቴዎስ ሐዋርያዊ
9,7,annual,2,የባሕታውያን አለቃ ታላቁ አባ ሲኖዳ (ጽንሰቱ)
9,7,annual,4,አባ ሐርስዮስ ገዳማዊ
9,28,annual,1,ቅድስት ዓመተ ክርስቶስ ተጋዳሊት (ገዳማዊት)
9,28,annual,2,ቅዱስ ኤዺፋንዮስ ሊቅ (ሥጋው ቆዽሮስ የደረሰበት)
9,28,annual,3,አባ መርቆሬዎስ ገዳማዊ
9,28,annual,4,አባ ጌርሎስ (ጻድቅና ሰማዕት)
9,28,annual,5,"""፬፭"" ሰማዕታት (የአባ ጌርሎስ ደቀ መዛሙርት)"
9,28,annual,6,ቅዱስ አጋቦስ ሰማዕት
9,28,monthly,3,ቅዱስ እንድራኒቆስና ሚስቱ ቅድስት አትናስያ
9,28,monthly,4,ቅዱስ ቴዎድሮስ ሮማዊ (ሰማዕት)
10,18,annual,1,አባ ድምያኖስ ጻድቅ ሊቀ ዻዻሳት
10,18,annual,2,ቅዱስ ኤስድሮስ ሰማዕት
10,18,monthly,1,ቅዱስ ፊልዾስ ሐዋርያ
10,18,monthly,2,አቡነ ኤዎስጣቴዎስ ሰባኬ ሃይማኖት (ረባን)
10,18,monthly,3,አቡነ አኖሬዎስ ዘደብረ ጽጋጋ
10,18,monthly,4,ማር ያዕቆብ ግብፃዊ
10,21,annual,1,እመቤታችን ቅድስት ድንግል ማርያም
10,21,annual,2,ቅድስት ቤተ ክርስቲያን
10,21,annual,3,ቅዱሳን ሐዋርያት
10,21,annual,4,ቅዱስ ጴጥሮስ ሊቀ ሐዋርያት
10,21,annual,5,ቅዱሳን ጳውሎስና በርናባስ
10,21,annual,6,ቅዱስ ቶማስ ሐዋርያ
10,21,annual,7,ቅዱስ ባስልዮስ ዘቂሣርያ
10,21,annual,8,ቅዱስ ጢሞቴዎስ ዘምስር (ሰማዕት)
10,21,annual,9,አባ ከላድያኖስ ሊቀ ጳጳሳት
10,21,monthly,1,አበው ጎርጎርዮሳት
10,21,monthly,4,አባ አሮን ሶርያዊ
10,21,monthly,5,አባ መርትያኖስ ጻድቅ
10,28,annual,1,አባ ቴዎዶስዮስ ሊቀ ዻዻሳት
10,28,annual,3,ቅዱስ ባስልዮስ
10,28,annual,4,ቅዱስ ባሊዲስ
10,28,monthly,3,ቅዱስ እንድራኒቆስና ሚስቱ ቅድስት አትናስያ
10,28,monthly,4,ቅድስት ዓመተ ክ ክርስቶስ
10,28,monthly,5,ቅዱስ ቴዎድሮስ ሮማዊ (ሰማዕት)
11,7,annual,2,ብሥራተ ልደተ ይስሐቅ
11,7,annual,3,ታላቁ አባ ሲኖዳ (የባሕታውያን ሁሉ አለቃ)
11,7,annual,6,አባ መቃቢስ
11,7,annual,7,አባ አግራጥስ
11,7,monthly,1,አባ ዳንኤል ዘገዳመ ሲሐት
11,7,monthly,2,አባ ባውላ ገዳማዊ
11,7,monthly,3,ቅዱስ አትናቴዎስ ሐዋርያዊ
11,17,annual,1,ቅዱስ ዮናስ ነቢይ (ከአሣ አንበሪ ሆድ የወጣበት)
11,17,annual,2,ቅድስት አውፎምያ (ጻድቅትና ሰማዕት)
11,17,annual,4,ቅዱስ ዘካርያስ
11,17,monthly,2,ቅዱስ ያዕቆብ ሐዋርያ (ወልደ ዘብዴዎስ)
11,17,monthly,3,ቅዱሳን አበው መክሲሞስና ዱማቴዎስ
11,17,monthly,5,አባ ዸላሞን ፈላሢ
11,17,monthly,6,አባ ለትጹን የዋህ
11,17,monthly,7,ቅዱስ ኤዺፋንዮስ ሊቅ (ዘደሴተ ቆዽሮስ)
11,21,annual,1,ቅድስት ድንግል እግዝእትነ ማርያም ወላዲተ አምላክ
11,21,annual,4,ቅዱስ ላዕከ ማርያም ሔር (ኢትዮዽያዊ)
11,21,annual,6,ብጹዕ አወ ክርስቶስና ሚስቱ (ጻድቃን)
11,21,annual,7,ቅዱስ ሱስንዮስ ጻድቅ
11,21,annual,8,ቅዱስ ዮራኖስ መኮንን (የ100 አለቃው)
11,21,monthly,1,አበው ጎርጎርዮሳት
11,21,monthly,4,አባ አሮን ሶርያዊ
11,21,monthly,5,አባ መርትያኖስ ጻድቅ️
12,14,annual,1,ቅዱስ መስቀለ ክርስቶስ
12,14,annual,2,ጻድቃን ቅዱሳን (አባ ስምዖንና አባ ዮሐንስ)
12,14,annual,3,ቅዱስ ባስሊቆስ (ኃያል ሰማዕት)
12,14,annual,4,ቅዱስ ድምጥያና ደቀ መዛሙርቱ (ሰማዕታት)
12,14,monthly,2,ቅዱስ ገብረ ክርስቶስ መርዓዊ
12,14,monthly,3,ቅዱስ ፊልዾስ ሐዋርያ
12,14,monthly,4,ቅዱስ ሙሴ ( የእግዚአብሔር ሰው)
12,14,monthly,5,አባ ዮሐንስ ጻድቅ
12,14,monthly,6,እናታችን ቅድስት ነሣሒት
12,25,annual,1,ቅዱስ እንድርያኖስ ሰማዕት
12,25,annual,2,"""፳፬ቱ"" ሰማዕታት (ማሕበሩ)"
12,25,annual,3,ቅድስት ኤልያና (ሚስቱ)
12,25,annual,4,ታላቁ አባ ቢጻርዮን ገዳማዊ
12,25,annual,5,ቅዱስ ኤልያኖስና እህቱ አውዶክስያ (ሰማዕታት)
12,25,monthly,2,ቅድስት ቴክላ ሐዋርያዊት
12,25,monthly,3,ቅዱስ አበከረዙን ሰማዕት
12,25,monthly,4,ቅዱስ ዱማድዮስ ሶርያዊ
12,25,monthly,6,ቅዱስ አባ አቡፋና ጻድቅ
12,27,annual,1,"""፲፪ቱ"" ደቂቀ ያዕቆብ (እሥራኤል)"
12,27,annual,2,ቅዱስ ሳሙኤል ነቢይ (የተጠራበት)
12,27,annual,4,ቅዱስ ብንያሚንና እህቱ አውዶከስያ (ሰማዕታት)
12,27,annual,5,ቅዱስ ፊቅጦርና እናቱ ሣራ
12,27,annual,6,አባ ባስልዮስ ፓትርያርክ ዘኢትዮዽያ (የተሾሙበት)
12,27,monthly,2,አቡነ መብአፂዮን
13,2,annual,1,ቅዱስ ቲቶ ሐዋርያ (ከ፯፪ቱ አርድእት)
13,3,annual,1,ርኅወተ ሰማይ (የሰማይ መከፈት)
13,3,annual,4,አፄ ዘርዓያ ዕቆብ ንጉሥ (የእመቤታችን ወዳጅ)
13,3,annual,5,ቅዱስ ሰራዽዮን ዘሰንዱን
13,3,annual,6,ቅዱስ አኖሬዎስ
13,3,annual,7,ቅዱስ ቴዎፍሎስ
13,3,annual,8,አባ ዮሐንስ
13,3,annual,9,ቅዱስ ጦቢት
13,3,annual,10,ቅዱሳን ጦብያና ሣራ
13,4,annual,1,ቅዱስ አባ ባይሞን (ዼሜን)
13,4,annual,3,ቅዱስ ሊባርዮስ ሊቅ
